2026-06-19 23:34:10,405 | DEBUG | app.services.application_service | Company Name: Google
2026-06-19 23:34:10,409 | DEBUG | app.services.application_service | Company Found: None
2026-06-19 23:34:10,423 | DEBUG | app.services.application_service | company CREATED: ID is 1, name=Google
2026-06-19 23:34:10,423 | DEBUG | app.services.application_service | FINAL APPLICATION DATA: {'role': 'Software Developer', 'status': <ApplicationStatus.APPLIED: 'applied'>, 'location': 'Remote', 'job_url': 'https://example.com/job', 'notes': 'Dream job', 'company_id': 1, 'user_id': 1}
2026-06-19 23:34:10,423 | DEBUG | app.repos.application_repository | Repository application before add: <app.models.application.Application object at 0x000001FEA4D6B010>
2026-06-19 23:34:10,425 | DEBUG | app.repos.application_repository | has company_name property: False
2026-06-19 23:34:10,439 | DEBUG | app.repos.application_repository | Repository application after refresh: <app.models.application.Application object at 0x000001FEA4D6B010>
2026-06-19 23:34:10,443 | DEBUG | app.repos.application_repository | Company relation refresh after refresh: <app.models.company.Company object at 0x000001FEA4834ED0>
2026-06-19 23:34:10,443 | DEBUG | app.repos.application_repository | company name after refresh: None
2026-06-19 23:34:10,443 | DEBUG | app.services.application_service | Application company ID: 1
2026-06-19 23:34:10,443 | DEBUG | app.services.application_service | Application name attr: None
2026-06-19 23:34:10,443 | DEBUG | app.api.applications | Route result: <app.models.application.Application object at 0x000001FEA4D6B010>
2026-06-19 23:34:10,443 | DEBUG | app.api.applications | Route result dictionary: {'_sa_instance_state': <sqlalchemy.orm.state.InstanceState object at 0x000001FEA4D713D0>, 'status': <ApplicationStatus.APPLIED: 'applied'>, 'created_at': datetime.datetime(2026, 6, 19, 21, 34, 10, 427867, tzinfo=zoneinfo.ZoneInfo(key='Africa/Johannesburg')), 'deadline': None, 'notes': 'Dream job', 'company_id': 1, 'role': 'Software Developer', 'id': 1, 'location': 'Remote', 'job_url': 'https://example.com/job', 'updated_at': datetime.datetime(2026, 6, 19, 21, 34, 10, 427867, tzinfo=zoneinfo.ZoneInfo(key='Africa/Johannesburg')), 'follow_up_date': None, 'user_id': 1, 'company': <app.models.company.Company object at 0x000001FEA4834ED0>}
2026-06-19 23:34:10,445 | DEBUG | app.api.applications | Route company: <app.models.company.Company object at 0x000001FEA4834ED0>
2026-06-19 23:34:10,445 | DEBUG | app.api.applications | Route company_name: None
2026-06-19 23:41:44,679 | DEBUG | app.services.application_service | Company Name: Google
2026-06-19 23:41:44,692 | DEBUG | app.services.application_service | Company Found: None
2026-06-19 23:41:44,704 | DEBUG | app.services.application_service | company CREATED: ID is 1, name=Google
2026-06-19 23:41:44,704 | DEBUG | app.services.application_service | FINAL APPLICATION DATA: {'role': 'Software Developer', 'status': <ApplicationStatus.APPLIED: 'applied'>, 'location': 'Remote', 'job_url': 'https://example.com/job', 'notes': 'Dream job', 'company_id': 1, 'user_id': 1}
2026-06-19 23:41:44,704 | DEBUG | app.repos.application_repository | Repository application before add: <app.models.application.Application object at 0x000002480C73C4D0>
2026-06-19 23:41:44,704 | DEBUG | app.repos.application_repository | has company_name property: False
2026-06-19 23:41:44,717 | DEBUG | app.repos.application_repository | Repository application after refresh: <app.models.application.Application object at 0x000002480C73C4D0>
2026-06-19 23:41:44,721 | DEBUG | app.repos.application_repository | Company relation refresh after refresh: <app.models.company.Company object at 0x000002480C709C90>
2026-06-19 23:41:44,721 | DEBUG | app.repos.application_repository | company name after refresh: Google
2026-06-19 23:41:44,721 | DEBUG | app.services.application_service | Application company ID: 1
2026-06-19 23:41:44,721 | DEBUG | app.services.application_service | Application name attr: Google
2026-06-19 23:41:44,721 | DEBUG | app.api.applications | Route result: <app.models.application.Application object at 0x000002480C73C4D0>
2026-06-19 23:41:44,721 | DEBUG | app.api.applications | Route result dictionary: {'_sa_instance_state': <sqlalchemy.orm.state.InstanceState object at 0x000002480CBD13D0>, 'location': 'Remote', 'created_at': datetime.datetime(2026, 6, 19, 21, 41, 44, 704801, tzinfo=zoneinfo.ZoneInfo(key='Africa/Johannesburg')), 'deadline': None, 'notes': 'Dream job', 'company_id': 1, 'role': 'Software Developer', 'id': 1, 'status': <ApplicationStatus.APPLIED: 'applied'>, 'job_url': 'https://example.com/job', 'updated_at': datetime.datetime(2026, 6, 19, 21, 41, 44, 704801, tzinfo=zoneinfo.ZoneInfo(key='Africa/Johannesburg')), 'follow_up_date': None, 'user_id': 1, 'company': <app.models.company.Company object at 0x000002480C709C90>}
2026-06-19 23:41:44,725 | DEBUG | app.api.applications | Route company: <app.models.company.Company object at 0x000002480C709C90>
2026-06-19 23:41:44,725 | DEBUG | app.api.applications | Route company_name: Google
2026-06-19 23:42:28,630 | DEBUG | app.services.application_service | Company Name: Google
2026-06-19 23:42:28,633 | DEBUG | app.services.application_service | Company Found: None
2026-06-19 23:42:28,644 | DEBUG | app.services.application_service | company CREATED: ID is 1, name=Google
2026-06-19 23:42:28,644 | DEBUG | app.services.application_service | FINAL APPLICATION DATA: {'role': 'Software Developer', 'status': <ApplicationStatus.APPLIED: 'applied'>, 'location': 'Remote', 'job_url': 'https://example.com/job', 'notes': 'Dream job', 'company_id': 1, 'user_id': 1}
2026-06-19 23:42:28,644 | DEBUG | app.repos.application_repository | Repository application before add: <app.models.application.Application object at 0x000001225A083E50>
2026-06-19 23:42:28,647 | DEBUG | app.repos.application_repository | has company_name property: False
2026-06-19 23:42:28,660 | DEBUG | app.repos.application_repository | Repository application after refresh: <app.models.application.Application object at 0x000001225A083E50>
2026-06-19 23:42:28,660 | DEBUG | app.repos.application_repository | Company relation refresh after refresh: <app.models.company.Company object at 0x000001225981A7D0>
2026-06-19 23:42:28,660 | DEBUG | app.repos.application_repository | company name after refresh: Google
2026-06-19 23:42:28,660 | DEBUG | app.services.application_service | Application company ID: 1
2026-06-19 23:42:28,660 | DEBUG | app.services.application_service | Application name attr: Google
2026-06-19 23:42:28,660 | DEBUG | app.api.applications | Route result: <app.models.application.Application object at 0x000001225A083E50>
2026-06-19 23:42:28,660 | DEBUG | app.api.applications | Route result dictionary: {'_sa_instance_state': <sqlalchemy.orm.state.InstanceState object at 0x000001225A061730>, 'status': <ApplicationStatus.APPLIED: 'applied'>, 'created_at': datetime.datetime(2026, 6, 19, 21, 42, 28, 649262, tzinfo=zoneinfo.ZoneInfo(key='Africa/Johannesburg')), 'deadline': None, 'notes': 'Dream job', 'company_id': 1, 'id': 1, 'role': 'Software Developer', 'location': 'Remote', 'job_url': 'https://example.com/job', 'updated_at': datetime.datetime(2026, 6, 19, 21, 42, 28, 649262, tzinfo=zoneinfo.ZoneInfo(key='Africa/Johannesburg')), 'follow_up_date': None, 'user_id': 1, 'company': <app.models.company.Company object at 0x000001225981A7D0>}
2026-06-19 23:42:28,660 | DEBUG | app.api.applications | Route company: <app.models.company.Company object at 0x000001225981A7D0>
2026-06-19 23:42:28,660 | DEBUG | app.api.applications | Route company_name: Google
2026-06-19 23:42:29,372 | DEBUG | app.services.application_service | Company Name: Microsoft
2026-06-19 23:42:29,372 | DEBUG | app.services.application_service | Company Found: None
2026-06-19 23:42:29,388 | DEBUG | app.services.application_service | company CREATED: ID is 2, name=Microsoft
2026-06-19 23:42:29,388 | DEBUG | app.services.application_service | FINAL APPLICATION DATA: {'role': 'Data Scientist', 'status': <ApplicationStatus.OFFER: 'offer'>, 'location': None, 'job_url': None, 'notes': None, 'company_id': 2, 'user_id': 2}
2026-06-19 23:42:29,388 | DEBUG | app.repos.application_repository | Repository application before add: <app.models.application.Application object at 0x0000012259BC3B10>
2026-06-19 23:42:29,388 | DEBUG | app.repos.application_repository | has company_name property: False
2026-06-19 23:42:29,395 | DEBUG | app.repos.application_repository | Repository application after refresh: <app.models.application.Application object at 0x0000012259BC3B10>
2026-06-19 23:42:29,397 | DEBUG | app.repos.application_repository | Company relation refresh after refresh: <app.models.company.Company object at 0x0000012259BE9790>
2026-06-19 23:42:29,397 | DEBUG | app.repos.application_repository | company name after refresh: Microsoft
2026-06-19 23:42:29,397 | DEBUG | app.services.application_service | Application company ID: 2
2026-06-19 23:42:29,397 | DEBUG | app.services.application_service | Application name attr: Microsoft
2026-06-19 23:42:29,397 | DEBUG | app.api.applications | Route result: <app.models.application.Application object at 0x0000012259BC3B10>
2026-06-19 23:42:29,397 | DEBUG | app.api.applications | Route result dictionary: {'_sa_instance_state': <sqlalchemy.orm.state.InstanceState object at 0x000001225A061DF0>, 'status': <ApplicationStatus.OFFER: 'offer'>, 'created_at': datetime.datetime(2026, 6, 19, 21, 42, 29, 390891, tzinfo=zoneinfo.ZoneInfo(key='Africa/Johannesburg')), 'deadline': None, 'notes': None, 'company_id': 2, 'id': 2, 'role': 'Data Scientist', 'location': None, 'job_url': None, 'updated_at': datetime.datetime(2026, 6, 19, 21, 42, 29, 390891, tzinfo=zoneinfo.ZoneInfo(key='Africa/Johannesburg')), 'follow_up_date': None, 'user_id': 2, 'company': <app.models.company.Company object at 0x0000012259BE9790>}
2026-06-19 23:42:29,397 | DEBUG | app.api.applications | Route company: <app.models.company.Company object at 0x0000012259BE9790>
2026-06-19 23:42:29,400 | DEBUG | app.api.applications | Route company_name: Microsoft
2026-06-19 23:42:30,513 | DEBUG | app.services.application_service | Company Name: Amazon AWS
2026-06-19 23:42:30,517 | DEBUG | app.services.application_service | Company Found: None
2026-06-19 23:42:30,523 | DEBUG | app.services.application_service | company CREATED: ID is 3, name=Amazon AWS
2026-06-19 23:42:30,523 | DEBUG | app.services.application_service | FINAL APPLICATION DATA: {'role': 'Cloud Engineer', 'status': <ApplicationStatus.APPLIED: 'applied'>, 'location': None, 'job_url': None, 'notes': None, 'company_id': 3, 'user_id': 3}
2026-06-19 23:42:30,523 | DEBUG | app.repos.application_repository | Repository application before add: <app.models.application.Application object at 0x000001225A0B4850>
2026-06-19 23:42:30,523 | DEBUG | app.repos.application_repository | has company_name property: False
2026-06-19 23:42:30,531 | DEBUG | app.repos.application_repository | Repository application after refresh: <app.models.application.Application object at 0x000001225A0B4850>
2026-06-19 23:42:30,533 | DEBUG | app.repos.application_repository | Company relation refresh after refresh: <app.models.company.Company object at 0x000001225A0AA910>
2026-06-19 23:42:30,535 | DEBUG | app.repos.application_repository | company name after refresh: Amazon AWS
2026-06-19 23:42:30,535 | DEBUG | app.services.application_service | Application company ID: 3
2026-06-19 23:42:30,535 | DEBUG | app.services.application_service | Application name attr: Amazon AWS
2026-06-19 23:42:30,535 | DEBUG | app.api.applications | Route result: <app.models.application.Application object at 0x000001225A0B4850>
2026-06-19 23:42:30,535 | DEBUG | app.api.applications | Route result dictionary: {'_sa_instance_state': <sqlalchemy.orm.state.InstanceState object at 0x000001225A01F530>, 'status': <ApplicationStatus.APPLIED: 'applied'>, 'created_at': datetime.datetime(2026, 6, 19, 21, 42, 30, 525178, tzinfo=zoneinfo.ZoneInfo(key='Africa/Johannesburg')), 'deadline': None, 'notes': None, 'company_id': 3, 'id': 3, 'role': 'Cloud Engineer', 'location': None, 'job_url': None, 'updated_at': datetime.datetime(2026, 6, 19, 21, 42, 30, 525178, tzinfo=zoneinfo.ZoneInfo(key='Africa/Johannesburg')), 'follow_up_date': None, 'user_id': 3, 'company': <app.models.company.Company object at 0x000001225A0AA910>}
2026-06-19 23:42:30,535 | DEBUG | app.api.applications | Route company: <app.models.company.Company object at 0x000001225A0AA910>
2026-06-19 23:42:30,535 | DEBUG | app.api.applications | Route company_name: Amazon AWS
2026-06-19 23:42:31,396 | DEBUG | app.services.application_service | Company Name: Oracle
2026-06-19 23:42:31,396 | DEBUG | app.services.application_service | Company Found: None
2026-06-19 23:42:31,396 | DEBUG | app.services.application_service | company CREATED: ID is 4, name=Oracle
2026-06-19 23:42:31,396 | DEBUG | app.services.application_service | FINAL APPLICATION DATA: {'role': 'Database Manager', 'status': <ApplicationStatus.WISHLIST: 'wishlist'>, 'location': None, 'job_url': None, 'notes': None, 'company_id': 4, 'user_id': 4}
2026-06-19 23:42:31,396 | DEBUG | app.repos.application_repository | Repository application before add: <app.models.application.Application object at 0x000001225A0B7650>
2026-06-19 23:42:31,396 | DEBUG | app.repos.application_repository | has company_name property: False
2026-06-19 23:42:31,408 | DEBUG | app.repos.application_repository | Repository application after refresh: <app.models.application.Application object at 0x000001225A0B7650>
2026-06-19 23:42:31,408 | DEBUG | app.repos.application_repository | Company relation refresh after refresh: <app.models.company.Company object at 0x0000012259BCD410>
2026-06-19 23:42:31,408 | DEBUG | app.repos.application_repository | company name after refresh: Oracle
2026-06-19 23:42:31,408 | DEBUG | app.services.application_service | Application company ID: 4
2026-06-19 23:42:31,408 | DEBUG | app.services.application_service | Application name attr: Oracle
2026-06-19 23:42:31,408 | DEBUG | app.api.applications | Route result: <app.models.application.Application object at 0x000001225A0B7650>
2026-06-19 23:42:31,408 | DEBUG | app.api.applications | Route result dictionary: {'_sa_instance_state': <sqlalchemy.orm.state.InstanceState object at 0x000001225A063890>, 'status': <ApplicationStatus.WISHLIST: 'wishlist'>, 'created_at': datetime.datetime(2026, 6, 19, 21, 42, 31, 408760, tzinfo=zoneinfo.ZoneInfo(key='Africa/Johannesburg')), 'deadline': None, 'notes': None, 'company_id': 4, 'id': 4, 'role': 'Database Manager', 'location': None, 'job_url': None, 'updated_at': datetime.datetime(2026, 6, 19, 21, 42, 31, 408760, tzinfo=zoneinfo.ZoneInfo(key='Africa/Johannesburg')), 'follow_up_date': None, 'user_id': 4, 'company': <app.models.company.Company object at 0x0000012259BCD410>}
2026-06-19 23:42:31,408 | DEBUG | app.api.applications | Route company: <app.models.company.Company object at 0x0000012259BCD410>
2026-06-19 23:42:31,408 | DEBUG | app.api.applications | Route company_name: Oracle
2026-06-19 23:42:32,160 | DEBUG | app.services.application_service | Company Name: Codecademy
2026-06-19 23:42:32,161 | DEBUG | app.services.application_service | Company Found: None
2026-06-19 23:42:32,161 | DEBUG | app.services.application_service | company CREATED: ID is 5, name=Codecademy
2026-06-19 23:42:32,161 | DEBUG | app.services.application_service | FINAL APPLICATION DATA: {'role': 'Full-Stack Engineer', 'status': <ApplicationStatus.APPLIED: 'applied'>, 'location': None, 'job_url': None, 'notes': None, 'company_id': 5, 'user_id': 5}
2026-06-19 23:42:32,161 | DEBUG | app.repos.application_repository | Repository application before add: <app.models.application.Application object at 0x0000012259C4B290>
2026-06-19 23:42:32,161 | DEBUG | app.repos.application_repository | has company_name property: False
2026-06-19 23:42:32,161 | DEBUG | app.repos.application_repository | Repository application after refresh: <app.models.application.Application object at 0x0000012259C4B290>
2026-06-19 23:42:32,174 | DEBUG | app.repos.application_repository | Company relation refresh after refresh: <app.models.company.Company object at 0x000001225A041650>
2026-06-19 23:42:32,174 | DEBUG | app.repos.application_repository | company name after refresh: Codecademy
2026-06-19 23:42:32,174 | DEBUG | app.services.application_service | Application company ID: 5
2026-06-19 23:42:32,174 | DEBUG | app.services.application_service | Application name attr: Codecademy
2026-06-19 23:42:32,174 | DEBUG | app.api.applications | Route result: <app.models.application.Application object at 0x0000012259C4B290>
2026-06-19 23:42:32,174 | DEBUG | app.api.applications | Route result dictionary: {'_sa_instance_state': <sqlalchemy.orm.state.InstanceState object at 0x000001225A0637D0>, 'status': <ApplicationStatus.APPLIED: 'applied'>, 'created_at': datetime.datetime(2026, 6, 19, 21, 42, 32, 161152, tzinfo=zoneinfo.ZoneInfo(key='Africa/Johannesburg')), 'deadline': None, 'notes': None, 'company_id': 5, 'id': 5, 'role': 'Full-Stack Engineer', 'location': None, 'job_url': None, 'updated_at': datetime.datetime(2026, 6, 19, 21, 42, 32, 161152, tzinfo=zoneinfo.ZoneInfo(key='Africa/Johannesburg')), 'follow_up_date': None, 'user_id': 5, 'company': <app.models.company.Company object at 0x000001225A041650>}
2026-06-19 23:42:32,174 | DEBUG | app.api.applications | Route company: <app.models.company.Company object at 0x000001225A041650>
2026-06-19 23:42:32,174 | DEBUG | app.api.applications | Route company_name: Codecademy
2026-06-19 23:43:12,443 | DEBUG | app.services.application_service | Company Name: Microsoft
2026-06-19 23:43:12,455 | DEBUG | app.services.application_service | Company Found: None
2026-06-19 23:43:12,461 | DEBUG | app.services.application_service | company CREATED: ID is 1, name=Microsoft
2026-06-19 23:43:12,461 | DEBUG | app.services.application_service | FINAL APPLICATION DATA: {'role': 'Software Engineer', 'status': <ApplicationStatus.REJECTED: 'rejected'>, 'location': None, 'job_url': None, 'notes': None, 'company_id': 1, 'user_id': 1}
2026-06-19 23:43:12,461 | DEBUG | app.repos.application_repository | Repository application before add: <app.models.application.Application object at 0x000002A473F27FD0>
2026-06-19 23:43:12,461 | DEBUG | app.repos.application_repository | has company_name property: False
2026-06-19 23:43:12,475 | DEBUG | app.repos.application_repository | Repository application after refresh: <app.models.application.Application object at 0x000002A473F27FD0>
2026-06-19 23:43:12,483 | DEBUG | app.repos.application_repository | Company relation refresh after refresh: <app.models.company.Company object at 0x000002A473F0AE10>
2026-06-19 23:43:12,483 | DEBUG | app.repos.application_repository | company name after refresh: Microsoft
2026-06-19 23:43:12,483 | DEBUG | app.services.application_service | Application company ID: 1
2026-06-19 23:43:12,483 | DEBUG | app.services.application_service | Application name attr: Microsoft
2026-06-19 23:43:12,483 | DEBUG | app.api.applications | Route result: <app.models.application.Application object at 0x000002A473F27FD0>
2026-06-19 23:43:12,483 | DEBUG | app.api.applications | Route result dictionary: {'_sa_instance_state': <sqlalchemy.orm.state.InstanceState object at 0x000002A473EFBB90>, 'status': <ApplicationStatus.REJECTED: 'rejected'>, 'created_at': datetime.datetime(2026, 6, 19, 21, 43, 12, 461467, tzinfo=zoneinfo.ZoneInfo(key='Africa/Johannesburg')), 'deadline': None, 'notes': None, 'company_id': 1, 'role': 'Software Engineer', 'id': 1, 'location': None, 'job_url': None, 'updated_at': datetime.datetime(2026, 6, 19, 21, 43, 12, 461467, tzinfo=zoneinfo.ZoneInfo(key='Africa/Johannesburg')), 'follow_up_date': None, 'user_id': 1, 'company': <app.models.company.Company object at 0x000002A473F0AE10>}
2026-06-19 23:43:12,485 | DEBUG | app.api.applications | Route company: <app.models.company.Company object at 0x000002A473F0AE10>
2026-06-19 23:43:12,485 | DEBUG | app.api.applications | Route company_name: Microsoft
2026-06-19 23:43:12,499 | DEBUG | app.services.application_service | Company Name: Amazon
2026-06-19 23:43:12,499 | DEBUG | app.services.application_service | Company Found: None
2026-06-19 23:43:12,504 | DEBUG | app.services.application_service | company CREATED: ID is 2, name=Amazon
2026-06-19 23:43:12,504 | DEBUG | app.services.application_service | FINAL APPLICATION DATA: {'role': 'Cloud Developer', 'status': <ApplicationStatus.INTERVIEW: 'interview'>, 'location': None, 'job_url': None, 'notes': None, 'company_id': 2, 'user_id': 1}
2026-06-19 23:43:12,504 | DEBUG | app.repos.application_repository | Repository application before add: <app.models.application.Application object at 0x000002A473A4CE10>
2026-06-19 23:43:12,504 | DEBUG | app.repos.application_repository | has company_name property: False
2026-06-19 23:43:12,504 | DEBUG | app.repos.application_repository | Repository application after refresh: <app.models.application.Application object at 0x000002A473A4CE10>
2026-06-19 23:43:12,515 | DEBUG | app.repos.application_repository | Company relation refresh after refresh: <app.models.company.Company object at 0x000002A473A6FB10>
2026-06-19 23:43:12,515 | DEBUG | app.repos.application_repository | company name after refresh: Amazon
2026-06-19 23:43:12,515 | DEBUG | app.services.application_service | Application company ID: 2
2026-06-19 23:43:12,515 | DEBUG | app.services.application_service | Application name attr: Amazon
2026-06-19 23:43:12,515 | DEBUG | app.api.applications | Route result: <app.models.application.Application object at 0x000002A473A4CE10>
2026-06-19 23:43:12,515 | DEBUG | app.api.applications | Route result dictionary: {'_sa_instance_state': <sqlalchemy.orm.state.InstanceState object at 0x000002A473EFB1D0>, 'status': <ApplicationStatus.INTERVIEW: 'interview'>, 'created_at': datetime.datetime(2026, 6, 19, 21, 43, 12, 504646, tzinfo=zoneinfo.ZoneInfo(key='Africa/Johannesburg')), 'deadline': None, 'notes': None, 'company_id': 2, 'role': 'Cloud Developer', 'id': 2, 'location': None, 'job_url': None, 'updated_at': datetime.datetime(2026, 6, 19, 21, 43, 12, 504646, tzinfo=zoneinfo.ZoneInfo(key='Africa/Johannesburg')), 'follow_up_date': None, 'user_id': 1, 'company': <app.models.company.Company object at 0x000002A473A6FB10>}
2026-06-19 23:43:12,515 | DEBUG | app.api.applications | Route company: <app.models.company.Company object at 0x000002A473A6FB10>
2026-06-19 23:43:12,515 | DEBUG | app.api.applications | Route company_name: Amazon
2026-06-19 23:43:13,830 | DEBUG | app.services.application_service | Company Name: Company 0
2026-06-19 23:43:13,830 | DEBUG | app.services.application_service | Company Found: None
2026-06-19 23:43:13,842 | DEBUG | app.services.application_service | company CREATED: ID is 3, name=Company 0
2026-06-19 23:43:13,842 | DEBUG | app.services.application_service | FINAL APPLICATION DATA: {'role': 'Developer', 'status': <ApplicationStatus.APPLIED: 'applied'>, 'location': None, 'job_url': None, 'notes': None, 'company_id': 3, 'user_id': 2}
2026-06-19 23:43:13,842 | DEBUG | app.repos.application_repository | Repository application before add: <app.models.application.Application object at 0x000002A473AF5BD0>
2026-06-19 23:43:13,842 | DEBUG | app.repos.application_repository | has company_name property: False
2026-06-19 23:43:13,842 | DEBUG | app.repos.application_repository | Repository application after refresh: <app.models.application.Application object at 0x000002A473AF5BD0>
2026-06-19 23:43:13,842 | DEBUG | app.repos.application_repository | Company relation refresh after refresh: <app.models.company.Company object at 0x000002A473F08090>
2026-06-19 23:43:13,842 | DEBUG | app.repos.application_repository | company name after refresh: Company 0
2026-06-19 23:43:13,842 | DEBUG | app.services.application_service | Application company ID: 3
2026-06-19 23:43:13,842 | DEBUG | app.services.application_service | Application name attr: Company 0
2026-06-19 23:43:13,842 | DEBUG | app.api.applications | Route result: <app.models.application.Application object at 0x000002A473AF5BD0>
2026-06-19 23:43:13,842 | DEBUG | app.api.applications | Route result dictionary: {'_sa_instance_state': <sqlalchemy.orm.state.InstanceState object at 0x000002A473A67F50>, 'status': <ApplicationStatus.APPLIED: 'applied'>, 'created_at': datetime.datetime(2026, 6, 19, 21, 43, 13, 842856, tzinfo=zoneinfo.ZoneInfo(key='Africa/Johannesburg')), 'deadline': None, 'notes': None, 'company_id': 3, 'role': 'Developer', 'id': 3, 'location': None, 'job_url': None, 'updated_at': datetime.datetime(2026, 6, 19, 21, 43, 13, 842856, tzinfo=zoneinfo.ZoneInfo(key='Africa/Johannesburg')), 'follow_up_date': None, 'user_id': 2, 'company': <app.models.company.Company object at 0x000002A473F08090>}
2026-06-19 23:43:13,842 | DEBUG | app.api.applications | Route company: <app.models.company.Company object at 0x000002A473F08090>
2026-06-19 23:43:13,842 | DEBUG | app.api.applications | Route company_name: Company 0
2026-06-19 23:43:13,865 | DEBUG | app.services.application_service | Company Name: Company 1
2026-06-19 23:43:13,869 | DEBUG | app.services.application_service | Company Found: None
2026-06-19 23:43:13,870 | DEBUG | app.services.application_service | company CREATED: ID is 4, name=Company 1
2026-06-19 23:43:13,870 | DEBUG | app.services.application_service | FINAL APPLICATION DATA: {'role': 'Developer', 'status': <ApplicationStatus.APPLIED: 'applied'>, 'location': None, 'job_url': None, 'notes': None, 'company_id': 4, 'user_id': 2}
2026-06-19 23:43:13,870 | DEBUG | app.repos.application_repository | Repository application before add: <app.models.application.Application object at 0x000002A473F27650>
2026-06-19 23:43:13,870 | DEBUG | app.repos.application_repository | has company_name property: False
2026-06-19 23:43:13,870 | DEBUG | app.repos.application_repository | Repository application after refresh: <app.models.application.Application object at 0x000002A473F27650>
2026-06-19 23:43:13,870 | DEBUG | app.repos.application_repository | Company relation refresh after refresh: <app.models.company.Company object at 0x000002A4739DA410>
2026-06-19 23:43:13,870 | DEBUG | app.repos.application_repository | company name after refresh: Company 1
2026-06-19 23:43:13,870 | DEBUG | app.services.application_service | Application company ID: 4
2026-06-19 23:43:13,870 | DEBUG | app.services.application_service | Application name attr: Company 1
2026-06-19 23:43:13,870 | DEBUG | app.api.applications | Route result: <app.models.application.Application object at 0x000002A473F27650>
2026-06-19 23:43:13,870 | DEBUG | app.api.applications | Route result dictionary: {'_sa_instance_state': <sqlalchemy.orm.state.InstanceState object at 0x000002A473F7A570>, 'status': <ApplicationStatus.APPLIED: 'applied'>, 'created_at': datetime.datetime(2026, 6, 19, 21, 43, 13, 870795, tzinfo=zoneinfo.ZoneInfo(key='Africa/Johannesburg')), 'deadline': None, 'notes': None, 'company_id': 4, 'role': 'Developer', 'id': 4, 'location': None, 'job_url': None, 'updated_at': datetime.datetime(2026, 6, 19, 21, 43, 13, 870795, tzinfo=zoneinfo.ZoneInfo(key='Africa/Johannesburg')), 'follow_up_date': None, 'user_id': 2, 'company': <app.models.company.Company object at 0x000002A4739DA410>}
2026-06-19 23:43:13,870 | DEBUG | app.api.applications | Route company: <app.models.company.Company object at 0x000002A4739DA410>
2026-06-19 23:43:13,870 | DEBUG | app.api.applications | Route company_name: Company 1
2026-06-19 23:43:13,896 | DEBUG | app.services.application_service | Company Name: Company 2
2026-06-19 23:43:13,900 | DEBUG | app.services.application_service | Company Found: None
2026-06-19 23:43:13,904 | DEBUG | app.services.application_service | company CREATED: ID is 5, name=Company 2
2026-06-19 23:43:13,904 | DEBUG | app.services.application_service | FINAL APPLICATION DATA: {'role': 'Developer', 'status': <ApplicationStatus.APPLIED: 'applied'>, 'location': None, 'job_url': None, 'notes': None, 'company_id': 5, 'user_id': 2}
2026-06-19 23:43:13,904 | DEBUG | app.repos.application_repository | Repository application before add: <app.models.application.Application object at 0x000002A473F82710>
2026-06-19 23:43:13,904 | DEBUG | app.repos.application_repository | has company_name property: False
2026-06-19 23:43:13,911 | DEBUG | app.repos.application_repository | Repository application after refresh: <app.models.application.Application object at 0x000002A473F82710>
2026-06-19 23:43:13,911 | DEBUG | app.repos.application_repository | Company relation refresh after refresh: <app.models.company.Company object at 0x000002A473FA1910>
2026-06-19 23:43:13,911 | DEBUG | app.repos.application_repository | company name after refresh: Company 2
2026-06-19 23:43:13,911 | DEBUG | app.services.application_service | Application company ID: 5
2026-06-19 23:43:13,911 | DEBUG | app.services.application_service | Application name attr: Company 2
2026-06-19 23:43:13,911 | DEBUG | app.api.applications | Route result: <app.models.application.Application object at 0x000002A473F82710>
2026-06-19 23:43:13,911 | DEBUG | app.api.applications | Route result dictionary: {'_sa_instance_state': <sqlalchemy.orm.state.InstanceState object at 0x000002A473F7A6F0>, 'status': <ApplicationStatus.APPLIED: 'applied'>, 'created_at': datetime.datetime(2026, 6, 19, 21, 43, 13, 904290, tzinfo=zoneinfo.ZoneInfo(key='Africa/Johannesburg')), 'deadline': None, 'notes': None, 'company_id': 5, 'role': 'Developer', 'id': 5, 'location': None, 'job_url': None, 'updated_at': datetime.datetime(2026, 6, 19, 21, 43, 13, 904290, tzinfo=zoneinfo.ZoneInfo(key='Africa/Johannesburg')), 'follow_up_date': None, 'user_id': 2, 'company': <app.models.company.Company object at 0x000002A473FA1910>}
2026-06-19 23:43:13,911 | DEBUG | app.api.applications | Route company: <app.models.company.Company object at 0x000002A473FA1910>
2026-06-19 23:43:13,911 | DEBUG | app.api.applications | Route company_name: Company 2
2026-06-19 23:43:13,933 | DEBUG | app.services.application_service | Company Name: Company 3
2026-06-19 23:43:13,935 | DEBUG | app.services.application_service | Company Found: None
2026-06-19 23:43:13,937 | DEBUG | app.services.application_service | company CREATED: ID is 6, name=Company 3
2026-06-19 23:43:13,937 | DEBUG | app.services.application_service | FINAL APPLICATION DATA: {'role': 'Developer', 'status': <ApplicationStatus.APPLIED: 'applied'>, 'location': None, 'job_url': None, 'notes': None, 'company_id': 6, 'user_id': 2}
2026-06-19 23:43:13,937 | DEBUG | app.repos.application_repository | Repository application before add: <app.models.application.Application object at 0x000002A473FA3E50>
2026-06-19 23:43:13,937 | DEBUG | app.repos.application_repository | has company_name property: False
2026-06-19 23:43:13,937 | DEBUG | app.repos.application_repository | Repository application after refresh: <app.models.application.Application object at 0x000002A473FA3E50>
2026-06-19 23:43:13,951 | DEBUG | app.repos.application_repository | Company relation refresh after refresh: <app.models.company.Company object at 0x000002A473FA37D0>
2026-06-19 23:43:13,951 | DEBUG | app.repos.application_repository | company name after refresh: Company 3
2026-06-19 23:43:13,951 | DEBUG | app.services.application_service | Application company ID: 6
2026-06-19 23:43:13,951 | DEBUG | app.services.application_service | Application name attr: Company 3
2026-06-19 23:43:13,951 | DEBUG | app.api.applications | Route result: <app.models.application.Application object at 0x000002A473FA3E50>
2026-06-19 23:43:13,951 | DEBUG | app.api.applications | Route result dictionary: {'_sa_instance_state': <sqlalchemy.orm.state.InstanceState object at 0x000002A473F7AA50>, 'status': <ApplicationStatus.APPLIED: 'applied'>, 'created_at': datetime.datetime(2026, 6, 19, 21, 43, 13, 937328, tzinfo=zoneinfo.ZoneInfo(key='Africa/Johannesburg')), 'deadline': None, 'notes': None, 'company_id': 6, 'role': 'Developer', 'id': 6, 'location': None, 'job_url': None, 'updated_at': datetime.datetime(2026, 6, 19, 21, 43, 13, 937328, tzinfo=zoneinfo.ZoneInfo(key='Africa/Johannesburg')), 'follow_up_date': None, 'user_id': 2, 'company': <app.models.company.Company object at 0x000002A473FA37D0>}
2026-06-19 23:43:13,951 | DEBUG | app.api.applications | Route company: <app.models.company.Company object at 0x000002A473FA37D0>
2026-06-19 23:43:13,951 | DEBUG | app.api.applications | Route company_name: Company 3
2026-06-19 23:43:13,966 | DEBUG | app.services.application_service | Company Name: Company 4
2026-06-19 23:43:13,966 | DEBUG | app.services.application_service | Company Found: None
2026-06-19 23:43:13,966 | DEBUG | app.services.application_service | company CREATED: ID is 7, name=Company 4
2026-06-19 23:43:13,966 | DEBUG | app.services.application_service | FINAL APPLICATION DATA: {'role': 'Developer', 'status': <ApplicationStatus.APPLIED: 'applied'>, 'location': None, 'job_url': None, 'notes': None, 'company_id': 7, 'user_id': 2}
2026-06-19 23:43:13,966 | DEBUG | app.repos.application_repository | Repository application before add: <app.models.application.Application object at 0x000002A473F88DD0>
2026-06-19 23:43:13,966 | DEBUG | app.repos.application_repository | has company_name property: False
2026-06-19 23:43:13,966 | DEBUG | app.repos.application_repository | Repository application after refresh: <app.models.application.Application object at 0x000002A473F88DD0>
2026-06-19 23:43:13,966 | DEBUG | app.repos.application_repository | Company relation refresh after refresh: <app.models.company.Company object at 0x000002A473A9DC10>
2026-06-19 23:43:13,966 | DEBUG | app.repos.application_repository | company name after refresh: Company 4
2026-06-19 23:43:13,966 | DEBUG | app.services.application_service | Application company ID: 7
2026-06-19 23:43:13,966 | DEBUG | app.services.application_service | Application name attr: Company 4
2026-06-19 23:43:13,966 | DEBUG | app.api.applications | Route result: <app.models.application.Application object at 0x000002A473F88DD0>
2026-06-19 23:43:13,966 | DEBUG | app.api.applications | Route result dictionary: {'_sa_instance_state': <sqlalchemy.orm.state.InstanceState object at 0x000002A473F7A870>, 'status': <ApplicationStatus.APPLIED: 'applied'>, 'created_at': datetime.datetime(2026, 6, 19, 21, 43, 13, 966819, tzinfo=zoneinfo.ZoneInfo(key='Africa/Johannesburg')), 'deadline': None, 'notes': None, 'company_id': 7, 'role': 'Developer', 'id': 7, 'location': None, 'job_url': None, 'updated_at': datetime.datetime(2026, 6, 19, 21, 43, 13, 966819, tzinfo=zoneinfo.ZoneInfo(key='Africa/Johannesburg')), 'follow_up_date': None, 'user_id': 2, 'company': <app.models.company.Company object at 0x000002A473A9DC10>}
2026-06-19 23:43:13,966 | DEBUG | app.api.applications | Route company: <app.models.company.Company object at 0x000002A473A9DC10>
2026-06-19 23:43:13,982 | DEBUG | app.api.applications | Route company_name: Company 4
2026-06-19 23:43:13,982 | DEBUG | app.services.application_service | Company Name: Company 5
2026-06-19 23:43:13,982 | DEBUG | app.services.application_service | Company Found: None
2026-06-19 23:43:14,000 | DEBUG | app.services.application_service | company CREATED: ID is 8, name=Company 5
2026-06-19 23:43:14,000 | DEBUG | app.services.application_service | FINAL APPLICATION DATA: {'role': 'Developer', 'status': <ApplicationStatus.APPLIED: 'applied'>, 'location': None, 'job_url': None, 'notes': None, 'company_id': 8, 'user_id': 2}
2026-06-19 23:43:14,000 | DEBUG | app.repos.application_repository | Repository application before add: <app.models.application.Application object at 0x000002A473A4CE10>
2026-06-19 23:43:14,000 | DEBUG | app.repos.application_repository | has company_name property: False
2026-06-19 23:43:14,006 | DEBUG | app.repos.application_repository | Repository application after refresh: <app.models.application.Application object at 0x000002A473A4CE10>
2026-06-19 23:43:14,006 | DEBUG | app.repos.application_repository | Company relation refresh after refresh: <app.models.company.Company object at 0x000002A473FA3750>
2026-06-19 23:43:14,006 | DEBUG | app.repos.application_repository | company name after refresh: Company 5
2026-06-19 23:43:14,006 | DEBUG | app.services.application_service | Application company ID: 8
2026-06-19 23:43:14,006 | DEBUG | app.services.application_service | Application name attr: Company 5
2026-06-19 23:43:14,006 | DEBUG | app.api.applications | Route result: <app.models.application.Application object at 0x000002A473A4CE10>
2026-06-19 23:43:14,006 | DEBUG | app.api.applications | Route result dictionary: {'_sa_instance_state': <sqlalchemy.orm.state.InstanceState object at 0x000002A473F7A7B0>, 'status': <ApplicationStatus.APPLIED: 'applied'>, 'created_at': datetime.datetime(2026, 6, 19, 21, 43, 14, 861, tzinfo=zoneinfo.ZoneInfo(key='Africa/Johannesburg')), 'deadline': None, 'notes': None, 'company_id': 8, 'role': 'Developer', 'id': 8, 'location': None, 'job_url': None, 'updated_at': datetime.datetime(2026, 6, 19, 21, 43, 14, 861, tzinfo=zoneinfo.ZoneInfo(key='Africa/Johannesburg')), 'follow_up_date': None, 'user_id': 2, 'company': <app.models.company.Company object at 0x000002A473FA3750>}
2026-06-19 23:43:14,006 | DEBUG | app.api.applications | Route company: <app.models.company.Company object at 0x000002A473FA3750>
2026-06-19 23:43:14,006 | DEBUG | app.api.applications | Route company_name: Company 5
2026-06-19 23:43:14,023 | DEBUG | app.services.application_service | Company Name: Company 6
2026-06-19 23:43:14,027 | DEBUG | app.services.application_service | Company Found: None
2026-06-19 23:43:14,027 | DEBUG | app.services.application_service | company CREATED: ID is 9, name=Company 6
2026-06-19 23:43:14,027 | DEBUG | app.services.application_service | FINAL APPLICATION DATA: {'role': 'Developer', 'status': <ApplicationStatus.APPLIED: 'applied'>, 'location': None, 'job_url': None, 'notes': None, 'company_id': 9, 'user_id': 2}
2026-06-19 23:43:14,027 | DEBUG | app.repos.application_repository | Repository application before add: <app.models.application.Application object at 0x000002A473F27650>
2026-06-19 23:43:14,027 | DEBUG | app.repos.application_repository | has company_name property: False
2026-06-19 23:43:14,027 | DEBUG | app.repos.application_repository | Repository application after refresh: <app.models.application.Application object at 0x000002A473F27650>
2026-06-19 23:43:14,038 | DEBUG | app.repos.application_repository | Company relation refresh after refresh: <app.models.company.Company object at 0x000002A473FA3410>
2026-06-19 23:43:14,038 | DEBUG | app.repos.application_repository | company name after refresh: Company 6
2026-06-19 23:43:14,038 | DEBUG | app.services.application_service | Application company ID: 9
2026-06-19 23:43:14,038 | DEBUG | app.services.application_service | Application name attr: Company 6
2026-06-19 23:43:14,038 | DEBUG | app.api.applications | Route result: <app.models.application.Application object at 0x000002A473F27650>
2026-06-19 23:43:14,038 | DEBUG | app.api.applications | Route result dictionary: {'_sa_instance_state': <sqlalchemy.orm.state.InstanceState object at 0x000002A473F7A9F0>, 'status': <ApplicationStatus.APPLIED: 'applied'>, 'created_at': datetime.datetime(2026, 6, 19, 21, 43, 14, 27041, tzinfo=zoneinfo.ZoneInfo(key='Africa/Johannesburg')), 'deadline': None, 'notes': None, 'company_id': 9, 'role': 'Developer', 'id': 9, 'location': None, 'job_url': None, 'updated_at': datetime.datetime(2026, 6, 19, 21, 43, 14, 27041, tzinfo=zoneinfo.ZoneInfo(key='Africa/Johannesburg')), 'follow_up_date': None, 'user_id': 2, 'company': <app.models.company.Company object at 0x000002A473FA3410>}
2026-06-19 23:43:14,038 | DEBUG | app.api.applications | Route company: <app.models.company.Company object at 0x000002A473FA3410>
2026-06-19 23:43:14,038 | DEBUG | app.api.applications | Route company_name: Company 6
2026-06-19 23:43:14,054 | DEBUG | app.services.application_service | Company Name: Company 7
2026-06-19 23:43:14,054 | DEBUG | app.services.application_service | Company Found: None
2026-06-19 23:43:14,054 | DEBUG | app.services.application_service | company CREATED: ID is 10, name=Company 7
2026-06-19 23:43:14,054 | DEBUG | app.services.application_service | FINAL APPLICATION DATA: {'role': 'Developer', 'status': <ApplicationStatus.APPLIED: 'applied'>, 'location': None, 'job_url': None, 'notes': None, 'company_id': 10, 'user_id': 2}
2026-06-19 23:43:14,054 | DEBUG | app.repos.application_repository | Repository application before add: <app.models.application.Application object at 0x000002A473FA2AD0>
2026-06-19 23:43:14,054 | DEBUG | app.repos.application_repository | has company_name property: False
2026-06-19 23:43:14,054 | DEBUG | app.repos.application_repository | Repository application after refresh: <app.models.application.Application object at 0x000002A473FA2AD0>
2026-06-19 23:43:14,070 | DEBUG | app.repos.application_repository | Company relation refresh after refresh: <app.models.company.Company object at 0x000002A473F09B10>
2026-06-19 23:43:14,070 | DEBUG | app.repos.application_repository | company name after refresh: Company 7
2026-06-19 23:43:14,070 | DEBUG | app.services.application_service | Application company ID: 10
2026-06-19 23:43:14,070 | DEBUG | app.services.application_service | Application name attr: Company 7
2026-06-19 23:43:14,070 | DEBUG | app.api.applications | Route result: <app.models.application.Application object at 0x000002A473FA2AD0>
2026-06-19 23:43:14,070 | DEBUG | app.api.applications | Route result dictionary: {'_sa_instance_state': <sqlalchemy.orm.state.InstanceState object at 0x000002A473F7A9F0>, 'status': <ApplicationStatus.APPLIED: 'applied'>, 'created_at': datetime.datetime(2026, 6, 19, 21, 43, 14, 54916, tzinfo=zoneinfo.ZoneInfo(key='Africa/Johannesburg')), 'deadline': None, 'notes': None, 'company_id': 10, 'role': 'Developer', 'id': 10, 'location': None, 'job_url': None, 'updated_at': datetime.datetime(2026, 6, 19, 21, 43, 14, 54916, tzinfo=zoneinfo.ZoneInfo(key='Africa/Johannesburg')), 'follow_up_date': None, 'user_id': 2, 'company': <app.models.company.Company object at 0x000002A473F09B10>}
2026-06-19 23:43:14,070 | DEBUG | app.api.applications | Route company: <app.models.company.Company object at 0x000002A473F09B10>
2026-06-19 23:43:14,070 | DEBUG | app.api.applications | Route company_name: Company 7
2026-06-19 23:43:14,086 | DEBUG | app.services.application_service | Company Name: Company 8
2026-06-19 23:43:14,089 | DEBUG | app.services.application_service | Company Found: None
2026-06-19 23:43:14,095 | DEBUG | app.services.application_service | company CREATED: ID is 11, name=Company 8
2026-06-19 23:43:14,095 | DEBUG | app.services.application_service | FINAL APPLICATION DATA: {'role': 'Developer', 'status': <ApplicationStatus.APPLIED: 'applied'>, 'location': None, 'job_url': None, 'notes': None, 'company_id': 11, 'user_id': 2}
2026-06-19 23:43:14,095 | DEBUG | app.repos.application_repository | Repository application before add: <app.models.application.Application object at 0x000002A473FA1190>
2026-06-19 23:43:14,095 | DEBUG | app.repos.application_repository | has company_name property: False
2026-06-19 23:43:14,100 | DEBUG | app.repos.application_repository | Repository application after refresh: <app.models.application.Application object at 0x000002A473FA1190>
2026-06-19 23:43:14,104 | DEBUG | app.repos.application_repository | Company relation refresh after refresh: <app.models.company.Company object at 0x000002A473FA2D10>
2026-06-19 23:43:14,104 | DEBUG | app.repos.application_repository | company name after refresh: Company 8
2026-06-19 23:43:14,104 | DEBUG | app.services.application_service | Application company ID: 11
2026-06-19 23:43:14,104 | DEBUG | app.services.application_service | Application name attr: Company 8
2026-06-19 23:43:14,104 | DEBUG | app.api.applications | Route result: <app.models.application.Application object at 0x000002A473FA1190>
2026-06-19 23:43:14,104 | DEBUG | app.api.applications | Route result dictionary: {'_sa_instance_state': <sqlalchemy.orm.state.InstanceState object at 0x000002A473F7A9F0>, 'status': <ApplicationStatus.APPLIED: 'applied'>, 'created_at': datetime.datetime(2026, 6, 19, 21, 43, 14, 97152, tzinfo=zoneinfo.ZoneInfo(key='Africa/Johannesburg')), 'deadline': None, 'notes': None, 'company_id': 11, 'role': 'Developer', 'id': 11, 'location': None, 'job_url': None, 'updated_at': datetime.datetime(2026, 6, 19, 21, 43, 14, 97152, tzinfo=zoneinfo.ZoneInfo(key='Africa/Johannesburg')), 'follow_up_date': None, 'user_id': 2, 'company': <app.models.company.Company object at 0x000002A473FA2D10>}
2026-06-19 23:43:14,104 | DEBUG | app.api.applications | Route company: <app.models.company.Company object at 0x000002A473FA2D10>
2026-06-19 23:43:14,104 | DEBUG | app.api.applications | Route company_name: Company 8
2026-06-19 23:43:14,118 | DEBUG | app.services.application_service | Company Name: Company 9
2026-06-19 23:43:14,118 | DEBUG | app.services.application_service | Company Found: None
2026-06-19 23:43:14,118 | DEBUG | app.services.application_service | company CREATED: ID is 12, name=Company 9
2026-06-19 23:43:14,118 | DEBUG | app.services.application_service | FINAL APPLICATION DATA: {'role': 'Developer', 'status': <ApplicationStatus.APPLIED: 'applied'>, 'location': None, 'job_url': None, 'notes': None, 'company_id': 12, 'user_id': 2}
2026-06-19 23:43:14,118 | DEBUG | app.repos.application_repository | Repository application before add: <app.models.application.Application object at 0x000002A473F89310>
2026-06-19 23:43:14,118 | DEBUG | app.repos.application_repository | has company_name property: False
2026-06-19 23:43:14,118 | DEBUG | app.repos.application_repository | Repository application after refresh: <app.models.application.Application object at 0x000002A473F89310>
2026-06-19 23:43:14,136 | DEBUG | app.repos.application_repository | Company relation refresh after refresh: <app.models.company.Company object at 0x000002A474040CD0>
2026-06-19 23:43:14,136 | DEBUG | app.repos.application_repository | company name after refresh: Company 9
2026-06-19 23:43:14,136 | DEBUG | app.services.application_service | Application company ID: 12
2026-06-19 23:43:14,136 | DEBUG | app.services.application_service | Application name attr: Company 9
2026-06-19 23:43:14,136 | DEBUG | app.api.applications | Route result: <app.models.application.Application object at 0x000002A473F89310>
2026-06-19 23:43:14,136 | DEBUG | app.api.applications | Route result dictionary: {'_sa_instance_state': <sqlalchemy.orm.state.InstanceState object at 0x000002A473F7ADB0>, 'status': <ApplicationStatus.APPLIED: 'applied'>, 'created_at': datetime.datetime(2026, 6, 19, 21, 43, 14, 118574, tzinfo=zoneinfo.ZoneInfo(key='Africa/Johannesburg')), 'deadline': None, 'notes': None, 'company_id': 12, 'role': 'Developer', 'id': 12, 'location': None, 'job_url': None, 'updated_at': datetime.datetime(2026, 6, 19, 21, 43, 14, 118574, tzinfo=zoneinfo.ZoneInfo(key='Africa/Johannesburg')), 'follow_up_date': None, 'user_id': 2, 'company': <app.models.company.Company object at 0x000002A474040CD0>}
2026-06-19 23:43:14,136 | DEBUG | app.api.applications | Route company: <app.models.company.Company object at 0x000002A474040CD0>
2026-06-19 23:43:14,136 | DEBUG | app.api.applications | Route company_name: Company 9
2026-06-19 23:43:14,150 | DEBUG | app.services.application_service | Company Name: Company 10
2026-06-19 23:43:14,150 | DEBUG | app.services.application_service | Company Found: None
2026-06-19 23:43:14,159 | DEBUG | app.services.application_service | company CREATED: ID is 13, name=Company 10
2026-06-19 23:43:14,159 | DEBUG | app.services.application_service | FINAL APPLICATION DATA: {'role': 'Developer', 'status': <ApplicationStatus.APPLIED: 'applied'>, 'location': None, 'job_url': None, 'notes': None, 'company_id': 13, 'user_id': 2}
2026-06-19 23:43:14,160 | DEBUG | app.repos.application_repository | Repository application before add: <app.models.application.Application object at 0x000002A473F245D0>
2026-06-19 23:43:14,160 | DEBUG | app.repos.application_repository | has company_name property: False
2026-06-19 23:43:14,161 | DEBUG | app.repos.application_repository | Repository application after refresh: <app.models.application.Application object at 0x000002A473F245D0>
2026-06-19 23:43:14,161 | DEBUG | app.repos.application_repository | Company relation refresh after refresh: <app.models.company.Company object at 0x000002A473F82250>
2026-06-19 23:43:14,161 | DEBUG | app.repos.application_repository | company name after refresh: Company 10
2026-06-19 23:43:14,161 | DEBUG | app.services.application_service | Application company ID: 13
2026-06-19 23:43:14,161 | DEBUG | app.services.application_service | Application name attr: Company 10
2026-06-19 23:43:14,161 | DEBUG | app.api.applications | Route result: <app.models.application.Application object at 0x000002A473F245D0>
2026-06-19 23:43:14,161 | DEBUG | app.api.applications | Route result dictionary: {'_sa_instance_state': <sqlalchemy.orm.state.InstanceState object at 0x000002A473F7B3B0>, 'status': <ApplicationStatus.APPLIED: 'applied'>, 'created_at': datetime.datetime(2026, 6, 19, 21, 43, 14, 161934, tzinfo=zoneinfo.ZoneInfo(key='Africa/Johannesburg')), 'deadline': None, 'notes': None, 'company_id': 13, 'role': 'Developer', 'id': 13, 'location': None, 'job_url': None, 'updated_at': datetime.datetime(2026, 6, 19, 21, 43, 14, 161934, tzinfo=zoneinfo.ZoneInfo(key='Africa/Johannesburg')), 'follow_up_date': None, 'user_id': 2, 'company': <app.models.company.Company object at 0x000002A473F82250>}
2026-06-19 23:43:14,161 | DEBUG | app.api.applications | Route company: <app.models.company.Company object at 0x000002A473F82250>
2026-06-19 23:43:14,161 | DEBUG | app.api.applications | Route company_name: Company 10
2026-06-19 23:43:14,176 | DEBUG | app.services.application_service | Company Name: Company 11
2026-06-19 23:43:14,176 | DEBUG | app.services.application_service | Company Found: None
2026-06-19 23:43:14,190 | DEBUG | app.services.application_service | company CREATED: ID is 14, name=Company 11
2026-06-19 23:43:14,192 | DEBUG | app.services.application_service | FINAL APPLICATION DATA: {'role': 'Developer', 'status': <ApplicationStatus.APPLIED: 'applied'>, 'location': None, 'job_url': None, 'notes': None, 'company_id': 14, 'user_id': 2}
2026-06-19 23:43:14,192 | DEBUG | app.repos.application_repository | Repository application before add: <app.models.application.Application object at 0x000002A474050850>
2026-06-19 23:43:14,192 | DEBUG | app.repos.application_repository | has company_name property: False
2026-06-19 23:43:14,196 | DEBUG | app.repos.application_repository | Repository application after refresh: <app.models.application.Application object at 0x000002A474050850>
2026-06-19 23:43:14,196 | DEBUG | app.repos.application_repository | Company relation refresh after refresh: <app.models.company.Company object at 0x000002A474042F50>
2026-06-19 23:43:14,196 | DEBUG | app.repos.application_repository | company name after refresh: Company 11
2026-06-19 23:43:14,196 | DEBUG | app.services.application_service | Application company ID: 14
2026-06-19 23:43:14,196 | DEBUG | app.services.application_service | Application name attr: Company 11
2026-06-19 23:43:14,196 | DEBUG | app.api.applications | Route result: <app.models.application.Application object at 0x000002A474050850>
2026-06-19 23:43:14,196 | DEBUG | app.api.applications | Route result dictionary: {'_sa_instance_state': <sqlalchemy.orm.state.InstanceState object at 0x000002A473F7B590>, 'status': <ApplicationStatus.APPLIED: 'applied'>, 'created_at': datetime.datetime(2026, 6, 19, 21, 43, 14, 193231, tzinfo=zoneinfo.ZoneInfo(key='Africa/Johannesburg')), 'deadline': None, 'notes': None, 'company_id': 14, 'role': 'Developer', 'id': 14, 'location': None, 'job_url': None, 'updated_at': datetime.datetime(2026, 6, 19, 21, 43, 14, 193231, tzinfo=zoneinfo.ZoneInfo(key='Africa/Johannesburg')), 'follow_up_date': None, 'user_id': 2, 'company': <app.models.company.Company object at 0x000002A474042F50>}
2026-06-19 23:43:14,196 | DEBUG | app.api.applications | Route company: <app.models.company.Company object at 0x000002A474042F50>
2026-06-19 23:43:14,196 | DEBUG | app.api.applications | Route company_name: Company 11
2026-06-19 23:43:14,206 | DEBUG | app.services.application_service | Company Name: Company 12
2026-06-19 23:43:14,206 | DEBUG | app.services.application_service | Company Found: None
2026-06-19 23:43:14,222 | DEBUG | app.services.application_service | company CREATED: ID is 15, name=Company 12
2026-06-19 23:43:14,222 | DEBUG | app.services.application_service | FINAL APPLICATION DATA: {'role': 'Developer', 'status': <ApplicationStatus.APPLIED: 'applied'>, 'location': None, 'job_url': None, 'notes': None, 'company_id': 15, 'user_id': 2}
2026-06-19 23:43:14,224 | DEBUG | app.repos.application_repository | Repository application before add: <app.models.application.Application object at 0x000002A473F82250>
2026-06-19 23:43:14,224 | DEBUG | app.repos.application_repository | has company_name property: False
2026-06-19 23:43:14,230 | DEBUG | app.repos.application_repository | Repository application after refresh: <app.models.application.Application object at 0x000002A473F82250>
2026-06-19 23:43:14,230 | DEBUG | app.repos.application_repository | Company relation refresh after refresh: <app.models.company.Company object at 0x000002A473F82710>
2026-06-19 23:43:14,230 | DEBUG | app.repos.application_repository | company name after refresh: Company 12
2026-06-19 23:43:14,230 | DEBUG | app.services.application_service | Application company ID: 15
2026-06-19 23:43:14,230 | DEBUG | app.services.application_service | Application name attr: Company 12
2026-06-19 23:43:14,230 | DEBUG | app.api.applications | Route result: <app.models.application.Application object at 0x000002A473F82250>
2026-06-19 23:43:14,230 | DEBUG | app.api.applications | Route result dictionary: {'_sa_instance_state': <sqlalchemy.orm.state.InstanceState object at 0x000002A473F7B770>, 'status': <ApplicationStatus.APPLIED: 'applied'>, 'created_at': datetime.datetime(2026, 6, 19, 21, 43, 14, 224178, tzinfo=zoneinfo.ZoneInfo(key='Africa/Johannesburg')), 'deadline': None, 'notes': None, 'company_id': 15, 'role': 'Developer', 'id': 15, 'location': None, 'job_url': None, 'updated_at': datetime.datetime(2026, 6, 19, 21, 43, 14, 224178, tzinfo=zoneinfo.ZoneInfo(key='Africa/Johannesburg')), 'follow_up_date': None, 'user_id': 2, 'company': <app.models.company.Company object at 0x000002A473F82710>}
2026-06-19 23:43:14,230 | DEBUG | app.api.applications | Route company: <app.models.company.Company object at 0x000002A473F82710>
2026-06-19 23:43:14,230 | DEBUG | app.api.applications | Route company_name: Company 12
2026-06-19 23:43:14,246 | DEBUG | app.services.application_service | Company Name: Company 13
2026-06-19 23:43:14,246 | DEBUG | app.services.application_service | Company Found: None
2026-06-19 23:43:14,246 | DEBUG | app.services.application_service | company CREATED: ID is 16, name=Company 13
2026-06-19 23:43:14,246 | DEBUG | app.services.application_service | FINAL APPLICATION DATA: {'role': 'Developer', 'status': <ApplicationStatus.APPLIED: 'applied'>, 'location': None, 'job_url': None, 'notes': None, 'company_id': 16, 'user_id': 2}
2026-06-19 23:43:14,246 | DEBUG | app.repos.application_repository | Repository application before add: <app.models.application.Application object at 0x000002A473F89E90>
2026-06-19 23:43:14,246 | DEBUG | app.repos.application_repository | has company_name property: False
2026-06-19 23:43:14,260 | DEBUG | app.repos.application_repository | Repository application after refresh: <app.models.application.Application object at 0x000002A473F89E90>
2026-06-19 23:43:14,260 | DEBUG | app.repos.application_repository | Company relation refresh after refresh: <app.models.company.Company object at 0x000002A474053F90>
2026-06-19 23:43:14,260 | DEBUG | app.repos.application_repository | company name after refresh: Company 13
2026-06-19 23:43:14,260 | DEBUG | app.services.application_service | Application company ID: 16
2026-06-19 23:43:14,260 | DEBUG | app.services.application_service | Application name attr: Company 13
2026-06-19 23:43:14,260 | DEBUG | app.api.applications | Route result: <app.models.application.Application object at 0x000002A473F89E90>
2026-06-19 23:43:14,260 | DEBUG | app.api.applications | Route result dictionary: {'_sa_instance_state': <sqlalchemy.orm.state.InstanceState object at 0x000002A473F7B650>, 'status': <ApplicationStatus.APPLIED: 'applied'>, 'created_at': datetime.datetime(2026, 6, 19, 21, 43, 14, 259114, tzinfo=zoneinfo.ZoneInfo(key='Africa/Johannesburg')), 'deadline': None, 'notes': None, 'company_id': 16, 'role': 'Developer', 'id': 16, 'location': None, 'job_url': None, 'updated_at': datetime.datetime(2026, 6, 19, 21, 43, 14, 259114, tzinfo=zoneinfo.ZoneInfo(key='Africa/Johannesburg')), 'follow_up_date': None, 'user_id': 2, 'company': <app.models.company.Company object at 0x000002A474053F90>}
2026-06-19 23:43:14,260 | DEBUG | app.api.applications | Route company: <app.models.company.Company object at 0x000002A474053F90>
2026-06-19 23:43:14,260 | DEBUG | app.api.applications | Route company_name: Company 13
2026-06-19 23:43:14,274 | DEBUG | app.services.application_service | Company Name: Company 14
2026-06-19 23:43:14,274 | DEBUG | app.services.application_service | Company Found: None
2026-06-19 23:43:14,274 | DEBUG | app.services.application_service | company CREATED: ID is 17, name=Company 14
2026-06-19 23:43:14,274 | DEBUG | app.services.application_service | FINAL APPLICATION DATA: {'role': 'Developer', 'status': <ApplicationStatus.APPLIED: 'applied'>, 'location': None, 'job_url': None, 'notes': None, 'company_id': 17, 'user_id': 2}
2026-06-19 23:43:14,274 | DEBUG | app.repos.application_repository | Repository application before add: <app.models.application.Application object at 0x000002A474040490>
2026-06-19 23:43:14,274 | DEBUG | app.repos.application_repository | has company_name property: False
2026-06-19 23:43:14,295 | DEBUG | app.repos.application_repository | Repository application after refresh: <app.models.application.Application object at 0x000002A474040490>
2026-06-19 23:43:14,295 | DEBUG | app.repos.application_repository | Company relation refresh after refresh: <app.models.company.Company object at 0x000002A474050ED0>
2026-06-19 23:43:14,295 | DEBUG | app.repos.application_repository | company name after refresh: Company 14
2026-06-19 23:43:14,295 | DEBUG | app.services.application_service | Application company ID: 17
2026-06-19 23:43:14,295 | DEBUG | app.services.application_service | Application name attr: Company 14
2026-06-19 23:43:14,295 | DEBUG | app.api.applications | Route result: <app.models.application.Application object at 0x000002A474040490>
2026-06-19 23:43:14,295 | DEBUG | app.api.applications | Route result dictionary: {'_sa_instance_state': <sqlalchemy.orm.state.InstanceState object at 0x000002A473F7B2F0>, 'status': <ApplicationStatus.APPLIED: 'applied'>, 'created_at': datetime.datetime(2026, 6, 19, 21, 43, 14, 274804, tzinfo=zoneinfo.ZoneInfo(key='Africa/Johannesburg')), 'deadline': None, 'notes': None, 'company_id': 17, 'role': 'Developer', 'id': 17, 'location': None, 'job_url': None, 'updated_at': datetime.datetime(2026, 6, 19, 21, 43, 14, 274804, tzinfo=zoneinfo.ZoneInfo(key='Africa/Johannesburg')), 'follow_up_date': None, 'user_id': 2, 'company': <app.models.company.Company object at 0x000002A474050ED0>}
2026-06-19 23:43:14,295 | DEBUG | app.api.applications | Route company: <app.models.company.Company object at 0x000002A474050ED0>
2026-06-19 23:43:14,295 | DEBUG | app.api.applications | Route company_name: Company 14
2026-06-19 23:43:15,506 | DEBUG | app.services.application_service | Company Name: Company 0
2026-06-19 23:43:15,510 | DEBUG | app.services.application_service | Company Found: None
2026-06-19 23:43:15,516 | DEBUG | app.services.application_service | company CREATED: ID is 18, name=Company 0
2026-06-19 23:43:15,516 | DEBUG | app.services.application_service | FINAL APPLICATION DATA: {'role': 'Developer', 'status': <ApplicationStatus.APPLIED: 'applied'>, 'location': None, 'job_url': None, 'notes': None, 'company_id': 18, 'user_id': 3}
2026-06-19 23:43:15,516 | DEBUG | app.repos.application_repository | Repository application before add: <app.models.application.Application object at 0x000002A473F8B210>
2026-06-19 23:43:15,516 | DEBUG | app.repos.application_repository | has company_name property: False
2026-06-19 23:43:15,528 | DEBUG | app.repos.application_repository | Repository application after refresh: <app.models.application.Application object at 0x000002A473F8B210>
2026-06-19 23:43:15,553 | DEBUG | app.repos.application_repository | Company relation refresh after refresh: <app.models.company.Company object at 0x000002A473F27650>
2026-06-19 23:43:15,553 | DEBUG | app.repos.application_repository | company name after refresh: Company 0
2026-06-19 23:43:15,553 | DEBUG | app.services.application_service | Application company ID: 18
2026-06-19 23:43:15,553 | DEBUG | app.services.application_service | Application name attr: Company 0
2026-06-19 23:43:15,553 | DEBUG | app.api.applications | Route result: <app.models.application.Application object at 0x000002A473F8B210>
2026-06-19 23:43:15,555 | DEBUG | app.api.applications | Route result dictionary: {'_sa_instance_state': <sqlalchemy.orm.state.InstanceState object at 0x000002A473E766F0>, 'status': <ApplicationStatus.APPLIED: 'applied'>, 'created_at': datetime.datetime(2026, 6, 19, 21, 43, 15, 518359, tzinfo=zoneinfo.ZoneInfo(key='Africa/Johannesburg')), 'deadline': None, 'notes': None, 'company_id': 18, 'role': 'Developer', 'id': 18, 'location': None, 'job_url': None, 'updated_at': datetime.datetime(2026, 6, 19, 21, 43, 15, 518359, tzinfo=zoneinfo.ZoneInfo(key='Africa/Johannesburg')), 'follow_up_date': None, 'user_id': 3, 'company': <app.models.company.Company object at 0x000002A473F27650>}
2026-06-19 23:43:15,555 | DEBUG | app.api.applications | Route company: <app.models.company.Company object at 0x000002A473F27650>
2026-06-19 23:43:15,555 | DEBUG | app.api.applications | Route company_name: Company 0
2026-06-19 23:43:15,686 | DEBUG | app.services.application_service | Company Name: Company 1
2026-06-19 23:43:15,690 | DEBUG | app.services.application_service | Company Found: None
2026-06-19 23:43:15,699 | DEBUG | app.services.application_service | company CREATED: ID is 19, name=Company 1
2026-06-19 23:43:15,699 | DEBUG | app.services.application_service | FINAL APPLICATION DATA: {'role': 'Developer', 'status': <ApplicationStatus.APPLIED: 'applied'>, 'location': None, 'job_url': None, 'notes': None, 'company_id': 19, 'user_id': 3}
2026-06-19 23:43:15,699 | DEBUG | app.repos.application_repository | Repository application before add: <app.models.application.Application object at 0x000002A473A4CA50>
2026-06-19 23:43:15,701 | DEBUG | app.repos.application_repository | has company_name property: False
2026-06-19 23:43:15,701 | DEBUG | app.repos.application_repository | Repository application after refresh: <app.models.application.Application object at 0x000002A473A4CA50>
2026-06-19 23:43:15,710 | DEBUG | app.repos.application_repository | Company relation refresh after refresh: <app.models.company.Company object at 0x000002A473F8B8D0>
2026-06-19 23:43:15,710 | DEBUG | app.repos.application_repository | company name after refresh: Company 1
2026-06-19 23:43:15,710 | DEBUG | app.services.application_service | Application company ID: 19
2026-06-19 23:43:15,710 | DEBUG | app.services.application_service | Application name attr: Company 1
2026-06-19 23:43:15,710 | DEBUG | app.api.applications | Route result: <app.models.application.Application object at 0x000002A473A4CA50>
2026-06-19 23:43:15,713 | DEBUG | app.api.applications | Route result dictionary: {'_sa_instance_state': <sqlalchemy.orm.state.InstanceState object at 0x000002A473F78110>, 'status': <ApplicationStatus.APPLIED: 'applied'>, 'created_at': datetime.datetime(2026, 6, 19, 21, 43, 15, 701949, tzinfo=zoneinfo.ZoneInfo(key='Africa/Johannesburg')), 'deadline': None, 'notes': None, 'company_id': 19, 'role': 'Developer', 'id': 19, 'location': None, 'job_url': None, 'updated_at': datetime.datetime(2026, 6, 19, 21, 43, 15, 701949, tzinfo=zoneinfo.ZoneInfo(key='Africa/Johannesburg')), 'follow_up_date': None, 'user_id': 3, 'company': <app.models.company.Company object at 0x000002A473F8B8D0>}
2026-06-19 23:43:15,713 | DEBUG | app.api.applications | Route company: <app.models.company.Company object at 0x000002A473F8B8D0>
2026-06-19 23:43:15,713 | DEBUG | app.api.applications | Route company_name: Company 1
2026-06-19 23:43:15,735 | DEBUG | app.services.application_service | Company Name: Company 2
2026-06-19 23:43:15,738 | DEBUG | app.services.application_service | Company Found: None
2026-06-19 23:43:15,741 | DEBUG | app.services.application_service | company CREATED: ID is 20, name=Company 2
2026-06-19 23:43:15,747 | DEBUG | app.services.application_service | FINAL APPLICATION DATA: {'role': 'Developer', 'status': <ApplicationStatus.APPLIED: 'applied'>, 'location': None, 'job_url': None, 'notes': None, 'company_id': 20, 'user_id': 3}
2026-06-19 23:43:15,747 | DEBUG | app.repos.application_repository | Repository application before add: <app.models.application.Application object at 0x000002A474040A90>
2026-06-19 23:43:15,747 | DEBUG | app.repos.application_repository | has company_name property: False
2026-06-19 23:43:15,749 | DEBUG | app.repos.application_repository | Repository application after refresh: <app.models.application.Application object at 0x000002A474040A90>
2026-06-19 23:43:15,757 | DEBUG | app.repos.application_repository | Company relation refresh after refresh: <app.models.company.Company object at 0x000002A473F8B1D0>
2026-06-19 23:43:15,757 | DEBUG | app.repos.application_repository | company name after refresh: Company 2
2026-06-19 23:43:15,757 | DEBUG | app.services.application_service | Application company ID: 20
2026-06-19 23:43:15,759 | DEBUG | app.services.application_service | Application name attr: Company 2
2026-06-19 23:43:15,759 | DEBUG | app.api.applications | Route result: <app.models.application.Application object at 0x000002A474040A90>
2026-06-19 23:43:15,759 | DEBUG | app.api.applications | Route result dictionary: {'_sa_instance_state': <sqlalchemy.orm.state.InstanceState object at 0x000002A473F78110>, 'status': <ApplicationStatus.APPLIED: 'applied'>, 'created_at': datetime.datetime(2026, 6, 19, 21, 43, 15, 749191, tzinfo=zoneinfo.ZoneInfo(key='Africa/Johannesburg')), 'deadline': None, 'notes': None, 'company_id': 20, 'role': 'Developer', 'id': 20, 'location': None, 'job_url': None, 'updated_at': datetime.datetime(2026, 6, 19, 21, 43, 15, 749191, tzinfo=zoneinfo.ZoneInfo(key='Africa/Johannesburg')), 'follow_up_date': None, 'user_id': 3, 'company': <app.models.company.Company object at 0x000002A473F8B1D0>}
2026-06-19 23:43:15,759 | DEBUG | app.api.applications | Route company: <app.models.company.Company object at 0x000002A473F8B1D0>
2026-06-19 23:43:15,759 | DEBUG | app.api.applications | Route company_name: Company 2
2026-06-19 23:43:15,778 | DEBUG | app.services.application_service | Company Name: Company 3
2026-06-19 23:43:15,786 | DEBUG | app.services.application_service | Company Found: None
2026-06-19 23:43:15,786 | DEBUG | app.services.application_service | company CREATED: ID is 21, name=Company 3
2026-06-19 23:43:15,794 | DEBUG | app.services.application_service | FINAL APPLICATION DATA: {'role': 'Developer', 'status': <ApplicationStatus.APPLIED: 'applied'>, 'location': None, 'job_url': None, 'notes': None, 'company_id': 21, 'user_id': 3}
2026-06-19 23:43:15,794 | DEBUG | app.repos.application_repository | Repository application before add: <app.models.application.Application object at 0x000002A473A6CE10>
2026-06-19 23:43:15,794 | DEBUG | app.repos.application_repository | has company_name property: False
2026-06-19 23:43:15,796 | DEBUG | app.repos.application_repository | Repository application after refresh: <app.models.application.Application object at 0x000002A473A6CE10>
2026-06-19 23:43:15,802 | DEBUG | app.repos.application_repository | Company relation refresh after refresh: <app.models.company.Company object at 0x000002A473F8AE10>
2026-06-19 23:43:15,802 | DEBUG | app.repos.application_repository | company name after refresh: Company 3
2026-06-19 23:43:15,802 | DEBUG | app.services.application_service | Application company ID: 21
2026-06-19 23:43:15,802 | DEBUG | app.services.application_service | Application name attr: Company 3
2026-06-19 23:43:15,802 | DEBUG | app.api.applications | Route result: <app.models.application.Application object at 0x000002A473A6CE10>
2026-06-19 23:43:15,802 | DEBUG | app.api.applications | Route result dictionary: {'_sa_instance_state': <sqlalchemy.orm.state.InstanceState object at 0x000002A473F78050>, 'status': <ApplicationStatus.APPLIED: 'applied'>, 'created_at': datetime.datetime(2026, 6, 19, 21, 43, 15, 796552, tzinfo=zoneinfo.ZoneInfo(key='Africa/Johannesburg')), 'deadline': None, 'notes': None, 'company_id': 21, 'role': 'Developer', 'id': 21, 'location': None, 'job_url': None, 'updated_at': datetime.datetime(2026, 6, 19, 21, 43, 15, 796552, tzinfo=zoneinfo.ZoneInfo(key='Africa/Johannesburg')), 'follow_up_date': None, 'user_id': 3, 'company': <app.models.company.Company object at 0x000002A473F8AE10>}
2026-06-19 23:43:15,805 | DEBUG | app.api.applications | Route company: <app.models.company.Company object at 0x000002A473F8AE10>
2026-06-19 23:43:15,805 | DEBUG | app.api.applications | Route company_name: Company 3
2026-06-19 23:43:15,826 | DEBUG | app.services.application_service | Company Name: Company 4
2026-06-19 23:43:15,828 | DEBUG | app.services.application_service | Company Found: None
2026-06-19 23:43:15,833 | DEBUG | app.services.application_service | company CREATED: ID is 22, name=Company 4
2026-06-19 23:43:15,833 | DEBUG | app.services.application_service | FINAL APPLICATION DATA: {'role': 'Developer', 'status': <ApplicationStatus.APPLIED: 'applied'>, 'location': None, 'job_url': None, 'notes': None, 'company_id': 22, 'user_id': 3}
2026-06-19 23:43:15,833 | DEBUG | app.repos.application_repository | Repository application before add: <app.models.application.Application object at 0x000002A474053350>
2026-06-19 23:43:15,833 | DEBUG | app.repos.application_repository | has company_name property: False
2026-06-19 23:43:15,842 | DEBUG | app.repos.application_repository | Repository application after refresh: <app.models.application.Application object at 0x000002A474053350>
2026-06-19 23:43:15,842 | DEBUG | app.repos.application_repository | Company relation refresh after refresh: <app.models.company.Company object at 0x000002A474053990>
2026-06-19 23:43:15,842 | DEBUG | app.repos.application_repository | company name after refresh: Company 4
2026-06-19 23:43:15,842 | DEBUG | app.services.application_service | Application company ID: 22
2026-06-19 23:43:15,842 | DEBUG | app.services.application_service | Application name attr: Company 4
2026-06-19 23:43:15,842 | DEBUG | app.api.applications | Route result: <app.models.application.Application object at 0x000002A474053350>
2026-06-19 23:43:15,842 | DEBUG | app.api.applications | Route result dictionary: {'_sa_instance_state': <sqlalchemy.orm.state.InstanceState object at 0x000002A473F7A750>, 'status': <ApplicationStatus.APPLIED: 'applied'>, 'created_at': datetime.datetime(2026, 6, 19, 21, 43, 15, 836646, tzinfo=zoneinfo.ZoneInfo(key='Africa/Johannesburg')), 'deadline': None, 'notes': None, 'company_id': 22, 'role': 'Developer', 'id': 22, 'location': None, 'job_url': None, 'updated_at': datetime.datetime(2026, 6, 19, 21, 43, 15, 836646, tzinfo=zoneinfo.ZoneInfo(key='Africa/Johannesburg')), 'follow_up_date': None, 'user_id': 3, 'company': <app.models.company.Company object at 0x000002A474053990>}
2026-06-19 23:43:15,842 | DEBUG | app.api.applications | Route company: <app.models.company.Company object at 0x000002A474053990>
2026-06-19 23:43:15,842 | DEBUG | app.api.applications | Route company_name: Company 4
2026-06-19 23:43:15,928 | DEBUG | app.services.application_service | Company Name: Company 5
2026-06-19 23:43:15,930 | DEBUG | app.services.application_service | Company Found: None
2026-06-19 23:43:15,936 | DEBUG | app.services.application_service | company CREATED: ID is 23, name=Company 5
2026-06-19 23:43:15,936 | DEBUG | app.services.application_service | FINAL APPLICATION DATA: {'role': 'Developer', 'status': <ApplicationStatus.APPLIED: 'applied'>, 'location': None, 'job_url': None, 'notes': None, 'company_id': 23, 'user_id': 3}
2026-06-19 23:43:15,938 | DEBUG | app.repos.application_repository | Repository application before add: <app.models.application.Application object at 0x000002A473E97E10>
2026-06-19 23:43:15,938 | DEBUG | app.repos.application_repository | has company_name property: False
2026-06-19 23:43:15,944 | DEBUG | app.repos.application_repository | Repository application after refresh: <app.models.application.Application object at 0x000002A473E97E10>
2026-06-19 23:43:15,948 | DEBUG | app.repos.application_repository | Company relation refresh after refresh: <app.models.company.Company object at 0x000002A473B0D6D0>
2026-06-19 23:43:15,948 | DEBUG | app.repos.application_repository | company name after refresh: Company 5
2026-06-19 23:43:15,948 | DEBUG | app.services.application_service | Application company ID: 23
2026-06-19 23:43:15,948 | DEBUG | app.services.application_service | Application name attr: Company 5
2026-06-19 23:43:15,948 | DEBUG | app.api.applications | Route result: <app.models.application.Application object at 0x000002A473E97E10>
2026-06-19 23:43:15,948 | DEBUG | app.api.applications | Route result dictionary: {'_sa_instance_state': <sqlalchemy.orm.state.InstanceState object at 0x000002A473F7AA50>, 'status': <ApplicationStatus.APPLIED: 'applied'>, 'created_at': datetime.datetime(2026, 6, 19, 21, 43, 15, 938685, tzinfo=zoneinfo.ZoneInfo(key='Africa/Johannesburg')), 'deadline': None, 'notes': None, 'company_id': 23, 'role': 'Developer', 'id': 23, 'location': None, 'job_url': None, 'updated_at': datetime.datetime(2026, 6, 19, 21, 43, 15, 938685, tzinfo=zoneinfo.ZoneInfo(key='Africa/Johannesburg')), 'follow_up_date': None, 'user_id': 3, 'company': <app.models.company.Company object at 0x000002A473B0D6D0>}
2026-06-19 23:43:15,948 | DEBUG | app.api.applications | Route company: <app.models.company.Company object at 0x000002A473B0D6D0>
2026-06-19 23:43:15,948 | DEBUG | app.api.applications | Route company_name: Company 5
2026-06-19 23:43:15,982 | DEBUG | app.services.application_service | Company Name: Company 6
2026-06-19 23:43:15,986 | DEBUG | app.services.application_service | Company Found: None
2026-06-19 23:43:15,992 | DEBUG | app.services.application_service | company CREATED: ID is 24, name=Company 6
2026-06-19 23:43:15,994 | DEBUG | app.services.application_service | FINAL APPLICATION DATA: {'role': 'Developer', 'status': <ApplicationStatus.APPLIED: 'applied'>, 'location': None, 'job_url': None, 'notes': None, 'company_id': 24, 'user_id': 3}
2026-06-19 23:43:15,994 | DEBUG | app.repos.application_repository | Repository application before add: <app.models.application.Application object at 0x000002A47398E210>
2026-06-19 23:43:15,994 | DEBUG | app.repos.application_repository | has company_name property: False
2026-06-19 23:43:16,001 | DEBUG | app.repos.application_repository | Repository application after refresh: <app.models.application.Application object at 0x000002A47398E210>
2026-06-19 23:43:16,001 | DEBUG | app.repos.application_repository | Company relation refresh after refresh: <app.models.company.Company object at 0x000002A474051350>
2026-06-19 23:43:16,001 | DEBUG | app.repos.application_repository | company name after refresh: Company 6
2026-06-19 23:43:16,001 | DEBUG | app.services.application_service | Application company ID: 24
2026-06-19 23:43:16,001 | DEBUG | app.services.application_service | Application name attr: Company 6
2026-06-19 23:43:16,001 | DEBUG | app.api.applications | Route result: <app.models.application.Application object at 0x000002A47398E210>
2026-06-19 23:43:16,001 | DEBUG | app.api.applications | Route result dictionary: {'_sa_instance_state': <sqlalchemy.orm.state.InstanceState object at 0x000002A473F7A7B0>, 'status': <ApplicationStatus.APPLIED: 'applied'>, 'created_at': datetime.datetime(2026, 6, 19, 21, 43, 15, 994930, tzinfo=zoneinfo.ZoneInfo(key='Africa/Johannesburg')), 'deadline': None, 'notes': None, 'company_id': 24, 'role': 'Developer', 'id': 24, 'location': None, 'job_url': None, 'updated_at': datetime.datetime(2026, 6, 19, 21, 43, 15, 994930, tzinfo=zoneinfo.ZoneInfo(key='Africa/Johannesburg')), 'follow_up_date': None, 'user_id': 3, 'company': <app.models.company.Company object at 0x000002A474051350>}
2026-06-19 23:43:16,001 | DEBUG | app.api.applications | Route company: <app.models.company.Company object at 0x000002A474051350>
2026-06-19 23:43:16,001 | DEBUG | app.api.applications | Route company_name: Company 6
2026-06-19 23:43:16,016 | DEBUG | app.services.application_service | Company Name: Company 7
2026-06-19 23:43:16,016 | DEBUG | app.services.application_service | Company Found: None
2026-06-19 23:43:16,024 | DEBUG | app.services.application_service | company CREATED: ID is 25, name=Company 7
2026-06-19 23:43:16,024 | DEBUG | app.services.application_service | FINAL APPLICATION DATA: {'role': 'Developer', 'status': <ApplicationStatus.APPLIED: 'applied'>, 'location': None, 'job_url': None, 'notes': None, 'company_id': 25, 'user_id': 3}
2026-06-19 23:43:16,024 | DEBUG | app.repos.application_repository | Repository application before add: <app.models.application.Application object at 0x000002A473F88E10>
2026-06-19 23:43:16,024 | DEBUG | app.repos.application_repository | has company_name property: False
2026-06-19 23:43:16,032 | DEBUG | app.repos.application_repository | Repository application after refresh: <app.models.application.Application object at 0x000002A473F88E10>
2026-06-19 23:43:16,032 | DEBUG | app.repos.application_repository | Company relation refresh after refresh: <app.models.company.Company object at 0x000002A474053E10>
2026-06-19 23:43:16,032 | DEBUG | app.repos.application_repository | company name after refresh: Company 7
2026-06-19 23:43:16,032 | DEBUG | app.services.application_service | Application company ID: 25
2026-06-19 23:43:16,032 | DEBUG | app.services.application_service | Application name attr: Company 7
2026-06-19 23:43:16,032 | DEBUG | app.api.applications | Route result: <app.models.application.Application object at 0x000002A473F88E10>
2026-06-19 23:43:16,032 | DEBUG | app.api.applications | Route result dictionary: {'_sa_instance_state': <sqlalchemy.orm.state.InstanceState object at 0x000002A473F7A4B0>, 'status': <ApplicationStatus.APPLIED: 'applied'>, 'created_at': datetime.datetime(2026, 6, 19, 21, 43, 16, 24006, tzinfo=zoneinfo.ZoneInfo(key='Africa/Johannesburg')), 'deadline': None, 'notes': None, 'company_id': 25, 'role': 'Developer', 'id': 25, 'location': None, 'job_url': None, 'updated_at': datetime.datetime(2026, 6, 19, 21, 43, 16, 24006, tzinfo=zoneinfo.ZoneInfo(key='Africa/Johannesburg')), 'follow_up_date': None, 'user_id': 3, 'company': <app.models.company.Company object at 0x000002A474053E10>}
2026-06-19 23:43:16,032 | DEBUG | app.api.applications | Route company: <app.models.company.Company object at 0x000002A474053E10>
2026-06-19 23:43:16,032 | DEBUG | app.api.applications | Route company_name: Company 7
2026-06-19 23:43:16,048 | DEBUG | app.services.application_service | Company Name: Company 8
2026-06-19 23:43:16,048 | DEBUG | app.services.application_service | Company Found: None
2026-06-19 23:43:16,058 | DEBUG | app.services.application_service | company CREATED: ID is 26, name=Company 8
2026-06-19 23:43:16,058 | DEBUG | app.services.application_service | FINAL APPLICATION DATA: {'role': 'Developer', 'status': <ApplicationStatus.APPLIED: 'applied'>, 'location': None, 'job_url': None, 'notes': None, 'company_id': 26, 'user_id': 3}
2026-06-19 23:43:16,058 | DEBUG | app.repos.application_repository | Repository application before add: <app.models.application.Application object at 0x000002A474040E50>
2026-06-19 23:43:16,058 | DEBUG | app.repos.application_repository | has company_name property: False
2026-06-19 23:43:16,064 | DEBUG | app.repos.application_repository | Repository application after refresh: <app.models.application.Application object at 0x000002A474040E50>
2026-06-19 23:43:16,067 | DEBUG | app.repos.application_repository | Company relation refresh after refresh: <app.models.company.Company object at 0x000002A473FA1610>
2026-06-19 23:43:16,067 | DEBUG | app.repos.application_repository | company name after refresh: Company 8
2026-06-19 23:43:16,067 | DEBUG | app.services.application_service | Application company ID: 26
2026-06-19 23:43:16,069 | DEBUG | app.services.application_service | Application name attr: Company 8
2026-06-19 23:43:16,069 | DEBUG | app.api.applications | Route result: <app.models.application.Application object at 0x000002A474040E50>
2026-06-19 23:43:16,069 | DEBUG | app.api.applications | Route result dictionary: {'_sa_instance_state': <sqlalchemy.orm.state.InstanceState object at 0x000002A473F7AC30>, 'status': <ApplicationStatus.APPLIED: 'applied'>, 'created_at': datetime.datetime(2026, 6, 19, 21, 43, 16, 61316, tzinfo=zoneinfo.ZoneInfo(key='Africa/Johannesburg')), 'deadline': None, 'notes': None, 'company_id': 26, 'role': 'Developer', 'id': 26, 'location': None, 'job_url': None, 'updated_at': datetime.datetime(2026, 6, 19, 21, 43, 16, 61316, tzinfo=zoneinfo.ZoneInfo(key='Africa/Johannesburg')), 'follow_up_date': None, 'user_id': 3, 'company': <app.models.company.Company object at 0x000002A473FA1610>}
2026-06-19 23:43:16,069 | DEBUG | app.api.applications | Route company: <app.models.company.Company object at 0x000002A473FA1610>
2026-06-19 23:43:16,069 | DEBUG | app.api.applications | Route company_name: Company 8
2026-06-19 23:43:16,080 | DEBUG | app.services.application_service | Company Name: Company 9
2026-06-19 23:43:16,080 | DEBUG | app.services.application_service | Company Found: None
2026-06-19 23:43:16,091 | DEBUG | app.services.application_service | company CREATED: ID is 27, name=Company 9
2026-06-19 23:43:16,091 | DEBUG | app.services.application_service | FINAL APPLICATION DATA: {'role': 'Developer', 'status': <ApplicationStatus.APPLIED: 'applied'>, 'location': None, 'job_url': None, 'notes': None, 'company_id': 27, 'user_id': 3}
2026-06-19 23:43:16,091 | DEBUG | app.repos.application_repository | Repository application before add: <app.models.application.Application object at 0x000002A474088090>
2026-06-19 23:43:16,091 | DEBUG | app.repos.application_repository | has company_name property: False
2026-06-19 23:43:16,097 | DEBUG | app.repos.application_repository | Repository application after refresh: <app.models.application.Application object at 0x000002A474088090>
2026-06-19 23:43:16,097 | DEBUG | app.repos.application_repository | Company relation refresh after refresh: <app.models.company.Company object at 0x000002A474053210>
2026-06-19 23:43:16,097 | DEBUG | app.repos.application_repository | company name after refresh: Company 9
2026-06-19 23:43:16,097 | DEBUG | app.services.application_service | Application company ID: 27
2026-06-19 23:43:16,097 | DEBUG | app.services.application_service | Application name attr: Company 9
2026-06-19 23:43:16,097 | DEBUG | app.api.applications | Route result: <app.models.application.Application object at 0x000002A474088090>
2026-06-19 23:43:16,097 | DEBUG | app.api.applications | Route result dictionary: {'_sa_instance_state': <sqlalchemy.orm.state.InstanceState object at 0x000002A473F7AC30>, 'status': <ApplicationStatus.APPLIED: 'applied'>, 'created_at': datetime.datetime(2026, 6, 19, 21, 43, 16, 93481, tzinfo=zoneinfo.ZoneInfo(key='Africa/Johannesburg')), 'deadline': None, 'notes': None, 'company_id': 27, 'role': 'Developer', 'id': 27, 'location': None, 'job_url': None, 'updated_at': datetime.datetime(2026, 6, 19, 21, 43, 16, 93481, tzinfo=zoneinfo.ZoneInfo(key='Africa/Johannesburg')), 'follow_up_date': None, 'user_id': 3, 'company': <app.models.company.Company object at 0x000002A474053210>}
2026-06-19 23:43:16,097 | DEBUG | app.api.applications | Route company: <app.models.company.Company object at 0x000002A474053210>
2026-06-19 23:43:16,097 | DEBUG | app.api.applications | Route company_name: Company 9
2026-06-19 23:43:16,105 | DEBUG | app.services.application_service | Company Name: Company 10
2026-06-19 23:43:16,105 | DEBUG | app.services.application_service | Company Found: None
2026-06-19 23:43:16,125 | DEBUG | app.services.application_service | company CREATED: ID is 28, name=Company 10
2026-06-19 23:43:16,125 | DEBUG | app.services.application_service | FINAL APPLICATION DATA: {'role': 'Developer', 'status': <ApplicationStatus.APPLIED: 'applied'>, 'location': None, 'job_url': None, 'notes': None, 'company_id': 28, 'user_id': 3}
2026-06-19 23:43:16,125 | DEBUG | app.repos.application_repository | Repository application before add: <app.models.application.Application object at 0x000002A47408AFD0>
2026-06-19 23:43:16,125 | DEBUG | app.repos.application_repository | has company_name property: False
2026-06-19 23:43:16,131 | DEBUG | app.repos.application_repository | Repository application after refresh: <app.models.application.Application object at 0x000002A47408AFD0>
2026-06-19 23:43:16,133 | DEBUG | app.repos.application_repository | Company relation refresh after refresh: <app.models.company.Company object at 0x000002A473A89550>
2026-06-19 23:43:16,133 | DEBUG | app.repos.application_repository | company name after refresh: Company 10
2026-06-19 23:43:16,133 | DEBUG | app.services.application_service | Application company ID: 28
2026-06-19 23:43:16,135 | DEBUG | app.services.application_service | Application name attr: Company 10
2026-06-19 23:43:16,135 | DEBUG | app.api.applications | Route result: <app.models.application.Application object at 0x000002A47408AFD0>
2026-06-19 23:43:16,135 | DEBUG | app.api.applications | Route result dictionary: {'_sa_instance_state': <sqlalchemy.orm.state.InstanceState object at 0x000002A473F7AC30>, 'status': <ApplicationStatus.APPLIED: 'applied'>, 'created_at': datetime.datetime(2026, 6, 19, 21, 43, 16, 127204, tzinfo=zoneinfo.ZoneInfo(key='Africa/Johannesburg')), 'deadline': None, 'notes': None, 'company_id': 28, 'role': 'Developer', 'id': 28, 'location': None, 'job_url': None, 'updated_at': datetime.datetime(2026, 6, 19, 21, 43, 16, 127204, tzinfo=zoneinfo.ZoneInfo(key='Africa/Johannesburg')), 'follow_up_date': None, 'user_id': 3, 'company': <app.models.company.Company object at 0x000002A473A89550>}
2026-06-19 23:43:16,135 | DEBUG | app.api.applications | Route company: <app.models.company.Company object at 0x000002A473A89550>
2026-06-19 23:43:16,135 | DEBUG | app.api.applications | Route company_name: Company 10
2026-06-19 23:43:16,152 | DEBUG | app.services.application_service | Company Name: Company 11
2026-06-19 23:43:16,156 | DEBUG | app.services.application_service | Company Found: None
2026-06-19 23:43:16,159 | DEBUG | app.services.application_service | company CREATED: ID is 29, name=Company 11
2026-06-19 23:43:16,159 | DEBUG | app.services.application_service | FINAL APPLICATION DATA: {'role': 'Developer', 'status': <ApplicationStatus.APPLIED: 'applied'>, 'location': None, 'job_url': None, 'notes': None, 'company_id': 29, 'user_id': 3}
2026-06-19 23:43:16,159 | DEBUG | app.repos.application_repository | Repository application before add: <app.models.application.Application object at 0x000002A4739ED310>
2026-06-19 23:43:16,159 | DEBUG | app.repos.application_repository | has company_name property: False
2026-06-19 23:43:16,168 | DEBUG | app.repos.application_repository | Repository application after refresh: <app.models.application.Application object at 0x000002A4739ED310>
2026-06-19 23:43:16,168 | DEBUG | app.repos.application_repository | Company relation refresh after refresh: <app.models.company.Company object at 0x000002A473A635D0>
2026-06-19 23:43:16,168 | DEBUG | app.repos.application_repository | company name after refresh: Company 11
2026-06-19 23:43:16,168 | DEBUG | app.services.application_service | Application company ID: 29
2026-06-19 23:43:16,168 | DEBUG | app.services.application_service | Application name attr: Company 11
2026-06-19 23:43:16,168 | DEBUG | app.api.applications | Route result: <app.models.application.Application object at 0x000002A4739ED310>
2026-06-19 23:43:16,168 | DEBUG | app.api.applications | Route result dictionary: {'_sa_instance_state': <sqlalchemy.orm.state.InstanceState object at 0x000002A473F7B1D0>, 'status': <ApplicationStatus.APPLIED: 'applied'>, 'created_at': datetime.datetime(2026, 6, 19, 21, 43, 16, 159563, tzinfo=zoneinfo.ZoneInfo(key='Africa/Johannesburg')), 'deadline': None, 'notes': None, 'company_id': 29, 'role': 'Developer', 'id': 29, 'location': None, 'job_url': None, 'updated_at': datetime.datetime(2026, 6, 19, 21, 43, 16, 159563, tzinfo=zoneinfo.ZoneInfo(key='Africa/Johannesburg')), 'follow_up_date': None, 'user_id': 3, 'company': <app.models.company.Company object at 0x000002A473A635D0>}
2026-06-19 23:43:16,168 | DEBUG | app.api.applications | Route company: <app.models.company.Company object at 0x000002A473A635D0>
2026-06-19 23:43:16,168 | DEBUG | app.api.applications | Route company_name: Company 11
2026-06-19 23:43:16,184 | DEBUG | app.services.application_service | Company Name: Company 12
2026-06-19 23:43:16,184 | DEBUG | app.services.application_service | Company Found: None
2026-06-19 23:43:16,194 | DEBUG | app.services.application_service | company CREATED: ID is 30, name=Company 12
2026-06-19 23:43:16,194 | DEBUG | app.services.application_service | FINAL APPLICATION DATA: {'role': 'Developer', 'status': <ApplicationStatus.APPLIED: 'applied'>, 'location': None, 'job_url': None, 'notes': None, 'company_id': 30, 'user_id': 3}
2026-06-19 23:43:16,194 | DEBUG | app.repos.application_repository | Repository application before add: <app.models.application.Application object at 0x000002A473B065D0>
2026-06-19 23:43:16,194 | DEBUG | app.repos.application_repository | has company_name property: False
2026-06-19 23:43:16,197 | DEBUG | app.repos.application_repository | Repository application after refresh: <app.models.application.Application object at 0x000002A473B065D0>
2026-06-19 23:43:16,197 | DEBUG | app.repos.application_repository | Company relation refresh after refresh: <app.models.company.Company object at 0x000002A473AF4950>
2026-06-19 23:43:16,197 | DEBUG | app.repos.application_repository | company name after refresh: Company 12
2026-06-19 23:43:16,197 | DEBUG | app.services.application_service | Application company ID: 30
2026-06-19 23:43:16,197 | DEBUG | app.services.application_service | Application name attr: Company 12
2026-06-19 23:43:16,197 | DEBUG | app.api.applications | Route result: <app.models.application.Application object at 0x000002A473B065D0>
2026-06-19 23:43:16,197 | DEBUG | app.api.applications | Route result dictionary: {'_sa_instance_state': <sqlalchemy.orm.state.InstanceState object at 0x000002A473F7B4D0>, 'status': <ApplicationStatus.APPLIED: 'applied'>, 'created_at': datetime.datetime(2026, 6, 19, 21, 43, 16, 197374, tzinfo=zoneinfo.ZoneInfo(key='Africa/Johannesburg')), 'deadline': None, 'notes': None, 'company_id': 30, 'role': 'Developer', 'id': 30, 'location': None, 'job_url': None, 'updated_at': datetime.datetime(2026, 6, 19, 21, 43, 16, 197374, tzinfo=zoneinfo.ZoneInfo(key='Africa/Johannesburg')), 'follow_up_date': None, 'user_id': 3, 'company': <app.models.company.Company object at 0x000002A473AF4950>}
2026-06-19 23:43:16,197 | DEBUG | app.api.applications | Route company: <app.models.company.Company object at 0x000002A473AF4950>
2026-06-19 23:43:16,197 | DEBUG | app.api.applications | Route company_name: Company 12
2026-06-19 23:43:16,208 | DEBUG | app.services.application_service | Company Name: Company 13
2026-06-19 23:43:16,208 | DEBUG | app.services.application_service | Company Found: None
2026-06-19 23:43:16,227 | DEBUG | app.services.application_service | company CREATED: ID is 31, name=Company 13
2026-06-19 23:43:16,227 | DEBUG | app.services.application_service | FINAL APPLICATION DATA: {'role': 'Developer', 'status': <ApplicationStatus.APPLIED: 'applied'>, 'location': None, 'job_url': None, 'notes': None, 'company_id': 31, 'user_id': 3}
2026-06-19 23:43:16,227 | DEBUG | app.repos.application_repository | Repository application before add: <app.models.application.Application object at 0x000002A47408BBD0>
2026-06-19 23:43:16,227 | DEBUG | app.repos.application_repository | has company_name property: False
2026-06-19 23:43:16,231 | DEBUG | app.repos.application_repository | Repository application after refresh: <app.models.application.Application object at 0x000002A47408BBD0>
2026-06-19 23:43:16,231 | DEBUG | app.repos.application_repository | Company relation refresh after refresh: <app.models.company.Company object at 0x000002A473F5A090>
2026-06-19 23:43:16,239 | DEBUG | app.repos.application_repository | company name after refresh: Company 13
2026-06-19 23:43:16,239 | DEBUG | app.services.application_service | Application company ID: 31
2026-06-19 23:43:16,239 | DEBUG | app.services.application_service | Application name attr: Company 13
2026-06-19 23:43:16,239 | DEBUG | app.api.applications | Route result: <app.models.application.Application object at 0x000002A47408BBD0>
2026-06-19 23:43:16,239 | DEBUG | app.api.applications | Route result dictionary: {'_sa_instance_state': <sqlalchemy.orm.state.InstanceState object at 0x000002A473F7B710>, 'status': <ApplicationStatus.APPLIED: 'applied'>, 'created_at': datetime.datetime(2026, 6, 19, 21, 43, 16, 231290, tzinfo=zoneinfo.ZoneInfo(key='Africa/Johannesburg')), 'deadline': None, 'notes': None, 'company_id': 31, 'role': 'Developer', 'id': 31, 'location': None, 'job_url': None, 'updated_at': datetime.datetime(2026, 6, 19, 21, 43, 16, 231290, tzinfo=zoneinfo.ZoneInfo(key='Africa/Johannesburg')), 'follow_up_date': None, 'user_id': 3, 'company': <app.models.company.Company object at 0x000002A473F5A090>}
2026-06-19 23:43:16,239 | DEBUG | app.api.applications | Route company: <app.models.company.Company object at 0x000002A473F5A090>
2026-06-19 23:43:16,239 | DEBUG | app.api.applications | Route company_name: Company 13
2026-06-19 23:43:16,239 | DEBUG | app.services.application_service | Company Name: Company 14
2026-06-19 23:43:16,255 | DEBUG | app.services.application_service | Company Found: None
2026-06-19 23:43:16,257 | DEBUG | app.services.application_service | company CREATED: ID is 32, name=Company 14
2026-06-19 23:43:16,257 | DEBUG | app.services.application_service | FINAL APPLICATION DATA: {'role': 'Developer', 'status': <ApplicationStatus.APPLIED: 'applied'>, 'location': None, 'job_url': None, 'notes': None, 'company_id': 32, 'user_id': 3}
2026-06-19 23:43:16,257 | DEBUG | app.repos.application_repository | Repository application before add: <app.models.application.Application object at 0x000002A474053BD0>
2026-06-19 23:43:16,257 | DEBUG | app.repos.application_repository | has company_name property: False
2026-06-19 23:43:16,257 | DEBUG | app.repos.application_repository | Repository application after refresh: <app.models.application.Application object at 0x000002A474053BD0>
2026-06-19 23:43:16,257 | DEBUG | app.repos.application_repository | Company relation refresh after refresh: <app.models.company.Company object at 0x000002A473AB32D0>
2026-06-19 23:43:16,257 | DEBUG | app.repos.application_repository | company name after refresh: Company 14
2026-06-19 23:43:16,257 | DEBUG | app.services.application_service | Application company ID: 32
2026-06-19 23:43:16,257 | DEBUG | app.services.application_service | Application name attr: Company 14
2026-06-19 23:43:16,257 | DEBUG | app.api.applications | Route result: <app.models.application.Application object at 0x000002A474053BD0>
2026-06-19 23:43:16,257 | DEBUG | app.api.applications | Route result dictionary: {'_sa_instance_state': <sqlalchemy.orm.state.InstanceState object at 0x000002A473F787D0>, 'status': <ApplicationStatus.APPLIED: 'applied'>, 'created_at': datetime.datetime(2026, 6, 19, 21, 43, 16, 257766, tzinfo=zoneinfo.ZoneInfo(key='Africa/Johannesburg')), 'deadline': None, 'notes': None, 'company_id': 32, 'role': 'Developer', 'id': 32, 'location': None, 'job_url': None, 'updated_at': datetime.datetime(2026, 6, 19, 21, 43, 16, 257766, tzinfo=zoneinfo.ZoneInfo(key='Africa/Johannesburg')), 'follow_up_date': None, 'user_id': 3, 'company': <app.models.company.Company object at 0x000002A473AB32D0>}
2026-06-19 23:43:16,257 | DEBUG | app.api.applications | Route company: <app.models.company.Company object at 0x000002A473AB32D0>
2026-06-19 23:43:16,271 | DEBUG | app.api.applications | Route company_name: Company 14
2026-06-19 23:43:17,039 | DEBUG | app.services.application_service | Company Name: Google
2026-06-19 23:43:17,047 | DEBUG | app.services.application_service | Company Found: None
2026-06-19 23:43:17,051 | DEBUG | app.services.application_service | company CREATED: ID is 33, name=Google
2026-06-19 23:43:17,051 | DEBUG | app.services.application_service | FINAL APPLICATION DATA: {'role': 'Back-End Engineer', 'status': <ApplicationStatus.APPLIED: 'applied'>, 'location': None, 'job_url': None, 'notes': None, 'company_id': 33, 'user_id': 4}
2026-06-19 23:43:17,051 | DEBUG | app.repos.application_repository | Repository application before add: <app.models.application.Application object at 0x000002A473AF4A10>
2026-06-19 23:43:17,053 | DEBUG | app.repos.application_repository | has company_name property: False
2026-06-19 23:43:17,058 | DEBUG | app.repos.application_repository | Repository application after refresh: <app.models.application.Application object at 0x000002A473AF4A10>
2026-06-19 23:43:17,060 | DEBUG | app.repos.application_repository | Company relation refresh after refresh: <app.models.company.Company object at 0x000002A4739D8310>
2026-06-19 23:43:17,060 | DEBUG | app.repos.application_repository | company name after refresh: Google
2026-06-19 23:43:17,062 | DEBUG | app.services.application_service | Application company ID: 33
2026-06-19 23:43:17,062 | DEBUG | app.services.application_service | Application name attr: Google
2026-06-19 23:43:17,062 | DEBUG | app.api.applications | Route result: <app.models.application.Application object at 0x000002A473AF4A10>
2026-06-19 23:43:17,062 | DEBUG | app.api.applications | Route result dictionary: {'_sa_instance_state': <sqlalchemy.orm.state.InstanceState object at 0x000002A473E766F0>, 'status': <ApplicationStatus.APPLIED: 'applied'>, 'created_at': datetime.datetime(2026, 6, 19, 21, 43, 17, 53685, tzinfo=zoneinfo.ZoneInfo(key='Africa/Johannesburg')), 'deadline': None, 'notes': None, 'company_id': 33, 'role': 'Back-End Engineer', 'id': 33, 'location': None, 'job_url': None, 'updated_at': datetime.datetime(2026, 6, 19, 21, 43, 17, 53685, tzinfo=zoneinfo.ZoneInfo(key='Africa/Johannesburg')), 'follow_up_date': None, 'user_id': 4, 'company': <app.models.company.Company object at 0x000002A4739D8310>}
2026-06-19 23:43:17,062 | DEBUG | app.api.applications | Route company: <app.models.company.Company object at 0x000002A4739D8310>
2026-06-19 23:43:17,062 | DEBUG | app.api.applications | Route company_name: Google
2026-06-19 23:43:17,073 | DEBUG | app.services.application_service | Company Name: Rock Star Games
2026-06-19 23:43:17,077 | DEBUG | app.services.application_service | Company Found: None
2026-06-19 23:43:17,081 | DEBUG | app.services.application_service | company CREATED: ID is 34, name=Rock Star Games
2026-06-19 23:43:17,081 | DEBUG | app.services.application_service | FINAL APPLICATION DATA: {'role': 'Game Developer', 'status': <ApplicationStatus.APPLIED: 'applied'>, 'location': None, 'job_url': None, 'notes': None, 'company_id': 34, 'user_id': 4}
2026-06-19 23:43:17,081 | DEBUG | app.repos.application_repository | Repository application before add: <app.models.application.Application object at 0x000002A473F1C690>
2026-06-19 23:43:17,081 | DEBUG | app.repos.application_repository | has company_name property: False
2026-06-19 23:43:17,088 | DEBUG | app.repos.application_repository | Repository application after refresh: <app.models.application.Application object at 0x000002A473F1C690>
2026-06-19 23:43:17,090 | DEBUG | app.repos.application_repository | Company relation refresh after refresh: <app.models.company.Company object at 0x000002A473F27110>
2026-06-19 23:43:17,090 | DEBUG | app.repos.application_repository | company name after refresh: Rock Star Games
2026-06-19 23:43:17,090 | DEBUG | app.services.application_service | Application company ID: 34
2026-06-19 23:43:17,090 | DEBUG | app.services.application_service | Application name attr: Rock Star Games
2026-06-19 23:43:17,090 | DEBUG | app.api.applications | Route result: <app.models.application.Application object at 0x000002A473F1C690>
2026-06-19 23:43:17,090 | DEBUG | app.api.applications | Route result dictionary: {'_sa_instance_state': <sqlalchemy.orm.state.InstanceState object at 0x000002A473F795B0>, 'status': <ApplicationStatus.APPLIED: 'applied'>, 'created_at': datetime.datetime(2026, 6, 19, 21, 43, 17, 81257, tzinfo=zoneinfo.ZoneInfo(key='Africa/Johannesburg')), 'deadline': None, 'notes': None, 'company_id': 34, 'role': 'Game Developer', 'id': 34, 'location': None, 'job_url': None, 'updated_at': datetime.datetime(2026, 6, 19, 21, 43, 17, 81257, tzinfo=zoneinfo.ZoneInfo(key='Africa/Johannesburg')), 'follow_up_date': None, 'user_id': 4, 'company': <app.models.company.Company object at 0x000002A473F27110>}
2026-06-19 23:43:17,090 | DEBUG | app.api.applications | Route company: <app.models.company.Company object at 0x000002A473F27110>
2026-06-19 23:43:17,093 | DEBUG | app.api.applications | Route company_name: Rock Star Games
2026-06-19 23:43:17,096 | DEBUG | app.services.application_service | Company Name: Meta
2026-06-19 23:43:17,096 | DEBUG | app.services.application_service | Company Found: None
2026-06-19 23:43:17,111 | DEBUG | app.services.application_service | company CREATED: ID is 35, name=Meta
2026-06-19 23:43:17,111 | DEBUG | app.services.application_service | FINAL APPLICATION DATA: {'role': 'Marketing Manager', 'status': <ApplicationStatus.WISHLIST: 'wishlist'>, 'location': None, 'job_url': None, 'notes': None, 'company_id': 35, 'user_id': 4}
2026-06-19 23:43:17,111 | DEBUG | app.repos.application_repository | Repository application before add: <app.models.application.Application object at 0x000002A474041550>
2026-06-19 23:43:17,111 | DEBUG | app.repos.application_repository | has company_name property: False
2026-06-19 23:43:17,111 | DEBUG | app.repos.application_repository | Repository application after refresh: <app.models.application.Application object at 0x000002A474041550>
2026-06-19 23:43:17,111 | DEBUG | app.repos.application_repository | Company relation refresh after refresh: <app.models.company.Company object at 0x000002A473FA3C90>
2026-06-19 23:43:17,111 | DEBUG | app.repos.application_repository | company name after refresh: Meta
2026-06-19 23:43:17,111 | DEBUG | app.services.application_service | Application company ID: 35
2026-06-19 23:43:17,111 | DEBUG | app.services.application_service | Application name attr: Meta
2026-06-19 23:43:17,111 | DEBUG | app.api.applications | Route result: <app.models.application.Application object at 0x000002A474041550>
2026-06-19 23:43:17,111 | DEBUG | app.api.applications | Route result dictionary: {'_sa_instance_state': <sqlalchemy.orm.state.InstanceState object at 0x000002A473F79430>, 'status': <ApplicationStatus.WISHLIST: 'wishlist'>, 'created_at': datetime.datetime(2026, 6, 19, 21, 43, 17, 111929, tzinfo=zoneinfo.ZoneInfo(key='Africa/Johannesburg')), 'deadline': None, 'notes': None, 'company_id': 35, 'role': 'Marketing Manager', 'id': 35, 'location': None, 'job_url': None, 'updated_at': datetime.datetime(2026, 6, 19, 21, 43, 17, 111929, tzinfo=zoneinfo.ZoneInfo(key='Africa/Johannesburg')), 'follow_up_date': None, 'user_id': 4, 'company': <app.models.company.Company object at 0x000002A473FA3C90>}
2026-06-19 23:43:17,111 | DEBUG | app.api.applications | Route company: <app.models.company.Company object at 0x000002A473FA3C90>
2026-06-19 23:43:17,111 | DEBUG | app.api.applications | Route company_name: Meta
2026-06-19 23:43:17,881 | DEBUG | app.services.application_service | Company Name: Apple iOS
2026-06-19 23:43:17,881 | DEBUG | app.services.application_service | Company Found: None
2026-06-19 23:43:17,892 | DEBUG | app.services.application_service | company CREATED: ID is 36, name=Apple iOS
2026-06-19 23:43:17,892 | DEBUG | app.services.application_service | FINAL APPLICATION DATA: {'role': 'Developer', 'status': <ApplicationStatus.APPLIED: 'applied'>, 'location': None, 'job_url': None, 'notes': None, 'company_id': 36, 'user_id': 5}
2026-06-19 23:43:17,892 | DEBUG | app.repos.application_repository | Repository application before add: <app.models.application.Application object at 0x000002A473FA2190>
2026-06-19 23:43:17,892 | DEBUG | app.repos.application_repository | has company_name property: False
2026-06-19 23:43:17,892 | DEBUG | app.repos.application_repository | Repository application after refresh: <app.models.application.Application object at 0x000002A473FA2190>
2026-06-19 23:43:17,892 | DEBUG | app.repos.application_repository | Company relation refresh after refresh: <app.models.company.Company object at 0x000002A473FA2F50>
2026-06-19 23:43:17,892 | DEBUG | app.repos.application_repository | company name after refresh: Apple iOS
2026-06-19 23:43:17,892 | DEBUG | app.services.application_service | Application company ID: 36
2026-06-19 23:43:17,892 | DEBUG | app.services.application_service | Application name attr: Apple iOS
2026-06-19 23:43:17,892 | DEBUG | app.api.applications | Route result: <app.models.application.Application object at 0x000002A473FA2190>
2026-06-19 23:43:17,892 | DEBUG | app.api.applications | Route result dictionary: {'_sa_instance_state': <sqlalchemy.orm.state.InstanceState object at 0x000002A473F7A630>, 'status': <ApplicationStatus.APPLIED: 'applied'>, 'created_at': datetime.datetime(2026, 6, 19, 21, 43, 17, 892905, tzinfo=zoneinfo.ZoneInfo(key='Africa/Johannesburg')), 'deadline': None, 'notes': None, 'company_id': 36, 'role': 'Developer', 'id': 36, 'location': None, 'job_url': None, 'updated_at': datetime.datetime(2026, 6, 19, 21, 43, 17, 892905, tzinfo=zoneinfo.ZoneInfo(key='Africa/Johannesburg')), 'follow_up_date': None, 'user_id': 5, 'company': <app.models.company.Company object at 0x000002A473FA2F50>}
2026-06-19 23:43:17,892 | DEBUG | app.api.applications | Route company: <app.models.company.Company object at 0x000002A473FA2F50>
2026-06-19 23:43:17,892 | DEBUG | app.api.applications | Route company_name: Apple iOS
2026-06-19 23:43:19,930 | DEBUG | app.services.application_service | Company Name: Google
2026-06-19 23:43:19,936 | DEBUG | app.services.application_service | Company Found: None
2026-06-19 23:43:19,945 | DEBUG | app.services.application_service | company CREATED: ID is 37, name=Google
2026-06-19 23:43:19,945 | DEBUG | app.services.application_service | FINAL APPLICATION DATA: {'role': 'Developer', 'status': <ApplicationStatus.WISHLIST: 'wishlist'>, 'location': None, 'job_url': None, 'notes': None, 'company_id': 37, 'user_id': 5}
2026-06-19 23:43:19,945 | DEBUG | app.repos.application_repository | Repository application before add: <app.models.application.Application object at 0x000002A474050810>
2026-06-19 23:43:19,945 | DEBUG | app.repos.application_repository | has company_name property: False
2026-06-19 23:43:19,964 | DEBUG | app.repos.application_repository | Repository application after refresh: <app.models.application.Application object at 0x000002A474050810>
2026-06-19 23:43:19,964 | DEBUG | app.repos.application_repository | Company relation refresh after refresh: <app.models.company.Company object at 0x000002A473A6ED50>
2026-06-19 23:43:19,964 | DEBUG | app.repos.application_repository | company name after refresh: Google
2026-06-19 23:43:19,972 | DEBUG | app.services.application_service | Application company ID: 37
2026-06-19 23:43:19,972 | DEBUG | app.services.application_service | Application name attr: Google
2026-06-19 23:43:19,972 | DEBUG | app.api.applications | Route result: <app.models.application.Application object at 0x000002A474050810>
2026-06-19 23:43:19,972 | DEBUG | app.api.applications | Route result dictionary: {'_sa_instance_state': <sqlalchemy.orm.state.InstanceState object at 0x000002A473F7A5D0>, 'status': <ApplicationStatus.WISHLIST: 'wishlist'>, 'created_at': datetime.datetime(2026, 6, 19, 21, 43, 19, 945109, tzinfo=zoneinfo.ZoneInfo(key='Africa/Johannesburg')), 'deadline': None, 'notes': None, 'company_id': 37, 'role': 'Developer', 'id': 37, 'location': None, 'job_url': None, 'updated_at': datetime.datetime(2026, 6, 19, 21, 43, 19, 945109, tzinfo=zoneinfo.ZoneInfo(key='Africa/Johannesburg')), 'follow_up_date': None, 'user_id': 5, 'company': <app.models.company.Company object at 0x000002A473A6ED50>}
2026-06-19 23:43:19,972 | DEBUG | app.api.applications | Route company: <app.models.company.Company object at 0x000002A473A6ED50>
2026-06-19 23:43:19,972 | DEBUG | app.api.applications | Route company_name: Google
2026-06-19 23:43:20,751 | DEBUG | app.services.application_service | Company Name: Google
2026-06-19 23:43:20,751 | DEBUG | app.services.application_service | Company Found: None
2026-06-19 23:43:20,766 | DEBUG | app.services.application_service | company CREATED: ID is 38, name=Google
2026-06-19 23:43:20,766 | DEBUG | app.services.application_service | FINAL APPLICATION DATA: {'role': 'Software Developer', 'status': <ApplicationStatus.APPLIED: 'applied'>, 'location': 'Remote', 'job_url': 'https://example.com/job', 'notes': 'Dream job', 'company_id': 38, 'user_id': 6}
2026-06-19 23:43:20,766 | DEBUG | app.repos.application_repository | Repository application before add: <app.models.application.Application object at 0x000002A474050990>
2026-06-19 23:43:20,766 | DEBUG | app.repos.application_repository | has company_name property: False
2026-06-19 23:43:20,766 | DEBUG | app.repos.application_repository | Repository application after refresh: <app.models.application.Application object at 0x000002A474050990>
2026-06-19 23:43:20,766 | DEBUG | app.repos.application_repository | Company relation refresh after refresh: <app.models.company.Company object at 0x000002A474041310>
2026-06-19 23:43:20,766 | DEBUG | app.repos.application_repository | company name after refresh: Google
2026-06-19 23:43:20,766 | DEBUG | app.services.application_service | Application company ID: 38
2026-06-19 23:43:20,766 | DEBUG | app.services.application_service | Application name attr: Google
2026-06-19 23:43:20,766 | DEBUG | app.api.applications | Route result: <app.models.application.Application object at 0x000002A474050990>
2026-06-19 23:43:20,766 | DEBUG | app.api.applications | Route result dictionary: {'_sa_instance_state': <sqlalchemy.orm.state.InstanceState object at 0x000002A473F7A4B0>, 'status': <ApplicationStatus.APPLIED: 'applied'>, 'created_at': datetime.datetime(2026, 6, 19, 21, 43, 20, 766373, tzinfo=zoneinfo.ZoneInfo(key='Africa/Johannesburg')), 'deadline': None, 'notes': 'Dream job', 'company_id': 38, 'role': 'Software Developer', 'id': 38, 'location': 'Remote', 'job_url': 'https://example.com/job', 'updated_at': datetime.datetime(2026, 6, 19, 21, 43, 20, 766373, tzinfo=zoneinfo.ZoneInfo(key='Africa/Johannesburg')), 'follow_up_date': None, 'user_id': 6, 'company': <app.models.company.Company object at 0x000002A474041310>}
2026-06-19 23:43:20,766 | DEBUG | app.api.applications | Route company: <app.models.company.Company object at 0x000002A474041310>
2026-06-19 23:43:20,766 | DEBUG | app.api.applications | Route company_name: Google
2026-06-19 23:43:21,488 | DEBUG | app.services.application_service | Company Name: Microsoft
2026-06-19 23:43:21,492 | DEBUG | app.services.application_service | Company Found: None
2026-06-19 23:43:21,494 | DEBUG | app.services.application_service | company CREATED: ID is 39, name=Microsoft
2026-06-19 23:43:21,494 | DEBUG | app.services.application_service | FINAL APPLICATION DATA: {'role': 'Data Scientist', 'status': <ApplicationStatus.OFFER: 'offer'>, 'location': None, 'job_url': None, 'notes': None, 'company_id': 39, 'user_id': 7}
2026-06-19 23:43:21,494 | DEBUG | app.repos.application_repository | Repository application before add: <app.models.application.Application object at 0x000002A473F25250>
2026-06-19 23:43:21,494 | DEBUG | app.repos.application_repository | has company_name property: False
2026-06-19 23:43:21,494 | DEBUG | app.repos.application_repository | Repository application after refresh: <app.models.application.Application object at 0x000002A473F25250>
2026-06-19 23:43:21,494 | DEBUG | app.repos.application_repository | Company relation refresh after refresh: <app.models.company.Company object at 0x000002A474076750>
2026-06-19 23:43:21,494 | DEBUG | app.repos.application_repository | company name after refresh: Microsoft
2026-06-19 23:43:21,494 | DEBUG | app.services.application_service | Application company ID: 39
2026-06-19 23:43:21,494 | DEBUG | app.services.application_service | Application name attr: Microsoft
2026-06-19 23:43:21,494 | DEBUG | app.api.applications | Route result: <app.models.application.Application object at 0x000002A473F25250>
2026-06-19 23:43:21,494 | DEBUG | app.api.applications | Route result dictionary: {'_sa_instance_state': <sqlalchemy.orm.state.InstanceState object at 0x000002A473F7A570>, 'status': <ApplicationStatus.OFFER: 'offer'>, 'created_at': datetime.datetime(2026, 6, 19, 21, 43, 21, 494354, tzinfo=zoneinfo.ZoneInfo(key='Africa/Johannesburg')), 'deadline': None, 'notes': None, 'company_id': 39, 'role': 'Data Scientist', 'id': 39, 'location': None, 'job_url': None, 'updated_at': datetime.datetime(2026, 6, 19, 21, 43, 21, 494354, tzinfo=zoneinfo.ZoneInfo(key='Africa/Johannesburg')), 'follow_up_date': None, 'user_id': 7, 'company': <app.models.company.Company object at 0x000002A474076750>}
2026-06-19 23:43:21,494 | DEBUG | app.api.applications | Route company: <app.models.company.Company object at 0x000002A474076750>
2026-06-19 23:43:21,494 | DEBUG | app.api.applications | Route company_name: Microsoft
2026-06-19 23:43:22,232 | DEBUG | app.services.application_service | Company Name: Amazon AWS
2026-06-19 23:43:22,232 | DEBUG | app.services.application_service | Company Found: None
2026-06-19 23:43:22,232 | DEBUG | app.services.application_service | company CREATED: ID is 40, name=Amazon AWS
2026-06-19 23:43:22,232 | DEBUG | app.services.application_service | FINAL APPLICATION DATA: {'role': 'Cloud Engineer', 'status': <ApplicationStatus.APPLIED: 'applied'>, 'location': None, 'job_url': None, 'notes': None, 'company_id': 40, 'user_id': 8}
2026-06-19 23:43:22,232 | DEBUG | app.repos.application_repository | Repository application before add: <app.models.application.Application object at 0x000002A474097F90>
2026-06-19 23:43:22,232 | DEBUG | app.repos.application_repository | has company_name property: False
2026-06-19 23:43:22,232 | DEBUG | app.repos.application_repository | Repository application after refresh: <app.models.application.Application object at 0x000002A474097F90>
2026-06-19 23:43:22,245 | DEBUG | app.repos.application_repository | Company relation refresh after refresh: <app.models.company.Company object at 0x000002A4740968D0>
2026-06-19 23:43:22,245 | DEBUG | app.repos.application_repository | company name after refresh: Amazon AWS
2026-06-19 23:43:22,245 | DEBUG | app.services.application_service | Application company ID: 40
2026-06-19 23:43:22,245 | DEBUG | app.services.application_service | Application name attr: Amazon AWS
2026-06-19 23:43:22,245 | DEBUG | app.api.applications | Route result: <app.models.application.Application object at 0x000002A474097F90>
2026-06-19 23:43:22,245 | DEBUG | app.api.applications | Route result dictionary: {'_sa_instance_state': <sqlalchemy.orm.state.InstanceState object at 0x000002A473F7B530>, 'status': <ApplicationStatus.APPLIED: 'applied'>, 'created_at': datetime.datetime(2026, 6, 19, 21, 43, 22, 232001, tzinfo=zoneinfo.ZoneInfo(key='Africa/Johannesburg')), 'deadline': None, 'notes': None, 'company_id': 40, 'role': 'Cloud Engineer', 'id': 40, 'location': None, 'job_url': None, 'updated_at': datetime.datetime(2026, 6, 19, 21, 43, 22, 232001, tzinfo=zoneinfo.ZoneInfo(key='Africa/Johannesburg')), 'follow_up_date': None, 'user_id': 8, 'company': <app.models.company.Company object at 0x000002A4740968D0>}
2026-06-19 23:43:22,245 | DEBUG | app.api.applications | Route company: <app.models.company.Company object at 0x000002A4740968D0>
2026-06-19 23:43:22,245 | DEBUG | app.api.applications | Route company_name: Amazon AWS
2026-06-19 23:43:22,968 | DEBUG | app.services.application_service | Company Name: Oracle
2026-06-19 23:43:22,976 | DEBUG | app.services.application_service | Company Found: None
2026-06-19 23:43:22,976 | DEBUG | app.services.application_service | company CREATED: ID is 41, name=Oracle
2026-06-19 23:43:22,976 | DEBUG | app.services.application_service | FINAL APPLICATION DATA: {'role': 'Database Manager', 'status': <ApplicationStatus.WISHLIST: 'wishlist'>, 'location': None, 'job_url': None, 'notes': None, 'company_id': 41, 'user_id': 9}
2026-06-19 23:43:22,976 | DEBUG | app.repos.application_repository | Repository application before add: <app.models.application.Application object at 0x000002A474094AD0>
2026-06-19 23:43:22,976 | DEBUG | app.repos.application_repository | has company_name property: False
2026-06-19 23:43:22,984 | DEBUG | app.repos.application_repository | Repository application after refresh: <app.models.application.Application object at 0x000002A474094AD0>
2026-06-19 23:43:22,984 | DEBUG | app.repos.application_repository | Company relation refresh after refresh: <app.models.company.Company object at 0x000002A47408B250>
2026-06-19 23:43:22,984 | DEBUG | app.repos.application_repository | company name after refresh: Oracle
2026-06-19 23:43:22,984 | DEBUG | app.services.application_service | Application company ID: 41
2026-06-19 23:43:22,984 | DEBUG | app.services.application_service | Application name attr: Oracle
2026-06-19 23:43:22,984 | DEBUG | app.api.applications | Route result: <app.models.application.Application object at 0x000002A474094AD0>
2026-06-19 23:43:22,984 | DEBUG | app.api.applications | Route result dictionary: {'_sa_instance_state': <sqlalchemy.orm.state.InstanceState object at 0x000002A474078B30>, 'status': <ApplicationStatus.WISHLIST: 'wishlist'>, 'created_at': datetime.datetime(2026, 6, 19, 21, 43, 22, 976144, tzinfo=zoneinfo.ZoneInfo(key='Africa/Johannesburg')), 'deadline': None, 'notes': None, 'company_id': 41, 'role': 'Database Manager', 'id': 41, 'location': None, 'job_url': None, 'updated_at': datetime.datetime(2026, 6, 19, 21, 43, 22, 976144, tzinfo=zoneinfo.ZoneInfo(key='Africa/Johannesburg')), 'follow_up_date': None, 'user_id': 9, 'company': <app.models.company.Company object at 0x000002A47408B250>}
2026-06-19 23:43:22,984 | DEBUG | app.api.applications | Route company: <app.models.company.Company object at 0x000002A47408B250>
2026-06-19 23:43:22,984 | DEBUG | app.api.applications | Route company_name: Oracle
2026-06-19 23:43:23,742 | DEBUG | app.services.application_service | Company Name: Codecademy
2026-06-19 23:43:23,742 | DEBUG | app.services.application_service | Company Found: None
2026-06-19 23:43:23,749 | DEBUG | app.services.application_service | company CREATED: ID is 42, name=Codecademy
2026-06-19 23:43:23,749 | DEBUG | app.services.application_service | FINAL APPLICATION DATA: {'role': 'Full-Stack Engineer', 'status': <ApplicationStatus.APPLIED: 'applied'>, 'location': None, 'job_url': None, 'notes': None, 'company_id': 42, 'user_id': 10}
2026-06-19 23:43:23,749 | DEBUG | app.repos.application_repository | Repository application before add: <app.models.application.Application object at 0x000002A473F80890>
2026-06-19 23:43:23,749 | DEBUG | app.repos.application_repository | has company_name property: False
2026-06-19 23:43:23,751 | DEBUG | app.repos.application_repository | Repository application after refresh: <app.models.application.Application object at 0x000002A473F80890>
2026-06-19 23:43:23,751 | DEBUG | app.repos.application_repository | Company relation refresh after refresh: <app.models.company.Company object at 0x000002A473F88390>
2026-06-19 23:43:23,751 | DEBUG | app.repos.application_repository | company name after refresh: Codecademy
2026-06-19 23:43:23,751 | DEBUG | app.services.application_service | Application company ID: 42
2026-06-19 23:43:23,751 | DEBUG | app.services.application_service | Application name attr: Codecademy
2026-06-19 23:43:23,751 | DEBUG | app.api.applications | Route result: <app.models.application.Application object at 0x000002A473F80890>
2026-06-19 23:43:23,751 | DEBUG | app.api.applications | Route result dictionary: {'_sa_instance_state': <sqlalchemy.orm.state.InstanceState object at 0x000002A4740783B0>, 'status': <ApplicationStatus.APPLIED: 'applied'>, 'created_at': datetime.datetime(2026, 6, 19, 21, 43, 23, 751870, tzinfo=zoneinfo.ZoneInfo(key='Africa/Johannesburg')), 'deadline': None, 'notes': None, 'company_id': 42, 'role': 'Full-Stack Engineer', 'id': 42, 'location': None, 'job_url': None, 'updated_at': datetime.datetime(2026, 6, 19, 21, 43, 23, 751870, tzinfo=zoneinfo.ZoneInfo(key='Africa/Johannesburg')), 'follow_up_date': None, 'user_id': 10, 'company': <app.models.company.Company object at 0x000002A473F88390>}
2026-06-19 23:43:23,751 | DEBUG | app.api.applications | Route company: <app.models.company.Company object at 0x000002A473F88390>
2026-06-19 23:43:23,751 | DEBUG | app.api.applications | Route company_name: Codecademy
2026-06-19 23:43:27,579 | DEBUG | app.services.application_service | Company Name: Test Company
2026-06-19 23:43:27,579 | DEBUG | app.services.application_service | Company Found: None
2026-06-19 23:43:27,579 | DEBUG | app.services.application_service | company CREATED: ID is 43, name=Test Company
2026-06-19 23:43:27,579 | DEBUG | app.services.application_service | FINAL APPLICATION DATA: {'role': 'Developer', 'status': <ApplicationStatus.WISHLIST: 'wishlist'>, 'location': None, 'job_url': None, 'notes': None, 'company_id': 43, 'user_id': 16}
2026-06-19 23:43:27,579 | DEBUG | app.repos.application_repository | Repository application before add: <app.models.application.Application object at 0x000002A4740A3FD0>
2026-06-19 23:43:27,579 | DEBUG | app.repos.application_repository | has company_name property: False
2026-06-19 23:43:27,592 | DEBUG | app.repos.application_repository | Repository application after refresh: <app.models.application.Application object at 0x000002A4740A3FD0>
2026-06-19 23:43:27,592 | DEBUG | app.repos.application_repository | Company relation refresh after refresh: <app.models.company.Company object at 0x000002A4740531D0>
2026-06-19 23:43:27,592 | DEBUG | app.repos.application_repository | company name after refresh: Test Company
2026-06-19 23:43:27,592 | DEBUG | app.services.application_service | Application company ID: 43
2026-06-19 23:43:27,592 | DEBUG | app.services.application_service | Application name attr: Test Company
2026-06-19 23:43:27,592 | DEBUG | app.api.applications | Route result: <app.models.application.Application object at 0x000002A4740A3FD0>
2026-06-19 23:43:27,592 | DEBUG | app.api.applications | Route result dictionary: {'_sa_instance_state': <sqlalchemy.orm.state.InstanceState object at 0x000002A474078890>, 'status': <ApplicationStatus.WISHLIST: 'wishlist'>, 'created_at': datetime.datetime(2026, 6, 19, 21, 43, 27, 579157, tzinfo=zoneinfo.ZoneInfo(key='Africa/Johannesburg')), 'deadline': None, 'notes': None, 'company_id': 43, 'role': 'Developer', 'id': 43, 'location': None, 'job_url': None, 'updated_at': datetime.datetime(2026, 6, 19, 21, 43, 27, 579157, tzinfo=zoneinfo.ZoneInfo(key='Africa/Johannesburg')), 'follow_up_date': None, 'user_id': 16, 'company': <app.models.company.Company object at 0x000002A4740531D0>}
2026-06-19 23:43:27,592 | DEBUG | app.api.applications | Route company: <app.models.company.Company object at 0x000002A4740531D0>
2026-06-19 23:43:27,592 | DEBUG | app.api.applications | Route company_name: Test Company
2026-06-19 23:43:27,614 | DEBUG | app.services.application_service | Company Name: Test Company
2026-06-19 23:43:27,614 | DEBUG | app.services.application_service | Company Found: <app.models.company.Company object at 0x000002A4740A77D0>
2026-06-19 23:43:27,617 | DEBUG | app.services.application_service | FINAL APPLICATION DATA: {'role': 'Developer', 'status': <ApplicationStatus.APPLIED: 'applied'>, 'location': None, 'job_url': None, 'notes': None, 'company_id': 43, 'user_id': 16}
2026-06-19 23:43:27,617 | DEBUG | app.repos.application_repository | Repository application before add: <app.models.application.Application object at 0x000002A474051B10>
2026-06-19 23:43:27,617 | DEBUG | app.repos.application_repository | has company_name property: False
2026-06-19 23:43:27,620 | DEBUG | app.repos.application_repository | Repository application after refresh: <app.models.application.Application object at 0x000002A474051B10>
2026-06-19 23:43:27,620 | DEBUG | app.repos.application_repository | Company relation refresh after refresh: <app.models.company.Company object at 0x000002A4740A77D0>
2026-06-19 23:43:27,620 | DEBUG | app.repos.application_repository | company name after refresh: Test Company
2026-06-19 23:43:27,620 | DEBUG | app.services.application_service | Application company ID: 43
2026-06-19 23:43:27,620 | DEBUG | app.services.application_service | Application name attr: Test Company
2026-06-19 23:43:27,625 | DEBUG | app.api.applications | Route result: <app.models.application.Application object at 0x000002A474051B10>
2026-06-19 23:43:27,625 | DEBUG | app.api.applications | Route result dictionary: {'_sa_instance_state': <sqlalchemy.orm.state.InstanceState object at 0x000002A474078890>, 'status': <ApplicationStatus.APPLIED: 'applied'>, 'created_at': datetime.datetime(2026, 6, 19, 21, 43, 27, 617110, tzinfo=zoneinfo.ZoneInfo(key='Africa/Johannesburg')), 'deadline': None, 'notes': None, 'company_id': 43, 'role': 'Developer', 'id': 44, 'location': None, 'job_url': None, 'updated_at': datetime.datetime(2026, 6, 19, 21, 43, 27, 617110, tzinfo=zoneinfo.ZoneInfo(key='Africa/Johannesburg')), 'follow_up_date': None, 'user_id': 16, 'company': <app.models.company.Company object at 0x000002A4740A77D0>}
2026-06-19 23:43:27,625 | DEBUG | app.api.applications | Route company: <app.models.company.Company object at 0x000002A4740A77D0>
2026-06-19 23:43:27,625 | DEBUG | app.api.applications | Route company_name: Test Company
2026-06-19 23:43:27,633 | DEBUG | app.services.application_service | Company Name: Test Company
2026-06-19 23:43:27,643 | DEBUG | app.services.application_service | Company Found: <app.models.company.Company object at 0x000002A4740C8C50>
2026-06-19 23:43:27,643 | DEBUG | app.services.application_service | FINAL APPLICATION DATA: {'role': 'Developer', 'status': <ApplicationStatus.INTERVIEW: 'interview'>, 'location': None, 'job_url': None, 'notes': None, 'company_id': 43, 'user_id': 16}
2026-06-19 23:43:27,643 | DEBUG | app.repos.application_repository | Repository application before add: <app.models.application.Application object at 0x000002A474041550>
2026-06-19 23:43:27,645 | DEBUG | app.repos.application_repository | has company_name property: False
2026-06-19 23:43:27,648 | DEBUG | app.repos.application_repository | Repository application after refresh: <app.models.application.Application object at 0x000002A474041550>
2026-06-19 23:43:27,651 | DEBUG | app.repos.application_repository | Company relation refresh after refresh: <app.models.company.Company object at 0x000002A4740C8C50>
2026-06-19 23:43:27,651 | DEBUG | app.repos.application_repository | company name after refresh: Test Company
2026-06-19 23:43:27,651 | DEBUG | app.services.application_service | Application company ID: 43
2026-06-19 23:43:27,651 | DEBUG | app.services.application_service | Application name attr: Test Company
2026-06-19 23:43:27,651 | DEBUG | app.api.applications | Route result: <app.models.application.Application object at 0x000002A474041550>
2026-06-19 23:43:27,651 | DEBUG | app.api.applications | Route result dictionary: {'_sa_instance_state': <sqlalchemy.orm.state.InstanceState object at 0x000002A473F78170>, 'status': <ApplicationStatus.INTERVIEW: 'interview'>, 'created_at': datetime.datetime(2026, 6, 19, 21, 43, 27, 645445, tzinfo=zoneinfo.ZoneInfo(key='Africa/Johannesburg')), 'deadline': None, 'notes': None, 'company_id': 43, 'role': 'Developer', 'id': 45, 'location': None, 'job_url': None, 'updated_at': datetime.datetime(2026, 6, 19, 21, 43, 27, 645445, tzinfo=zoneinfo.ZoneInfo(key='Africa/Johannesburg')), 'follow_up_date': None, 'user_id': 16, 'company': <app.models.company.Company object at 0x000002A4740C8C50>}
2026-06-19 23:43:27,651 | DEBUG | app.api.applications | Route company: <app.models.company.Company object at 0x000002A4740C8C50>
2026-06-19 23:43:27,651 | DEBUG | app.api.applications | Route company_name: Test Company
2026-06-19 23:43:27,668 | DEBUG | app.services.application_service | Company Name: Test Company
2026-06-19 23:43:27,668 | DEBUG | app.services.application_service | Company Found: <app.models.company.Company object at 0x000002A4740CA350>
2026-06-19 23:43:27,668 | DEBUG | app.services.application_service | FINAL APPLICATION DATA: {'role': 'Developer', 'status': <ApplicationStatus.APPLIED: 'applied'>, 'location': None, 'job_url': None, 'notes': None, 'company_id': 43, 'user_id': 16}
2026-06-19 23:43:27,668 | DEBUG | app.repos.application_repository | Repository application before add: <app.models.application.Application object at 0x000002A4740A0410>
2026-06-19 23:43:27,668 | DEBUG | app.repos.application_repository | has company_name property: False
2026-06-19 23:43:27,675 | DEBUG | app.repos.application_repository | Repository application after refresh: <app.models.application.Application object at 0x000002A4740A0410>
2026-06-19 23:43:27,675 | DEBUG | app.repos.application_repository | Company relation refresh after refresh: <app.models.company.Company object at 0x000002A4740CA350>
2026-06-19 23:43:27,675 | DEBUG | app.repos.application_repository | company name after refresh: Test Company
2026-06-19 23:43:27,675 | DEBUG | app.services.application_service | Application company ID: 43
2026-06-19 23:43:27,675 | DEBUG | app.services.application_service | Application name attr: Test Company
2026-06-19 23:43:27,675 | DEBUG | app.api.applications | Route result: <app.models.application.Application object at 0x000002A4740A0410>
2026-06-19 23:43:27,675 | DEBUG | app.api.applications | Route result dictionary: {'_sa_instance_state': <sqlalchemy.orm.state.InstanceState object at 0x000002A47407A0F0>, 'status': <ApplicationStatus.APPLIED: 'applied'>, 'created_at': datetime.datetime(2026, 6, 19, 21, 43, 27, 672234, tzinfo=zoneinfo.ZoneInfo(key='Africa/Johannesburg')), 'deadline': None, 'notes': None, 'company_id': 43, 'role': 'Developer', 'id': 46, 'location': None, 'job_url': None, 'updated_at': datetime.datetime(2026, 6, 19, 21, 43, 27, 672234, tzinfo=zoneinfo.ZoneInfo(key='Africa/Johannesburg')), 'follow_up_date': None, 'user_id': 16, 'company': <app.models.company.Company object at 0x000002A4740CA350>}
2026-06-19 23:43:27,675 | DEBUG | app.api.applications | Route company: <app.models.company.Company object at 0x000002A4740CA350>
2026-06-19 23:43:27,675 | DEBUG | app.api.applications | Route company_name: Test Company
2026-06-19 23:43:27,696 | DEBUG | app.services.application_service | Company Name: Test Company
2026-06-19 23:43:27,700 | DEBUG | app.services.application_service | Company Found: <app.models.company.Company object at 0x000002A4740CB590>
2026-06-19 23:43:27,700 | DEBUG | app.services.application_service | FINAL APPLICATION DATA: {'role': 'Developer', 'status': <ApplicationStatus.OFFER: 'offer'>, 'location': None, 'job_url': None, 'notes': None, 'company_id': 43, 'user_id': 16}
2026-06-19 23:43:27,700 | DEBUG | app.repos.application_repository | Repository application before add: <app.models.application.Application object at 0x000002A4740A1AD0>
2026-06-19 23:43:27,700 | DEBUG | app.repos.application_repository | has company_name property: False
2026-06-19 23:43:27,705 | DEBUG | app.repos.application_repository | Repository application after refresh: <app.models.application.Application object at 0x000002A4740A1AD0>
2026-06-19 23:43:27,710 | DEBUG | app.repos.application_repository | Company relation refresh after refresh: <app.models.company.Company object at 0x000002A4740CB590>
2026-06-19 23:43:27,710 | DEBUG | app.repos.application_repository | company name after refresh: Test Company
2026-06-19 23:43:27,710 | DEBUG | app.services.application_service | Application company ID: 43
2026-06-19 23:43:27,710 | DEBUG | app.services.application_service | Application name attr: Test Company
2026-06-19 23:43:27,710 | DEBUG | app.api.applications | Route result: <app.models.application.Application object at 0x000002A4740A1AD0>
2026-06-19 23:43:27,710 | DEBUG | app.api.applications | Route result dictionary: {'_sa_instance_state': <sqlalchemy.orm.state.InstanceState object at 0x000002A474078890>, 'status': <ApplicationStatus.OFFER: 'offer'>, 'created_at': datetime.datetime(2026, 6, 19, 21, 43, 27, 700086, tzinfo=zoneinfo.ZoneInfo(key='Africa/Johannesburg')), 'deadline': None, 'notes': None, 'company_id': 43, 'role': 'Developer', 'id': 47, 'location': None, 'job_url': None, 'updated_at': datetime.datetime(2026, 6, 19, 21, 43, 27, 700086, tzinfo=zoneinfo.ZoneInfo(key='Africa/Johannesburg')), 'follow_up_date': None, 'user_id': 16, 'company': <app.models.company.Company object at 0x000002A4740CB590>}
2026-06-19 23:43:27,710 | DEBUG | app.api.applications | Route company: <app.models.company.Company object at 0x000002A4740CB590>
2026-06-19 23:43:27,710 | DEBUG | app.api.applications | Route company_name: Test Company
2026-06-19 23:43:27,724 | DEBUG | app.services.application_service | Company Name: Test Company
2026-06-19 23:43:27,724 | DEBUG | app.services.application_service | Company Found: <app.models.company.Company object at 0x000002A4740C97D0>
2026-06-19 23:43:27,724 | DEBUG | app.services.application_service | FINAL APPLICATION DATA: {'role': 'Developer', 'status': <ApplicationStatus.REJECTED: 'rejected'>, 'location': None, 'job_url': None, 'notes': None, 'company_id': 43, 'user_id': 16}
2026-06-19 23:43:27,724 | DEBUG | app.repos.application_repository | Repository application before add: <app.models.application.Application object at 0x000002A4740A3B90>
2026-06-19 23:43:27,724 | DEBUG | app.repos.application_repository | has company_name property: False
2026-06-19 23:43:27,732 | DEBUG | app.repos.application_repository | Repository application after refresh: <app.models.application.Application object at 0x000002A4740A3B90>
2026-06-19 23:43:27,732 | DEBUG | app.repos.application_repository | Company relation refresh after refresh: <app.models.company.Company object at 0x000002A4740C97D0>
2026-06-19 23:43:27,732 | DEBUG | app.repos.application_repository | company name after refresh: Test Company
2026-06-19 23:43:27,732 | DEBUG | app.services.application_service | Application company ID: 43
2026-06-19 23:43:27,732 | DEBUG | app.services.application_service | Application name attr: Test Company
2026-06-19 23:43:27,732 | DEBUG | app.api.applications | Route result: <app.models.application.Application object at 0x000002A4740A3B90>
2026-06-19 23:43:27,732 | DEBUG | app.api.applications | Route result dictionary: {'_sa_instance_state': <sqlalchemy.orm.state.InstanceState object at 0x000002A47407A1B0>, 'status': <ApplicationStatus.REJECTED: 'rejected'>, 'created_at': datetime.datetime(2026, 6, 19, 21, 43, 27, 730429, tzinfo=zoneinfo.ZoneInfo(key='Africa/Johannesburg')), 'deadline': None, 'notes': None, 'company_id': 43, 'role': 'Developer', 'id': 48, 'location': None, 'job_url': None, 'updated_at': datetime.datetime(2026, 6, 19, 21, 43, 27, 730429, tzinfo=zoneinfo.ZoneInfo(key='Africa/Johannesburg')), 'follow_up_date': None, 'user_id': 16, 'company': <app.models.company.Company object at 0x000002A4740C97D0>}
2026-06-19 23:43:27,732 | DEBUG | app.api.applications | Route company: <app.models.company.Company object at 0x000002A4740C97D0>
2026-06-19 23:43:27,732 | DEBUG | app.api.applications | Route company_name: Test Company
2026-06-19 23:46:25,984 | DEBUG | app.services.application_service | Company Name: Microsoft
2026-06-19 23:46:25,984 | DEBUG | app.services.application_service | Company Found: None
2026-06-19 23:46:25,997 | DEBUG | app.services.application_service | company CREATED: ID is 1, name=Microsoft
2026-06-19 23:46:25,997 | DEBUG | app.services.application_service | FINAL APPLICATION DATA: {'role': 'Software Engineer', 'status': <ApplicationStatus.REJECTED: 'rejected'>, 'location': None, 'job_url': None, 'notes': None, 'company_id': 1, 'user_id': 1}
2026-06-19 23:46:25,997 | DEBUG | app.repos.application_repository | Repository application before add: <app.models.application.Application object at 0x00000271D8317D10>
2026-06-19 23:46:26,000 | DEBUG | app.repos.application_repository | has company_name property: False
2026-06-19 23:46:26,011 | DEBUG | app.repos.application_repository | Repository application after refresh: <app.models.application.Application object at 0x00000271D8317D10>
2026-06-19 23:46:26,011 | DEBUG | app.repos.application_repository | Company relation refresh after refresh: <app.models.company.Company object at 0x00000271D7E83310>
2026-06-19 23:46:26,011 | DEBUG | app.repos.application_repository | company name after refresh: Microsoft
2026-06-19 23:46:26,011 | DEBUG | app.services.application_service | Application company ID: 1
2026-06-19 23:46:26,011 | DEBUG | app.services.application_service | Application name attr: Microsoft
2026-06-19 23:46:26,011 | DEBUG | app.api.applications | Route result: <app.models.application.Application object at 0x00000271D8317D10>
2026-06-19 23:46:26,011 | DEBUG | app.api.applications | Route result dictionary: {'_sa_instance_state': <sqlalchemy.orm.state.InstanceState object at 0x00000271D82EBFB0>, 'status': <ApplicationStatus.REJECTED: 'rejected'>, 'created_at': datetime.datetime(2026, 6, 19, 21, 46, 26, 2504, tzinfo=zoneinfo.ZoneInfo(key='Africa/Johannesburg')), 'deadline': None, 'notes': None, 'company_id': 1, 'id': 1, 'role': 'Software Engineer', 'location': None, 'job_url': None, 'updated_at': datetime.datetime(2026, 6, 19, 21, 46, 26, 2504, tzinfo=zoneinfo.ZoneInfo(key='Africa/Johannesburg')), 'follow_up_date': None, 'user_id': 1, 'company': <app.models.company.Company object at 0x00000271D7E83310>}
2026-06-19 23:46:26,011 | DEBUG | app.api.applications | Route company: <app.models.company.Company object at 0x00000271D7E83310>
2026-06-19 23:46:26,011 | DEBUG | app.api.applications | Route company_name: Microsoft
2026-06-19 23:46:26,025 | DEBUG | app.services.application_service | Company Name: Amazon
2026-06-19 23:46:26,025 | DEBUG | app.services.application_service | Company Found: None
2026-06-19 23:46:26,041 | DEBUG | app.services.application_service | company CREATED: ID is 2, name=Amazon
2026-06-19 23:46:26,041 | DEBUG | app.services.application_service | FINAL APPLICATION DATA: {'role': 'Cloud Developer', 'status': <ApplicationStatus.INTERVIEW: 'interview'>, 'location': None, 'job_url': None, 'notes': None, 'company_id': 2, 'user_id': 1}
2026-06-19 23:46:26,041 | DEBUG | app.repos.application_repository | Repository application before add: <app.models.application.Application object at 0x00000271D82FA890>
2026-06-19 23:46:26,041 | DEBUG | app.repos.application_repository | has company_name property: False
2026-06-19 23:46:26,043 | DEBUG | app.repos.application_repository | Repository application after refresh: <app.models.application.Application object at 0x00000271D82FA890>
2026-06-19 23:46:26,049 | DEBUG | app.repos.application_repository | Company relation refresh after refresh: <app.models.company.Company object at 0x00000271D830C510>
2026-06-19 23:46:26,049 | DEBUG | app.repos.application_repository | company name after refresh: Amazon
2026-06-19 23:46:26,049 | DEBUG | app.services.application_service | Application company ID: 2
2026-06-19 23:46:26,049 | DEBUG | app.services.application_service | Application name attr: Amazon
2026-06-19 23:46:26,049 | DEBUG | app.api.applications | Route result: <app.models.application.Application object at 0x00000271D82FA890>
2026-06-19 23:46:26,049 | DEBUG | app.api.applications | Route result dictionary: {'_sa_instance_state': <sqlalchemy.orm.state.InstanceState object at 0x00000271D8264BF0>, 'status': <ApplicationStatus.INTERVIEW: 'interview'>, 'created_at': datetime.datetime(2026, 6, 19, 21, 46, 26, 43187, tzinfo=zoneinfo.ZoneInfo(key='Africa/Johannesburg')), 'deadline': None, 'notes': None, 'company_id': 2, 'id': 2, 'role': 'Cloud Developer', 'location': None, 'job_url': None, 'updated_at': datetime.datetime(2026, 6, 19, 21, 46, 26, 43187, tzinfo=zoneinfo.ZoneInfo(key='Africa/Johannesburg')), 'follow_up_date': None, 'user_id': 1, 'company': <app.models.company.Company object at 0x00000271D830C510>}
2026-06-19 23:46:26,049 | DEBUG | app.api.applications | Route company: <app.models.company.Company object at 0x00000271D830C510>
2026-06-19 23:46:26,052 | DEBUG | app.api.applications | Route company_name: Amazon
2026-06-19 23:46:27,321 | DEBUG | app.services.application_service | Company Name: Company 0
2026-06-19 23:46:27,321 | DEBUG | app.services.application_service | Company Found: None
2026-06-19 23:46:27,329 | DEBUG | app.services.application_service | company CREATED: ID is 3, name=Company 0
2026-06-19 23:46:27,329 | DEBUG | app.services.application_service | FINAL APPLICATION DATA: {'role': 'Developer', 'status': <ApplicationStatus.APPLIED: 'applied'>, 'location': None, 'job_url': None, 'notes': None, 'company_id': 3, 'user_id': 2}
2026-06-19 23:46:27,329 | DEBUG | app.repos.application_repository | Repository application before add: <app.models.application.Application object at 0x00000271D7EF9ED0>
2026-06-19 23:46:27,334 | DEBUG | app.repos.application_repository | has company_name property: False
2026-06-19 23:46:27,334 | DEBUG | app.repos.application_repository | Repository application after refresh: <app.models.application.Application object at 0x00000271D7EF9ED0>
2026-06-19 23:46:27,334 | DEBUG | app.repos.application_repository | Company relation refresh after refresh: <app.models.company.Company object at 0x00000271D8349910>
2026-06-19 23:46:27,334 | DEBUG | app.repos.application_repository | company name after refresh: Company 0
2026-06-19 23:46:27,334 | DEBUG | app.services.application_service | Application company ID: 3
2026-06-19 23:46:27,334 | DEBUG | app.services.application_service | Application name attr: Company 0
2026-06-19 23:46:27,334 | DEBUG | app.api.applications | Route result: <app.models.application.Application object at 0x00000271D7EF9ED0>
2026-06-19 23:46:27,334 | DEBUG | app.api.applications | Route result dictionary: {'_sa_instance_state': <sqlalchemy.orm.state.InstanceState object at 0x00000271D8264F50>, 'status': <ApplicationStatus.APPLIED: 'applied'>, 'created_at': datetime.datetime(2026, 6, 19, 21, 46, 27, 334273, tzinfo=zoneinfo.ZoneInfo(key='Africa/Johannesburg')), 'deadline': None, 'notes': None, 'company_id': 3, 'id': 3, 'role': 'Developer', 'location': None, 'job_url': None, 'updated_at': datetime.datetime(2026, 6, 19, 21, 46, 27, 334273, tzinfo=zoneinfo.ZoneInfo(key='Africa/Johannesburg')), 'follow_up_date': None, 'user_id': 2, 'company': <app.models.company.Company object at 0x00000271D8349910>}
2026-06-19 23:46:27,334 | DEBUG | app.api.applications | Route company: <app.models.company.Company object at 0x00000271D8349910>
2026-06-19 23:46:27,334 | DEBUG | app.api.applications | Route company_name: Company 0
2026-06-19 23:46:27,350 | DEBUG | app.services.application_service | Company Name: Company 1
2026-06-19 23:46:27,350 | DEBUG | app.services.application_service | Company Found: None
2026-06-19 23:46:27,361 | DEBUG | app.services.application_service | company CREATED: ID is 4, name=Company 1
2026-06-19 23:46:27,361 | DEBUG | app.services.application_service | FINAL APPLICATION DATA: {'role': 'Developer', 'status': <ApplicationStatus.APPLIED: 'applied'>, 'location': None, 'job_url': None, 'notes': None, 'company_id': 4, 'user_id': 2}
2026-06-19 23:46:27,361 | DEBUG | app.repos.application_repository | Repository application before add: <app.models.application.Application object at 0x00000271D7EFD590>
2026-06-19 23:46:27,361 | DEBUG | app.repos.application_repository | has company_name property: False
2026-06-19 23:46:27,367 | DEBUG | app.repos.application_repository | Repository application after refresh: <app.models.application.Application object at 0x00000271D7EFD590>
2026-06-19 23:46:27,367 | DEBUG | app.repos.application_repository | Company relation refresh after refresh: <app.models.company.Company object at 0x00000271D8391350>
2026-06-19 23:46:27,367 | DEBUG | app.repos.application_repository | company name after refresh: Company 1
2026-06-19 23:46:27,367 | DEBUG | app.services.application_service | Application company ID: 4
2026-06-19 23:46:27,367 | DEBUG | app.services.application_service | Application name attr: Company 1
2026-06-19 23:46:27,367 | DEBUG | app.api.applications | Route result: <app.models.application.Application object at 0x00000271D7EFD590>
2026-06-19 23:46:27,367 | DEBUG | app.api.applications | Route result dictionary: {'_sa_instance_state': <sqlalchemy.orm.state.InstanceState object at 0x00000271D834CD10>, 'status': <ApplicationStatus.APPLIED: 'applied'>, 'created_at': datetime.datetime(2026, 6, 19, 21, 46, 27, 367602, tzinfo=zoneinfo.ZoneInfo(key='Africa/Johannesburg')), 'deadline': None, 'notes': None, 'company_id': 4, 'id': 4, 'role': 'Developer', 'location': None, 'job_url': None, 'updated_at': datetime.datetime(2026, 6, 19, 21, 46, 27, 367602, tzinfo=zoneinfo.ZoneInfo(key='Africa/Johannesburg')), 'follow_up_date': None, 'user_id': 2, 'company': <app.models.company.Company object at 0x00000271D8391350>}
2026-06-19 23:46:27,367 | DEBUG | app.api.applications | Route company: <app.models.company.Company object at 0x00000271D8391350>
2026-06-19 23:46:27,367 | DEBUG | app.api.applications | Route company_name: Company 1
2026-06-19 23:46:27,389 | DEBUG | app.services.application_service | Company Name: Company 2
2026-06-19 23:46:27,393 | DEBUG | app.services.application_service | Company Found: None
2026-06-19 23:46:27,393 | DEBUG | app.services.application_service | company CREATED: ID is 5, name=Company 2
2026-06-19 23:46:27,393 | DEBUG | app.services.application_service | FINAL APPLICATION DATA: {'role': 'Developer', 'status': <ApplicationStatus.APPLIED: 'applied'>, 'location': None, 'job_url': None, 'notes': None, 'company_id': 5, 'user_id': 2}
2026-06-19 23:46:27,393 | DEBUG | app.repos.application_repository | Repository application before add: <app.models.application.Application object at 0x00000271D83917D0>
2026-06-19 23:46:27,393 | DEBUG | app.repos.application_repository | has company_name property: False
2026-06-19 23:46:27,400 | DEBUG | app.repos.application_repository | Repository application after refresh: <app.models.application.Application object at 0x00000271D83917D0>
2026-06-19 23:46:27,400 | DEBUG | app.repos.application_repository | Company relation refresh after refresh: <app.models.company.Company object at 0x00000271D8390C90>
2026-06-19 23:46:27,400 | DEBUG | app.repos.application_repository | company name after refresh: Company 2
2026-06-19 23:46:27,400 | DEBUG | app.services.application_service | Application company ID: 5
2026-06-19 23:46:27,400 | DEBUG | app.services.application_service | Application name attr: Company 2
2026-06-19 23:46:27,400 | DEBUG | app.api.applications | Route result: <app.models.application.Application object at 0x00000271D83917D0>
2026-06-19 23:46:27,400 | DEBUG | app.api.applications | Route result dictionary: {'_sa_instance_state': <sqlalchemy.orm.state.InstanceState object at 0x00000271D834E7B0>, 'status': <ApplicationStatus.APPLIED: 'applied'>, 'created_at': datetime.datetime(2026, 6, 19, 21, 46, 27, 400168, tzinfo=zoneinfo.ZoneInfo(key='Africa/Johannesburg')), 'deadline': None, 'notes': None, 'company_id': 5, 'id': 5, 'role': 'Developer', 'location': None, 'job_url': None, 'updated_at': datetime.datetime(2026, 6, 19, 21, 46, 27, 400168, tzinfo=zoneinfo.ZoneInfo(key='Africa/Johannesburg')), 'follow_up_date': None, 'user_id': 2, 'company': <app.models.company.Company object at 0x00000271D8390C90>}
2026-06-19 23:46:27,400 | DEBUG | app.api.applications | Route company: <app.models.company.Company object at 0x00000271D8390C90>
2026-06-19 23:46:27,400 | DEBUG | app.api.applications | Route company_name: Company 2
2026-06-19 23:46:27,424 | DEBUG | app.services.application_service | Company Name: Company 3
2026-06-19 23:46:27,426 | DEBUG | app.services.application_service | Company Found: None
2026-06-19 23:46:27,428 | DEBUG | app.services.application_service | company CREATED: ID is 6, name=Company 3
2026-06-19 23:46:27,428 | DEBUG | app.services.application_service | FINAL APPLICATION DATA: {'role': 'Developer', 'status': <ApplicationStatus.APPLIED: 'applied'>, 'location': None, 'job_url': None, 'notes': None, 'company_id': 6, 'user_id': 2}
2026-06-19 23:46:27,428 | DEBUG | app.repos.application_repository | Repository application before add: <app.models.application.Application object at 0x00000271D8392250>
2026-06-19 23:46:27,428 | DEBUG | app.repos.application_repository | has company_name property: False
2026-06-19 23:46:27,434 | DEBUG | app.repos.application_repository | Repository application after refresh: <app.models.application.Application object at 0x00000271D8392250>
2026-06-19 23:46:27,434 | DEBUG | app.repos.application_repository | Company relation refresh after refresh: <app.models.company.Company object at 0x00000271D8391210>
2026-06-19 23:46:27,434 | DEBUG | app.repos.application_repository | company name after refresh: Company 3
2026-06-19 23:46:27,434 | DEBUG | app.services.application_service | Application company ID: 6
2026-06-19 23:46:27,434 | DEBUG | app.services.application_service | Application name attr: Company 3
2026-06-19 23:46:27,434 | DEBUG | app.api.applications | Route result: <app.models.application.Application object at 0x00000271D8392250>
2026-06-19 23:46:27,434 | DEBUG | app.api.applications | Route result dictionary: {'_sa_instance_state': <sqlalchemy.orm.state.InstanceState object at 0x00000271D834E8D0>, 'status': <ApplicationStatus.APPLIED: 'applied'>, 'created_at': datetime.datetime(2026, 6, 19, 21, 46, 27, 428773, tzinfo=zoneinfo.ZoneInfo(key='Africa/Johannesburg')), 'deadline': None, 'notes': None, 'company_id': 6, 'id': 6, 'role': 'Developer', 'location': None, 'job_url': None, 'updated_at': datetime.datetime(2026, 6, 19, 21, 46, 27, 428773, tzinfo=zoneinfo.ZoneInfo(key='Africa/Johannesburg')), 'follow_up_date': None, 'user_id': 2, 'company': <app.models.company.Company object at 0x00000271D8391210>}
2026-06-19 23:46:27,434 | DEBUG | app.api.applications | Route company: <app.models.company.Company object at 0x00000271D8391210>
2026-06-19 23:46:27,434 | DEBUG | app.api.applications | Route company_name: Company 3
2026-06-19 23:46:27,456 | DEBUG | app.services.application_service | Company Name: Company 4
2026-06-19 23:46:27,459 | DEBUG | app.services.application_service | Company Found: None
2026-06-19 23:46:27,465 | DEBUG | app.services.application_service | company CREATED: ID is 7, name=Company 4
2026-06-19 23:46:27,466 | DEBUG | app.services.application_service | FINAL APPLICATION DATA: {'role': 'Developer', 'status': <ApplicationStatus.APPLIED: 'applied'>, 'location': None, 'job_url': None, 'notes': None, 'company_id': 7, 'user_id': 2}
2026-06-19 23:46:27,466 | DEBUG | app.repos.application_repository | Repository application before add: <app.models.application.Application object at 0x00000271D7E53C50>
2026-06-19 23:46:27,466 | DEBUG | app.repos.application_repository | has company_name property: False
2026-06-19 23:46:27,469 | DEBUG | app.repos.application_repository | Repository application after refresh: <app.models.application.Application object at 0x00000271D7E53C50>
2026-06-19 23:46:27,469 | DEBUG | app.repos.application_repository | Company relation refresh after refresh: <app.models.company.Company object at 0x00000271D796A810>
2026-06-19 23:46:27,469 | DEBUG | app.repos.application_repository | company name after refresh: Company 4
2026-06-19 23:46:27,469 | DEBUG | app.services.application_service | Application company ID: 7
2026-06-19 23:46:27,469 | DEBUG | app.services.application_service | Application name attr: Company 4
2026-06-19 23:46:27,469 | DEBUG | app.api.applications | Route result: <app.models.application.Application object at 0x00000271D7E53C50>
2026-06-19 23:46:27,469 | DEBUG | app.api.applications | Route result dictionary: {'_sa_instance_state': <sqlalchemy.orm.state.InstanceState object at 0x00000271D834E690>, 'status': <ApplicationStatus.APPLIED: 'applied'>, 'created_at': datetime.datetime(2026, 6, 19, 21, 46, 27, 466322, tzinfo=zoneinfo.ZoneInfo(key='Africa/Johannesburg')), 'deadline': None, 'notes': None, 'company_id': 7, 'id': 7, 'role': 'Developer', 'location': None, 'job_url': None, 'updated_at': datetime.datetime(2026, 6, 19, 21, 46, 27, 466322, tzinfo=zoneinfo.ZoneInfo(key='Africa/Johannesburg')), 'follow_up_date': None, 'user_id': 2, 'company': <app.models.company.Company object at 0x00000271D796A810>}
2026-06-19 23:46:27,469 | DEBUG | app.api.applications | Route company: <app.models.company.Company object at 0x00000271D796A810>
2026-06-19 23:46:27,469 | DEBUG | app.api.applications | Route company_name: Company 4
2026-06-19 23:46:27,488 | DEBUG | app.services.application_service | Company Name: Company 5
2026-06-19 23:46:27,492 | DEBUG | app.services.application_service | Company Found: None
2026-06-19 23:46:27,497 | DEBUG | app.services.application_service | company CREATED: ID is 8, name=Company 5
2026-06-19 23:46:27,497 | DEBUG | app.services.application_service | FINAL APPLICATION DATA: {'role': 'Developer', 'status': <ApplicationStatus.APPLIED: 'applied'>, 'location': None, 'job_url': None, 'notes': None, 'company_id': 8, 'user_id': 2}
2026-06-19 23:46:27,497 | DEBUG | app.repos.application_repository | Repository application before add: <app.models.application.Application object at 0x00000271D8383310>
2026-06-19 23:46:27,497 | DEBUG | app.repos.application_repository | has company_name property: False
2026-06-19 23:46:27,500 | DEBUG | app.repos.application_repository | Repository application after refresh: <app.models.application.Application object at 0x00000271D8383310>
2026-06-19 23:46:27,500 | DEBUG | app.repos.application_repository | Company relation refresh after refresh: <app.models.company.Company object at 0x00000271D8391250>
2026-06-19 23:46:27,500 | DEBUG | app.repos.application_repository | company name after refresh: Company 5
2026-06-19 23:46:27,500 | DEBUG | app.services.application_service | Application company ID: 8
2026-06-19 23:46:27,500 | DEBUG | app.services.application_service | Application name attr: Company 5
2026-06-19 23:46:27,500 | DEBUG | app.api.applications | Route result: <app.models.application.Application object at 0x00000271D8383310>
2026-06-19 23:46:27,500 | DEBUG | app.api.applications | Route result dictionary: {'_sa_instance_state': <sqlalchemy.orm.state.InstanceState object at 0x00000271D834C890>, 'status': <ApplicationStatus.APPLIED: 'applied'>, 'created_at': datetime.datetime(2026, 6, 19, 21, 46, 27, 500284, tzinfo=zoneinfo.ZoneInfo(key='Africa/Johannesburg')), 'deadline': None, 'notes': None, 'company_id': 8, 'id': 8, 'role': 'Developer', 'location': None, 'job_url': None, 'updated_at': datetime.datetime(2026, 6, 19, 21, 46, 27, 500284, tzinfo=zoneinfo.ZoneInfo(key='Africa/Johannesburg')), 'follow_up_date': None, 'user_id': 2, 'company': <app.models.company.Company object at 0x00000271D8391250>}
2026-06-19 23:46:27,500 | DEBUG | app.api.applications | Route company: <app.models.company.Company object at 0x00000271D8391250>
2026-06-19 23:46:27,500 | DEBUG | app.api.applications | Route company_name: Company 5
2026-06-19 23:46:27,520 | DEBUG | app.services.application_service | Company Name: Company 6
2026-06-19 23:46:27,523 | DEBUG | app.services.application_service | Company Found: None
2026-06-19 23:46:27,529 | DEBUG | app.services.application_service | company CREATED: ID is 9, name=Company 6
2026-06-19 23:46:27,529 | DEBUG | app.services.application_service | FINAL APPLICATION DATA: {'role': 'Developer', 'status': <ApplicationStatus.APPLIED: 'applied'>, 'location': None, 'job_url': None, 'notes': None, 'company_id': 9, 'user_id': 2}
2026-06-19 23:46:27,529 | DEBUG | app.repos.application_repository | Repository application before add: <app.models.application.Application object at 0x00000271D8376050>
2026-06-19 23:46:27,529 | DEBUG | app.repos.application_repository | has company_name property: False
2026-06-19 23:46:27,534 | DEBUG | app.repos.application_repository | Repository application after refresh: <app.models.application.Application object at 0x00000271D8376050>
2026-06-19 23:46:27,538 | DEBUG | app.repos.application_repository | Company relation refresh after refresh: <app.models.company.Company object at 0x00000271D8391890>
2026-06-19 23:46:27,538 | DEBUG | app.repos.application_repository | company name after refresh: Company 6
2026-06-19 23:46:27,538 | DEBUG | app.services.application_service | Application company ID: 9
2026-06-19 23:46:27,538 | DEBUG | app.services.application_service | Application name attr: Company 6
2026-06-19 23:46:27,538 | DEBUG | app.api.applications | Route result: <app.models.application.Application object at 0x00000271D8376050>
2026-06-19 23:46:27,538 | DEBUG | app.api.applications | Route result dictionary: {'_sa_instance_state': <sqlalchemy.orm.state.InstanceState object at 0x00000271D834E990>, 'status': <ApplicationStatus.APPLIED: 'applied'>, 'created_at': datetime.datetime(2026, 6, 19, 21, 46, 27, 529682, tzinfo=zoneinfo.ZoneInfo(key='Africa/Johannesburg')), 'deadline': None, 'notes': None, 'company_id': 9, 'id': 9, 'role': 'Developer', 'location': None, 'job_url': None, 'updated_at': datetime.datetime(2026, 6, 19, 21, 46, 27, 529682, tzinfo=zoneinfo.ZoneInfo(key='Africa/Johannesburg')), 'follow_up_date': None, 'user_id': 2, 'company': <app.models.company.Company object at 0x00000271D8391890>}
2026-06-19 23:46:27,538 | DEBUG | app.api.applications | Route company: <app.models.company.Company object at 0x00000271D8391890>
2026-06-19 23:46:27,538 | DEBUG | app.api.applications | Route company_name: Company 6
2026-06-19 23:46:27,556 | DEBUG | app.services.application_service | Company Name: Company 7
2026-06-19 23:46:27,556 | DEBUG | app.services.application_service | Company Found: None
2026-06-19 23:46:27,562 | DEBUG | app.services.application_service | company CREATED: ID is 10, name=Company 7
2026-06-19 23:46:27,562 | DEBUG | app.services.application_service | FINAL APPLICATION DATA: {'role': 'Developer', 'status': <ApplicationStatus.APPLIED: 'applied'>, 'location': None, 'job_url': None, 'notes': None, 'company_id': 10, 'user_id': 2}
2026-06-19 23:46:27,562 | DEBUG | app.repos.application_repository | Repository application before add: <app.models.application.Application object at 0x00000271D83832D0>
2026-06-19 23:46:27,562 | DEBUG | app.repos.application_repository | has company_name property: False
2026-06-19 23:46:27,562 | DEBUG | app.repos.application_repository | Repository application after refresh: <app.models.application.Application object at 0x00000271D83832D0>
2026-06-19 23:46:27,570 | DEBUG | app.repos.application_repository | Company relation refresh after refresh: <app.models.company.Company object at 0x00000271D82F9C10>
2026-06-19 23:46:27,570 | DEBUG | app.repos.application_repository | company name after refresh: Company 7
2026-06-19 23:46:27,573 | DEBUG | app.services.application_service | Application company ID: 10
2026-06-19 23:46:27,573 | DEBUG | app.services.application_service | Application name attr: Company 7
2026-06-19 23:46:27,573 | DEBUG | app.api.applications | Route result: <app.models.application.Application object at 0x00000271D83832D0>
2026-06-19 23:46:27,573 | DEBUG | app.api.applications | Route result dictionary: {'_sa_instance_state': <sqlalchemy.orm.state.InstanceState object at 0x00000271D834CAD0>, 'status': <ApplicationStatus.APPLIED: 'applied'>, 'created_at': datetime.datetime(2026, 6, 19, 21, 46, 27, 562868, tzinfo=zoneinfo.ZoneInfo(key='Africa/Johannesburg')), 'deadline': None, 'notes': None, 'company_id': 10, 'id': 10, 'role': 'Developer', 'location': None, 'job_url': None, 'updated_at': datetime.datetime(2026, 6, 19, 21, 46, 27, 562868, tzinfo=zoneinfo.ZoneInfo(key='Africa/Johannesburg')), 'follow_up_date': None, 'user_id': 2, 'company': <app.models.company.Company object at 0x00000271D82F9C10>}
2026-06-19 23:46:27,573 | DEBUG | app.api.applications | Route company: <app.models.company.Company object at 0x00000271D82F9C10>
2026-06-19 23:46:27,573 | DEBUG | app.api.applications | Route company_name: Company 7
2026-06-19 23:46:27,582 | DEBUG | app.services.application_service | Company Name: Company 8
2026-06-19 23:46:27,589 | DEBUG | app.services.application_service | Company Found: None
2026-06-19 23:46:27,593 | DEBUG | app.services.application_service | company CREATED: ID is 11, name=Company 8
2026-06-19 23:46:27,593 | DEBUG | app.services.application_service | FINAL APPLICATION DATA: {'role': 'Developer', 'status': <ApplicationStatus.APPLIED: 'applied'>, 'location': None, 'job_url': None, 'notes': None, 'company_id': 11, 'user_id': 2}
2026-06-19 23:46:27,593 | DEBUG | app.repos.application_repository | Repository application before add: <app.models.application.Application object at 0x00000271D8383D50>
2026-06-19 23:46:27,593 | DEBUG | app.repos.application_repository | has company_name property: False
2026-06-19 23:46:27,597 | DEBUG | app.repos.application_repository | Repository application after refresh: <app.models.application.Application object at 0x00000271D8383D50>
2026-06-19 23:46:27,597 | DEBUG | app.repos.application_repository | Company relation refresh after refresh: <app.models.company.Company object at 0x00000271D8392910>
2026-06-19 23:46:27,605 | DEBUG | app.repos.application_repository | company name after refresh: Company 8
2026-06-19 23:46:27,605 | DEBUG | app.services.application_service | Application company ID: 11
2026-06-19 23:46:27,605 | DEBUG | app.services.application_service | Application name attr: Company 8
2026-06-19 23:46:27,605 | DEBUG | app.api.applications | Route result: <app.models.application.Application object at 0x00000271D8383D50>
2026-06-19 23:46:27,605 | DEBUG | app.api.applications | Route result dictionary: {'_sa_instance_state': <sqlalchemy.orm.state.InstanceState object at 0x00000271D834ECF0>, 'status': <ApplicationStatus.APPLIED: 'applied'>, 'created_at': datetime.datetime(2026, 6, 19, 21, 46, 27, 597959, tzinfo=zoneinfo.ZoneInfo(key='Africa/Johannesburg')), 'deadline': None, 'notes': None, 'company_id': 11, 'id': 11, 'role': 'Developer', 'location': None, 'job_url': None, 'updated_at': datetime.datetime(2026, 6, 19, 21, 46, 27, 597959, tzinfo=zoneinfo.ZoneInfo(key='Africa/Johannesburg')), 'follow_up_date': None, 'user_id': 2, 'company': <app.models.company.Company object at 0x00000271D8392910>}
2026-06-19 23:46:27,605 | DEBUG | app.api.applications | Route company: <app.models.company.Company object at 0x00000271D8392910>
2026-06-19 23:46:27,605 | DEBUG | app.api.applications | Route company_name: Company 8
2026-06-19 23:46:27,621 | DEBUG | app.services.application_service | Company Name: Company 9
2026-06-19 23:46:27,621 | DEBUG | app.services.application_service | Company Found: None
2026-06-19 23:46:27,621 | DEBUG | app.services.application_service | company CREATED: ID is 12, name=Company 9
2026-06-19 23:46:27,621 | DEBUG | app.services.application_service | FINAL APPLICATION DATA: {'role': 'Developer', 'status': <ApplicationStatus.APPLIED: 'applied'>, 'location': None, 'job_url': None, 'notes': None, 'company_id': 12, 'user_id': 2}
2026-06-19 23:46:27,621 | DEBUG | app.repos.application_repository | Repository application before add: <app.models.application.Application object at 0x00000271D8392B90>
2026-06-19 23:46:27,621 | DEBUG | app.repos.application_repository | has company_name property: False
2026-06-19 23:46:27,621 | DEBUG | app.repos.application_repository | Repository application after refresh: <app.models.application.Application object at 0x00000271D8392B90>
2026-06-19 23:46:27,637 | DEBUG | app.repos.application_repository | Company relation refresh after refresh: <app.models.company.Company object at 0x00000271D8391350>
2026-06-19 23:46:27,638 | DEBUG | app.repos.application_repository | company name after refresh: Company 9
2026-06-19 23:46:27,638 | DEBUG | app.services.application_service | Application company ID: 12
2026-06-19 23:46:27,638 | DEBUG | app.services.application_service | Application name attr: Company 9
2026-06-19 23:46:27,638 | DEBUG | app.api.applications | Route result: <app.models.application.Application object at 0x00000271D8392B90>
2026-06-19 23:46:27,638 | DEBUG | app.api.applications | Route result dictionary: {'_sa_instance_state': <sqlalchemy.orm.state.InstanceState object at 0x00000271D834EE10>, 'status': <ApplicationStatus.APPLIED: 'applied'>, 'created_at': datetime.datetime(2026, 6, 19, 21, 46, 27, 621742, tzinfo=zoneinfo.ZoneInfo(key='Africa/Johannesburg')), 'deadline': None, 'notes': None, 'company_id': 12, 'id': 12, 'role': 'Developer', 'location': None, 'job_url': None, 'updated_at': datetime.datetime(2026, 6, 19, 21, 46, 27, 621742, tzinfo=zoneinfo.ZoneInfo(key='Africa/Johannesburg')), 'follow_up_date': None, 'user_id': 2, 'company': <app.models.company.Company object at 0x00000271D8391350>}
2026-06-19 23:46:27,638 | DEBUG | app.api.applications | Route company: <app.models.company.Company object at 0x00000271D8391350>
2026-06-19 23:46:27,638 | DEBUG | app.api.applications | Route company_name: Company 9
2026-06-19 23:46:27,654 | DEBUG | app.services.application_service | Company Name: Company 10
2026-06-19 23:46:27,654 | DEBUG | app.services.application_service | Company Found: None
2026-06-19 23:46:27,659 | DEBUG | app.services.application_service | company CREATED: ID is 13, name=Company 10
2026-06-19 23:46:27,659 | DEBUG | app.services.application_service | FINAL APPLICATION DATA: {'role': 'Developer', 'status': <ApplicationStatus.APPLIED: 'applied'>, 'location': None, 'job_url': None, 'notes': None, 'company_id': 13, 'user_id': 2}
2026-06-19 23:46:27,659 | DEBUG | app.repos.application_repository | Repository application before add: <app.models.application.Application object at 0x00000271D8443550>
2026-06-19 23:46:27,659 | DEBUG | app.repos.application_repository | has company_name property: False
2026-06-19 23:46:27,662 | DEBUG | app.repos.application_repository | Repository application after refresh: <app.models.application.Application object at 0x00000271D8443550>
2026-06-19 23:46:27,662 | DEBUG | app.repos.application_repository | Company relation refresh after refresh: <app.models.company.Company object at 0x00000271D8430910>
2026-06-19 23:46:27,662 | DEBUG | app.repos.application_repository | company name after refresh: Company 10
2026-06-19 23:46:27,662 | DEBUG | app.services.application_service | Application company ID: 13
2026-06-19 23:46:27,662 | DEBUG | app.services.application_service | Application name attr: Company 10
2026-06-19 23:46:27,670 | DEBUG | app.api.applications | Route result: <app.models.application.Application object at 0x00000271D8443550>
2026-06-19 23:46:27,670 | DEBUG | app.api.applications | Route result dictionary: {'_sa_instance_state': <sqlalchemy.orm.state.InstanceState object at 0x00000271D834F1D0>, 'status': <ApplicationStatus.APPLIED: 'applied'>, 'created_at': datetime.datetime(2026, 6, 19, 21, 46, 27, 662325, tzinfo=zoneinfo.ZoneInfo(key='Africa/Johannesburg')), 'deadline': None, 'notes': None, 'company_id': 13, 'id': 13, 'role': 'Developer', 'location': None, 'job_url': None, 'updated_at': datetime.datetime(2026, 6, 19, 21, 46, 27, 662325, tzinfo=zoneinfo.ZoneInfo(key='Africa/Johannesburg')), 'follow_up_date': None, 'user_id': 2, 'company': <app.models.company.Company object at 0x00000271D8430910>}
2026-06-19 23:46:27,670 | DEBUG | app.api.applications | Route company: <app.models.company.Company object at 0x00000271D8430910>
2026-06-19 23:46:27,670 | DEBUG | app.api.applications | Route company_name: Company 10
2026-06-19 23:46:27,678 | DEBUG | app.services.application_service | Company Name: Company 11
2026-06-19 23:46:27,687 | DEBUG | app.services.application_service | Company Found: None
2026-06-19 23:46:27,687 | DEBUG | app.services.application_service | company CREATED: ID is 14, name=Company 11
2026-06-19 23:46:27,687 | DEBUG | app.services.application_service | FINAL APPLICATION DATA: {'role': 'Developer', 'status': <ApplicationStatus.APPLIED: 'applied'>, 'location': None, 'job_url': None, 'notes': None, 'company_id': 14, 'user_id': 2}
2026-06-19 23:46:27,687 | DEBUG | app.repos.application_repository | Repository application before add: <app.models.application.Application object at 0x00000271D8433490>
2026-06-19 23:46:27,687 | DEBUG | app.repos.application_repository | has company_name property: False
2026-06-19 23:46:27,687 | DEBUG | app.repos.application_repository | Repository application after refresh: <app.models.application.Application object at 0x00000271D8433490>
2026-06-19 23:46:27,687 | DEBUG | app.repos.application_repository | Company relation refresh after refresh: <app.models.company.Company object at 0x00000271D8392910>
2026-06-19 23:46:27,687 | DEBUG | app.repos.application_repository | company name after refresh: Company 11
2026-06-19 23:46:27,687 | DEBUG | app.services.application_service | Application company ID: 14
2026-06-19 23:46:27,687 | DEBUG | app.services.application_service | Application name attr: Company 11
2026-06-19 23:46:27,687 | DEBUG | app.api.applications | Route result: <app.models.application.Application object at 0x00000271D8433490>
2026-06-19 23:46:27,687 | DEBUG | app.api.applications | Route result dictionary: {'_sa_instance_state': <sqlalchemy.orm.state.InstanceState object at 0x00000271D834F3B0>, 'status': <ApplicationStatus.APPLIED: 'applied'>, 'created_at': datetime.datetime(2026, 6, 19, 21, 46, 27, 687169, tzinfo=zoneinfo.ZoneInfo(key='Africa/Johannesburg')), 'deadline': None, 'notes': None, 'company_id': 14, 'id': 14, 'role': 'Developer', 'location': None, 'job_url': None, 'updated_at': datetime.datetime(2026, 6, 19, 21, 46, 27, 687169, tzinfo=zoneinfo.ZoneInfo(key='Africa/Johannesburg')), 'follow_up_date': None, 'user_id': 2, 'company': <app.models.company.Company object at 0x00000271D8392910>}
2026-06-19 23:46:27,687 | DEBUG | app.api.applications | Route company: <app.models.company.Company object at 0x00000271D8392910>
2026-06-19 23:46:27,702 | DEBUG | app.api.applications | Route company_name: Company 11
2026-06-19 23:46:27,713 | DEBUG | app.services.application_service | Company Name: Company 12
2026-06-19 23:46:27,718 | DEBUG | app.services.application_service | Company Found: None
2026-06-19 23:46:27,724 | DEBUG | app.services.application_service | company CREATED: ID is 15, name=Company 12
2026-06-19 23:46:27,724 | DEBUG | app.services.application_service | FINAL APPLICATION DATA: {'role': 'Developer', 'status': <ApplicationStatus.APPLIED: 'applied'>, 'location': None, 'job_url': None, 'notes': None, 'company_id': 15, 'user_id': 2}
2026-06-19 23:46:27,724 | DEBUG | app.repos.application_repository | Repository application before add: <app.models.application.Application object at 0x00000271D8441390>
2026-06-19 23:46:27,724 | DEBUG | app.repos.application_repository | has company_name property: False
2026-06-19 23:46:27,724 | DEBUG | app.repos.application_repository | Repository application after refresh: <app.models.application.Application object at 0x00000271D8441390>
2026-06-19 23:46:27,724 | DEBUG | app.repos.application_repository | Company relation refresh after refresh: <app.models.company.Company object at 0x00000271D8430E10>
2026-06-19 23:46:27,734 | DEBUG | app.repos.application_repository | company name after refresh: Company 12
2026-06-19 23:46:27,734 | DEBUG | app.services.application_service | Application company ID: 15
2026-06-19 23:46:27,734 | DEBUG | app.services.application_service | Application name attr: Company 12
2026-06-19 23:46:27,734 | DEBUG | app.api.applications | Route result: <app.models.application.Application object at 0x00000271D8441390>
2026-06-19 23:46:27,734 | DEBUG | app.api.applications | Route result dictionary: {'_sa_instance_state': <sqlalchemy.orm.state.InstanceState object at 0x00000271D834F230>, 'status': <ApplicationStatus.APPLIED: 'applied'>, 'created_at': datetime.datetime(2026, 6, 19, 21, 46, 27, 724846, tzinfo=zoneinfo.ZoneInfo(key='Africa/Johannesburg')), 'deadline': None, 'notes': None, 'company_id': 15, 'id': 15, 'role': 'Developer', 'location': None, 'job_url': None, 'updated_at': datetime.datetime(2026, 6, 19, 21, 46, 27, 724846, tzinfo=zoneinfo.ZoneInfo(key='Africa/Johannesburg')), 'follow_up_date': None, 'user_id': 2, 'company': <app.models.company.Company object at 0x00000271D8430E10>}
2026-06-19 23:46:27,734 | DEBUG | app.api.applications | Route company: <app.models.company.Company object at 0x00000271D8430E10>
2026-06-19 23:46:27,734 | DEBUG | app.api.applications | Route company_name: Company 12
2026-06-19 23:46:27,750 | DEBUG | app.services.application_service | Company Name: Company 13
2026-06-19 23:46:27,750 | DEBUG | app.services.application_service | Company Found: None
2026-06-19 23:46:27,750 | DEBUG | app.services.application_service | company CREATED: ID is 16, name=Company 13
2026-06-19 23:46:27,750 | DEBUG | app.services.application_service | FINAL APPLICATION DATA: {'role': 'Developer', 'status': <ApplicationStatus.APPLIED: 'applied'>, 'location': None, 'job_url': None, 'notes': None, 'company_id': 16, 'user_id': 2}
2026-06-19 23:46:27,758 | DEBUG | app.repos.application_repository | Repository application before add: <app.models.application.Application object at 0x00000271D83755D0>
2026-06-19 23:46:27,758 | DEBUG | app.repos.application_repository | has company_name property: False
2026-06-19 23:46:27,758 | DEBUG | app.repos.application_repository | Repository application after refresh: <app.models.application.Application object at 0x00000271D83755D0>
2026-06-19 23:46:27,767 | DEBUG | app.repos.application_repository | Company relation refresh after refresh: <app.models.company.Company object at 0x00000271D8376050>
2026-06-19 23:46:27,767 | DEBUG | app.repos.application_repository | company name after refresh: Company 13
2026-06-19 23:46:27,767 | DEBUG | app.services.application_service | Application company ID: 16
2026-06-19 23:46:27,767 | DEBUG | app.services.application_service | Application name attr: Company 13
2026-06-19 23:46:27,767 | DEBUG | app.api.applications | Route result: <app.models.application.Application object at 0x00000271D83755D0>
2026-06-19 23:46:27,767 | DEBUG | app.api.applications | Route result dictionary: {'_sa_instance_state': <sqlalchemy.orm.state.InstanceState object at 0x00000271D834F6B0>, 'status': <ApplicationStatus.APPLIED: 'applied'>, 'created_at': datetime.datetime(2026, 6, 19, 21, 46, 27, 758916, tzinfo=zoneinfo.ZoneInfo(key='Africa/Johannesburg')), 'deadline': None, 'notes': None, 'company_id': 16, 'id': 16, 'role': 'Developer', 'location': None, 'job_url': None, 'updated_at': datetime.datetime(2026, 6, 19, 21, 46, 27, 758916, tzinfo=zoneinfo.ZoneInfo(key='Africa/Johannesburg')), 'follow_up_date': None, 'user_id': 2, 'company': <app.models.company.Company object at 0x00000271D8376050>}
2026-06-19 23:46:27,767 | DEBUG | app.api.applications | Route company: <app.models.company.Company object at 0x00000271D8376050>
2026-06-19 23:46:27,767 | DEBUG | app.api.applications | Route company_name: Company 13
2026-06-19 23:46:27,782 | DEBUG | app.services.application_service | Company Name: Company 14
2026-06-19 23:46:27,782 | DEBUG | app.services.application_service | Company Found: None
2026-06-19 23:46:27,782 | DEBUG | app.services.application_service | company CREATED: ID is 17, name=Company 14
2026-06-19 23:46:27,782 | DEBUG | app.services.application_service | FINAL APPLICATION DATA: {'role': 'Developer', 'status': <ApplicationStatus.APPLIED: 'applied'>, 'location': None, 'job_url': None, 'notes': None, 'company_id': 17, 'user_id': 2}
2026-06-19 23:46:27,782 | DEBUG | app.repos.application_repository | Repository application before add: <app.models.application.Application object at 0x00000271D8392C10>
2026-06-19 23:46:27,782 | DEBUG | app.repos.application_repository | has company_name property: False
2026-06-19 23:46:27,782 | DEBUG | app.repos.application_repository | Repository application after refresh: <app.models.application.Application object at 0x00000271D8392C10>
2026-06-19 23:46:27,798 | DEBUG | app.repos.application_repository | Company relation refresh after refresh: <app.models.company.Company object at 0x00000271D8390090>
2026-06-19 23:46:27,798 | DEBUG | app.repos.application_repository | company name after refresh: Company 14
2026-06-19 23:46:27,798 | DEBUG | app.services.application_service | Application company ID: 17
2026-06-19 23:46:27,798 | DEBUG | app.services.application_service | Application name attr: Company 14
2026-06-19 23:46:27,798 | DEBUG | app.api.applications | Route result: <app.models.application.Application object at 0x00000271D8392C10>
2026-06-19 23:46:27,798 | DEBUG | app.api.applications | Route result dictionary: {'_sa_instance_state': <sqlalchemy.orm.state.InstanceState object at 0x00000271D834F770>, 'status': <ApplicationStatus.APPLIED: 'applied'>, 'created_at': datetime.datetime(2026, 6, 19, 21, 46, 27, 782930, tzinfo=zoneinfo.ZoneInfo(key='Africa/Johannesburg')), 'deadline': None, 'notes': None, 'company_id': 17, 'id': 17, 'role': 'Developer', 'location': None, 'job_url': None, 'updated_at': datetime.datetime(2026, 6, 19, 21, 46, 27, 782930, tzinfo=zoneinfo.ZoneInfo(key='Africa/Johannesburg')), 'follow_up_date': None, 'user_id': 2, 'company': <app.models.company.Company object at 0x00000271D8390090>}
2026-06-19 23:46:27,798 | DEBUG | app.api.applications | Route company: <app.models.company.Company object at 0x00000271D8390090>
2026-06-19 23:46:27,798 | DEBUG | app.api.applications | Route company_name: Company 14
2026-06-19 23:46:28,556 | DEBUG | app.services.application_service | Company Name: Company 0
2026-06-19 23:46:28,556 | DEBUG | app.services.application_service | Company Found: None
2026-06-19 23:46:28,563 | DEBUG | app.services.application_service | company CREATED: ID is 18, name=Company 0
2026-06-19 23:46:28,563 | DEBUG | app.services.application_service | FINAL APPLICATION DATA: {'role': 'Developer', 'status': <ApplicationStatus.APPLIED: 'applied'>, 'location': None, 'job_url': None, 'notes': None, 'company_id': 18, 'user_id': 3}
2026-06-19 23:46:28,563 | DEBUG | app.repos.application_repository | Repository application before add: <app.models.application.Application object at 0x00000271D8383F90>
2026-06-19 23:46:28,563 | DEBUG | app.repos.application_repository | has company_name property: False
2026-06-19 23:46:28,563 | DEBUG | app.repos.application_repository | Repository application after refresh: <app.models.application.Application object at 0x00000271D8383F90>
2026-06-19 23:46:28,563 | DEBUG | app.repos.application_repository | Company relation refresh after refresh: <app.models.company.Company object at 0x00000271D8464790>
2026-06-19 23:46:28,563 | DEBUG | app.repos.application_repository | company name after refresh: Company 0
2026-06-19 23:46:28,563 | DEBUG | app.services.application_service | Application company ID: 18
2026-06-19 23:46:28,563 | DEBUG | app.services.application_service | Application name attr: Company 0
2026-06-19 23:46:28,563 | DEBUG | app.api.applications | Route result: <app.models.application.Application object at 0x00000271D8383F90>
2026-06-19 23:46:28,563 | DEBUG | app.api.applications | Route result dictionary: {'_sa_instance_state': <sqlalchemy.orm.state.InstanceState object at 0x00000271D8267350>, 'status': <ApplicationStatus.APPLIED: 'applied'>, 'created_at': datetime.datetime(2026, 6, 19, 21, 46, 28, 563016, tzinfo=zoneinfo.ZoneInfo(key='Africa/Johannesburg')), 'deadline': None, 'notes': None, 'company_id': 18, 'id': 18, 'role': 'Developer', 'location': None, 'job_url': None, 'updated_at': datetime.datetime(2026, 6, 19, 21, 46, 28, 563016, tzinfo=zoneinfo.ZoneInfo(key='Africa/Johannesburg')), 'follow_up_date': None, 'user_id': 3, 'company': <app.models.company.Company object at 0x00000271D8464790>}
2026-06-19 23:46:28,563 | DEBUG | app.api.applications | Route company: <app.models.company.Company object at 0x00000271D8464790>
2026-06-19 23:46:28,563 | DEBUG | app.api.applications | Route company_name: Company 0
2026-06-19 23:46:28,588 | DEBUG | app.services.application_service | Company Name: Company 1
2026-06-19 23:46:28,591 | DEBUG | app.services.application_service | Company Found: None
2026-06-19 23:46:28,596 | DEBUG | app.services.application_service | company CREATED: ID is 19, name=Company 1
2026-06-19 23:46:28,596 | DEBUG | app.services.application_service | FINAL APPLICATION DATA: {'role': 'Developer', 'status': <ApplicationStatus.APPLIED: 'applied'>, 'location': None, 'job_url': None, 'notes': None, 'company_id': 19, 'user_id': 3}
2026-06-19 23:46:28,596 | DEBUG | app.repos.application_repository | Repository application before add: <app.models.application.Application object at 0x00000271D79ABED0>
2026-06-19 23:46:28,596 | DEBUG | app.repos.application_repository | has company_name property: False
2026-06-19 23:46:28,603 | DEBUG | app.repos.application_repository | Repository application after refresh: <app.models.application.Application object at 0x00000271D79ABED0>
2026-06-19 23:46:28,603 | DEBUG | app.repos.application_repository | Company relation refresh after refresh: <app.models.company.Company object at 0x00000271D8467B90>
2026-06-19 23:46:28,603 | DEBUG | app.repos.application_repository | company name after refresh: Company 1
2026-06-19 23:46:28,603 | DEBUG | app.services.application_service | Application company ID: 19
2026-06-19 23:46:28,603 | DEBUG | app.services.application_service | Application name attr: Company 1
2026-06-19 23:46:28,603 | DEBUG | app.api.applications | Route result: <app.models.application.Application object at 0x00000271D79ABED0>
2026-06-19 23:46:28,603 | DEBUG | app.api.applications | Route result dictionary: {'_sa_instance_state': <sqlalchemy.orm.state.InstanceState object at 0x00000271D834C110>, 'status': <ApplicationStatus.APPLIED: 'applied'>, 'created_at': datetime.datetime(2026, 6, 19, 21, 46, 28, 601000, tzinfo=zoneinfo.ZoneInfo(key='Africa/Johannesburg')), 'deadline': None, 'notes': None, 'company_id': 19, 'id': 19, 'role': 'Developer', 'location': None, 'job_url': None, 'updated_at': datetime.datetime(2026, 6, 19, 21, 46, 28, 601000, tzinfo=zoneinfo.ZoneInfo(key='Africa/Johannesburg')), 'follow_up_date': None, 'user_id': 3, 'company': <app.models.company.Company object at 0x00000271D8467B90>}
2026-06-19 23:46:28,603 | DEBUG | app.api.applications | Route company: <app.models.company.Company object at 0x00000271D8467B90>
2026-06-19 23:46:28,603 | DEBUG | app.api.applications | Route company_name: Company 1
2026-06-19 23:46:28,619 | DEBUG | app.services.application_service | Company Name: Company 2
2026-06-19 23:46:28,619 | DEBUG | app.services.application_service | Company Found: None
2026-06-19 23:46:28,628 | DEBUG | app.services.application_service | company CREATED: ID is 20, name=Company 2
2026-06-19 23:46:28,628 | DEBUG | app.services.application_service | FINAL APPLICATION DATA: {'role': 'Developer', 'status': <ApplicationStatus.APPLIED: 'applied'>, 'location': None, 'job_url': None, 'notes': None, 'company_id': 20, 'user_id': 3}
2026-06-19 23:46:28,628 | DEBUG | app.repos.application_repository | Repository application before add: <app.models.application.Application object at 0x00000271D8391210>
2026-06-19 23:46:28,628 | DEBUG | app.repos.application_repository | has company_name property: False
2026-06-19 23:46:28,635 | DEBUG | app.repos.application_repository | Repository application after refresh: <app.models.application.Application object at 0x00000271D8391210>
2026-06-19 23:46:28,635 | DEBUG | app.repos.application_repository | Company relation refresh after refresh: <app.models.company.Company object at 0x00000271D83919D0>
2026-06-19 23:46:28,635 | DEBUG | app.repos.application_repository | company name after refresh: Company 2
2026-06-19 23:46:28,635 | DEBUG | app.services.application_service | Application company ID: 20
2026-06-19 23:46:28,635 | DEBUG | app.services.application_service | Application name attr: Company 2
2026-06-19 23:46:28,635 | DEBUG | app.api.applications | Route result: <app.models.application.Application object at 0x00000271D8391210>
2026-06-19 23:46:28,635 | DEBUG | app.api.applications | Route result dictionary: {'_sa_instance_state': <sqlalchemy.orm.state.InstanceState object at 0x00000271D834E210>, 'status': <ApplicationStatus.APPLIED: 'applied'>, 'created_at': datetime.datetime(2026, 6, 19, 21, 46, 28, 628323, tzinfo=zoneinfo.ZoneInfo(key='Africa/Johannesburg')), 'deadline': None, 'notes': None, 'company_id': 20, 'id': 20, 'role': 'Developer', 'location': None, 'job_url': None, 'updated_at': datetime.datetime(2026, 6, 19, 21, 46, 28, 628323, tzinfo=zoneinfo.ZoneInfo(key='Africa/Johannesburg')), 'follow_up_date': None, 'user_id': 3, 'company': <app.models.company.Company object at 0x00000271D83919D0>}
2026-06-19 23:46:28,635 | DEBUG | app.api.applications | Route company: <app.models.company.Company object at 0x00000271D83919D0>
2026-06-19 23:46:28,635 | DEBUG | app.api.applications | Route company_name: Company 2
2026-06-19 23:46:28,643 | DEBUG | app.services.application_service | Company Name: Company 3
2026-06-19 23:46:28,643 | DEBUG | app.services.application_service | Company Found: None
2026-06-19 23:46:28,658 | DEBUG | app.services.application_service | company CREATED: ID is 21, name=Company 3
2026-06-19 23:46:28,658 | DEBUG | app.services.application_service | FINAL APPLICATION DATA: {'role': 'Developer', 'status': <ApplicationStatus.APPLIED: 'applied'>, 'location': None, 'job_url': None, 'notes': None, 'company_id': 21, 'user_id': 3}
2026-06-19 23:46:28,661 | DEBUG | app.repos.application_repository | Repository application before add: <app.models.application.Application object at 0x00000271D8383E90>
2026-06-19 23:46:28,661 | DEBUG | app.repos.application_repository | has company_name property: False
2026-06-19 23:46:28,667 | DEBUG | app.repos.application_repository | Repository application after refresh: <app.models.application.Application object at 0x00000271D8383E90>
2026-06-19 23:46:28,669 | DEBUG | app.repos.application_repository | Company relation refresh after refresh: <app.models.company.Company object at 0x00000271D83936D0>
2026-06-19 23:46:28,669 | DEBUG | app.repos.application_repository | company name after refresh: Company 3
2026-06-19 23:46:28,669 | DEBUG | app.services.application_service | Application company ID: 21
2026-06-19 23:46:28,669 | DEBUG | app.services.application_service | Application name attr: Company 3
2026-06-19 23:46:28,669 | DEBUG | app.api.applications | Route result: <app.models.application.Application object at 0x00000271D8383E90>
2026-06-19 23:46:28,669 | DEBUG | app.api.applications | Route result dictionary: {'_sa_instance_state': <sqlalchemy.orm.state.InstanceState object at 0x00000271D834C470>, 'status': <ApplicationStatus.APPLIED: 'applied'>, 'created_at': datetime.datetime(2026, 6, 19, 21, 46, 28, 661005, tzinfo=zoneinfo.ZoneInfo(key='Africa/Johannesburg')), 'deadline': None, 'notes': None, 'company_id': 21, 'id': 21, 'role': 'Developer', 'location': None, 'job_url': None, 'updated_at': datetime.datetime(2026, 6, 19, 21, 46, 28, 661005, tzinfo=zoneinfo.ZoneInfo(key='Africa/Johannesburg')), 'follow_up_date': None, 'user_id': 3, 'company': <app.models.company.Company object at 0x00000271D83936D0>}
2026-06-19 23:46:28,669 | DEBUG | app.api.applications | Route company: <app.models.company.Company object at 0x00000271D83936D0>
2026-06-19 23:46:28,671 | DEBUG | app.api.applications | Route company_name: Company 3
2026-06-19 23:46:28,683 | DEBUG | app.services.application_service | Company Name: Company 4
2026-06-19 23:46:28,683 | DEBUG | app.services.application_service | Company Found: None
2026-06-19 23:46:28,692 | DEBUG | app.services.application_service | company CREATED: ID is 22, name=Company 4
2026-06-19 23:46:28,692 | DEBUG | app.services.application_service | FINAL APPLICATION DATA: {'role': 'Developer', 'status': <ApplicationStatus.APPLIED: 'applied'>, 'location': None, 'job_url': None, 'notes': None, 'company_id': 22, 'user_id': 3}
2026-06-19 23:46:28,692 | DEBUG | app.repos.application_repository | Repository application before add: <app.models.application.Application object at 0x00000271D8433ED0>
2026-06-19 23:46:28,692 | DEBUG | app.repos.application_repository | has company_name property: False
2026-06-19 23:46:28,699 | DEBUG | app.repos.application_repository | Repository application after refresh: <app.models.application.Application object at 0x00000271D8433ED0>
2026-06-19 23:46:28,699 | DEBUG | app.repos.application_repository | Company relation refresh after refresh: <app.models.company.Company object at 0x00000271D8383B90>
2026-06-19 23:46:28,699 | DEBUG | app.repos.application_repository | company name after refresh: Company 4
2026-06-19 23:46:28,699 | DEBUG | app.services.application_service | Application company ID: 22
2026-06-19 23:46:28,699 | DEBUG | app.services.application_service | Application name attr: Company 4
2026-06-19 23:46:28,699 | DEBUG | app.api.applications | Route result: <app.models.application.Application object at 0x00000271D8433ED0>
2026-06-19 23:46:28,699 | DEBUG | app.api.applications | Route result dictionary: {'_sa_instance_state': <sqlalchemy.orm.state.InstanceState object at 0x00000271D834CD10>, 'status': <ApplicationStatus.APPLIED: 'applied'>, 'created_at': datetime.datetime(2026, 6, 19, 21, 46, 28, 692227, tzinfo=zoneinfo.ZoneInfo(key='Africa/Johannesburg')), 'deadline': None, 'notes': None, 'company_id': 22, 'id': 22, 'role': 'Developer', 'location': None, 'job_url': None, 'updated_at': datetime.datetime(2026, 6, 19, 21, 46, 28, 692227, tzinfo=zoneinfo.ZoneInfo(key='Africa/Johannesburg')), 'follow_up_date': None, 'user_id': 3, 'company': <app.models.company.Company object at 0x00000271D8383B90>}
2026-06-19 23:46:28,699 | DEBUG | app.api.applications | Route company: <app.models.company.Company object at 0x00000271D8383B90>
2026-06-19 23:46:28,699 | DEBUG | app.api.applications | Route company_name: Company 4
2026-06-19 23:46:28,715 | DEBUG | app.services.application_service | Company Name: Company 5
2026-06-19 23:46:28,721 | DEBUG | app.services.application_service | Company Found: None
2026-06-19 23:46:28,724 | DEBUG | app.services.application_service | company CREATED: ID is 23, name=Company 5
2026-06-19 23:46:28,724 | DEBUG | app.services.application_service | FINAL APPLICATION DATA: {'role': 'Developer', 'status': <ApplicationStatus.APPLIED: 'applied'>, 'location': None, 'job_url': None, 'notes': None, 'company_id': 23, 'user_id': 3}
2026-06-19 23:46:28,724 | DEBUG | app.repos.application_repository | Repository application before add: <app.models.application.Application object at 0x00000271D8391AD0>
2026-06-19 23:46:28,724 | DEBUG | app.repos.application_repository | has company_name property: False
2026-06-19 23:46:28,731 | DEBUG | app.repos.application_repository | Repository application after refresh: <app.models.application.Application object at 0x00000271D8391AD0>
2026-06-19 23:46:28,731 | DEBUG | app.repos.application_repository | Company relation refresh after refresh: <app.models.company.Company object at 0x00000271D8393290>
2026-06-19 23:46:28,731 | DEBUG | app.repos.application_repository | company name after refresh: Company 5
2026-06-19 23:46:28,731 | DEBUG | app.services.application_service | Application company ID: 23
2026-06-19 23:46:28,731 | DEBUG | app.services.application_service | Application name attr: Company 5
2026-06-19 23:46:28,731 | DEBUG | app.api.applications | Route result: <app.models.application.Application object at 0x00000271D8391AD0>
2026-06-19 23:46:28,731 | DEBUG | app.api.applications | Route result dictionary: {'_sa_instance_state': <sqlalchemy.orm.state.InstanceState object at 0x00000271D834E8D0>, 'status': <ApplicationStatus.APPLIED: 'applied'>, 'created_at': datetime.datetime(2026, 6, 19, 21, 46, 28, 724357, tzinfo=zoneinfo.ZoneInfo(key='Africa/Johannesburg')), 'deadline': None, 'notes': None, 'company_id': 23, 'id': 23, 'role': 'Developer', 'location': None, 'job_url': None, 'updated_at': datetime.datetime(2026, 6, 19, 21, 46, 28, 724357, tzinfo=zoneinfo.ZoneInfo(key='Africa/Johannesburg')), 'follow_up_date': None, 'user_id': 3, 'company': <app.models.company.Company object at 0x00000271D8393290>}
2026-06-19 23:46:28,731 | DEBUG | app.api.applications | Route company: <app.models.company.Company object at 0x00000271D8393290>
2026-06-19 23:46:28,731 | DEBUG | app.api.applications | Route company_name: Company 5
2026-06-19 23:46:28,748 | DEBUG | app.services.application_service | Company Name: Company 6
2026-06-19 23:46:28,748 | DEBUG | app.services.application_service | Company Found: None
2026-06-19 23:46:28,748 | DEBUG | app.services.application_service | company CREATED: ID is 24, name=Company 6
2026-06-19 23:46:28,748 | DEBUG | app.services.application_service | FINAL APPLICATION DATA: {'role': 'Developer', 'status': <ApplicationStatus.APPLIED: 'applied'>, 'location': None, 'job_url': None, 'notes': None, 'company_id': 24, 'user_id': 3}
2026-06-19 23:46:28,748 | DEBUG | app.repos.application_repository | Repository application before add: <app.models.application.Application object at 0x00000271D8466B50>
2026-06-19 23:46:28,748 | DEBUG | app.repos.application_repository | has company_name property: False
2026-06-19 23:46:28,748 | DEBUG | app.repos.application_repository | Repository application after refresh: <app.models.application.Application object at 0x00000271D8466B50>
2026-06-19 23:46:28,764 | DEBUG | app.repos.application_repository | Company relation refresh after refresh: <app.models.company.Company object at 0x00000271D84644D0>
2026-06-19 23:46:28,764 | DEBUG | app.repos.application_repository | company name after refresh: Company 6
2026-06-19 23:46:28,764 | DEBUG | app.services.application_service | Application company ID: 24
2026-06-19 23:46:28,764 | DEBUG | app.services.application_service | Application name attr: Company 6
2026-06-19 23:46:28,764 | DEBUG | app.api.applications | Route result: <app.models.application.Application object at 0x00000271D8466B50>
2026-06-19 23:46:28,764 | DEBUG | app.api.applications | Route result dictionary: {'_sa_instance_state': <sqlalchemy.orm.state.InstanceState object at 0x00000271D834E690>, 'status': <ApplicationStatus.APPLIED: 'applied'>, 'created_at': datetime.datetime(2026, 6, 19, 21, 46, 28, 748408, tzinfo=zoneinfo.ZoneInfo(key='Africa/Johannesburg')), 'deadline': None, 'notes': None, 'company_id': 24, 'id': 24, 'role': 'Developer', 'location': None, 'job_url': None, 'updated_at': datetime.datetime(2026, 6, 19, 21, 46, 28, 748408, tzinfo=zoneinfo.ZoneInfo(key='Africa/Johannesburg')), 'follow_up_date': None, 'user_id': 3, 'company': <app.models.company.Company object at 0x00000271D84644D0>}
2026-06-19 23:46:28,764 | DEBUG | app.api.applications | Route company: <app.models.company.Company object at 0x00000271D84644D0>
2026-06-19 23:46:28,764 | DEBUG | app.api.applications | Route company_name: Company 6
2026-06-19 23:46:28,780 | DEBUG | app.services.application_service | Company Name: Company 7
2026-06-19 23:46:28,780 | DEBUG | app.services.application_service | Company Found: None
2026-06-19 23:46:28,780 | DEBUG | app.services.application_service | company CREATED: ID is 25, name=Company 7
2026-06-19 23:46:28,780 | DEBUG | app.services.application_service | FINAL APPLICATION DATA: {'role': 'Developer', 'status': <ApplicationStatus.APPLIED: 'applied'>, 'location': None, 'job_url': None, 'notes': None, 'company_id': 25, 'user_id': 3}
2026-06-19 23:46:28,780 | DEBUG | app.repos.application_repository | Repository application before add: <app.models.application.Application object at 0x00000271D8430790>
2026-06-19 23:46:28,780 | DEBUG | app.repos.application_repository | has company_name property: False
2026-06-19 23:46:28,780 | DEBUG | app.repos.application_repository | Repository application after refresh: <app.models.application.Application object at 0x00000271D8430790>
2026-06-19 23:46:28,796 | DEBUG | app.repos.application_repository | Company relation refresh after refresh: <app.models.company.Company object at 0x00000271D83837D0>
2026-06-19 23:46:28,796 | DEBUG | app.repos.application_repository | company name after refresh: Company 7
2026-06-19 23:46:28,796 | DEBUG | app.services.application_service | Application company ID: 25
2026-06-19 23:46:28,796 | DEBUG | app.services.application_service | Application name attr: Company 7
2026-06-19 23:46:28,796 | DEBUG | app.api.applications | Route result: <app.models.application.Application object at 0x00000271D8430790>
2026-06-19 23:46:28,796 | DEBUG | app.api.applications | Route result dictionary: {'_sa_instance_state': <sqlalchemy.orm.state.InstanceState object at 0x00000271D834E690>, 'status': <ApplicationStatus.APPLIED: 'applied'>, 'created_at': datetime.datetime(2026, 6, 19, 21, 46, 28, 780274, tzinfo=zoneinfo.ZoneInfo(key='Africa/Johannesburg')), 'deadline': None, 'notes': None, 'company_id': 25, 'id': 25, 'role': 'Developer', 'location': None, 'job_url': None, 'updated_at': datetime.datetime(2026, 6, 19, 21, 46, 28, 780274, tzinfo=zoneinfo.ZoneInfo(key='Africa/Johannesburg')), 'follow_up_date': None, 'user_id': 3, 'company': <app.models.company.Company object at 0x00000271D83837D0>}
2026-06-19 23:46:28,796 | DEBUG | app.api.applications | Route company: <app.models.company.Company object at 0x00000271D83837D0>
2026-06-19 23:46:28,796 | DEBUG | app.api.applications | Route company_name: Company 7
2026-06-19 23:46:28,811 | DEBUG | app.services.application_service | Company Name: Company 8
2026-06-19 23:46:28,811 | DEBUG | app.services.application_service | Company Found: None
2026-06-19 23:46:28,811 | DEBUG | app.services.application_service | company CREATED: ID is 26, name=Company 8
2026-06-19 23:46:28,811 | DEBUG | app.services.application_service | FINAL APPLICATION DATA: {'role': 'Developer', 'status': <ApplicationStatus.APPLIED: 'applied'>, 'location': None, 'job_url': None, 'notes': None, 'company_id': 26, 'user_id': 3}
2026-06-19 23:46:28,811 | DEBUG | app.repos.application_repository | Repository application before add: <app.models.application.Application object at 0x00000271D8374DD0>
2026-06-19 23:46:28,811 | DEBUG | app.repos.application_repository | has company_name property: False
2026-06-19 23:46:28,811 | DEBUG | app.repos.application_repository | Repository application after refresh: <app.models.application.Application object at 0x00000271D8374DD0>
2026-06-19 23:46:28,827 | DEBUG | app.repos.application_repository | Company relation refresh after refresh: <app.models.company.Company object at 0x00000271D8377990>
2026-06-19 23:46:28,827 | DEBUG | app.repos.application_repository | company name after refresh: Company 8
2026-06-19 23:46:28,827 | DEBUG | app.services.application_service | Application company ID: 26
2026-06-19 23:46:28,827 | DEBUG | app.services.application_service | Application name attr: Company 8
2026-06-19 23:46:28,827 | DEBUG | app.api.applications | Route result: <app.models.application.Application object at 0x00000271D8374DD0>
2026-06-19 23:46:28,827 | DEBUG | app.api.applications | Route result dictionary: {'_sa_instance_state': <sqlalchemy.orm.state.InstanceState object at 0x00000271D834EDB0>, 'status': <ApplicationStatus.APPLIED: 'applied'>, 'created_at': datetime.datetime(2026, 6, 19, 21, 46, 28, 811765, tzinfo=zoneinfo.ZoneInfo(key='Africa/Johannesburg')), 'deadline': None, 'notes': None, 'company_id': 26, 'id': 26, 'role': 'Developer', 'location': None, 'job_url': None, 'updated_at': datetime.datetime(2026, 6, 19, 21, 46, 28, 811765, tzinfo=zoneinfo.ZoneInfo(key='Africa/Johannesburg')), 'follow_up_date': None, 'user_id': 3, 'company': <app.models.company.Company object at 0x00000271D8377990>}
2026-06-19 23:46:28,827 | DEBUG | app.api.applications | Route company: <app.models.company.Company object at 0x00000271D8377990>
2026-06-19 23:46:28,827 | DEBUG | app.api.applications | Route company_name: Company 8
2026-06-19 23:46:28,843 | DEBUG | app.services.application_service | Company Name: Company 9
2026-06-19 23:46:28,843 | DEBUG | app.services.application_service | Company Found: None
2026-06-19 23:46:28,851 | DEBUG | app.services.application_service | company CREATED: ID is 27, name=Company 9
2026-06-19 23:46:28,851 | DEBUG | app.services.application_service | FINAL APPLICATION DATA: {'role': 'Developer', 'status': <ApplicationStatus.APPLIED: 'applied'>, 'location': None, 'job_url': None, 'notes': None, 'company_id': 27, 'user_id': 3}
2026-06-19 23:46:28,851 | DEBUG | app.repos.application_repository | Repository application before add: <app.models.application.Application object at 0x00000271D7E2AC50>
2026-06-19 23:46:28,851 | DEBUG | app.repos.application_repository | has company_name property: False
2026-06-19 23:46:28,851 | DEBUG | app.repos.application_repository | Repository application after refresh: <app.models.application.Application object at 0x00000271D7E2AC50>
2026-06-19 23:46:28,851 | DEBUG | app.repos.application_repository | Company relation refresh after refresh: <app.models.company.Company object at 0x00000271D8381490>
2026-06-19 23:46:28,860 | DEBUG | app.repos.application_repository | company name after refresh: Company 9
2026-06-19 23:46:28,860 | DEBUG | app.services.application_service | Application company ID: 27
2026-06-19 23:46:28,860 | DEBUG | app.services.application_service | Application name attr: Company 9
2026-06-19 23:46:28,860 | DEBUG | app.api.applications | Route result: <app.models.application.Application object at 0x00000271D7E2AC50>
2026-06-19 23:46:28,860 | DEBUG | app.api.applications | Route result dictionary: {'_sa_instance_state': <sqlalchemy.orm.state.InstanceState object at 0x00000271D834EAB0>, 'status': <ApplicationStatus.APPLIED: 'applied'>, 'created_at': datetime.datetime(2026, 6, 19, 21, 46, 28, 851664, tzinfo=zoneinfo.ZoneInfo(key='Africa/Johannesburg')), 'deadline': None, 'notes': None, 'company_id': 27, 'id': 27, 'role': 'Developer', 'location': None, 'job_url': None, 'updated_at': datetime.datetime(2026, 6, 19, 21, 46, 28, 851664, tzinfo=zoneinfo.ZoneInfo(key='Africa/Johannesburg')), 'follow_up_date': None, 'user_id': 3, 'company': <app.models.company.Company object at 0x00000271D8381490>}
2026-06-19 23:46:28,860 | DEBUG | app.api.applications | Route company: <app.models.company.Company object at 0x00000271D8381490>
2026-06-19 23:46:28,860 | DEBUG | app.api.applications | Route company_name: Company 9
2026-06-19 23:46:28,872 | DEBUG | app.services.application_service | Company Name: Company 10
2026-06-19 23:46:28,876 | DEBUG | app.services.application_service | Company Found: None
2026-06-19 23:46:28,878 | DEBUG | app.services.application_service | company CREATED: ID is 28, name=Company 10
2026-06-19 23:46:28,878 | DEBUG | app.services.application_service | FINAL APPLICATION DATA: {'role': 'Developer', 'status': <ApplicationStatus.APPLIED: 'applied'>, 'location': None, 'job_url': None, 'notes': None, 'company_id': 28, 'user_id': 3}
2026-06-19 23:46:28,878 | DEBUG | app.repos.application_repository | Repository application before add: <app.models.application.Application object at 0x00000271D7ED7D50>
2026-06-19 23:46:28,878 | DEBUG | app.repos.application_repository | has company_name property: False
2026-06-19 23:46:28,878 | DEBUG | app.repos.application_repository | Repository application after refresh: <app.models.application.Application object at 0x00000271D7ED7D50>
2026-06-19 23:46:28,878 | DEBUG | app.repos.application_repository | Company relation refresh after refresh: <app.models.company.Company object at 0x00000271D7E8F6D0>
2026-06-19 23:46:28,878 | DEBUG | app.repos.application_repository | company name after refresh: Company 10
2026-06-19 23:46:28,878 | DEBUG | app.services.application_service | Application company ID: 28
2026-06-19 23:46:28,878 | DEBUG | app.services.application_service | Application name attr: Company 10
2026-06-19 23:46:28,892 | DEBUG | app.api.applications | Route result: <app.models.application.Application object at 0x00000271D7ED7D50>
2026-06-19 23:46:28,892 | DEBUG | app.api.applications | Route result dictionary: {'_sa_instance_state': <sqlalchemy.orm.state.InstanceState object at 0x00000271D834D8B0>, 'status': <ApplicationStatus.APPLIED: 'applied'>, 'created_at': datetime.datetime(2026, 6, 19, 21, 46, 28, 878980, tzinfo=zoneinfo.ZoneInfo(key='Africa/Johannesburg')), 'deadline': None, 'notes': None, 'company_id': 28, 'id': 28, 'role': 'Developer', 'location': None, 'job_url': None, 'updated_at': datetime.datetime(2026, 6, 19, 21, 46, 28, 878980, tzinfo=zoneinfo.ZoneInfo(key='Africa/Johannesburg')), 'follow_up_date': None, 'user_id': 3, 'company': <app.models.company.Company object at 0x00000271D7E8F6D0>}
2026-06-19 23:46:28,892 | DEBUG | app.api.applications | Route company: <app.models.company.Company object at 0x00000271D7E8F6D0>
2026-06-19 23:46:28,892 | DEBUG | app.api.applications | Route company_name: Company 10
2026-06-19 23:46:28,892 | DEBUG | app.services.application_service | Company Name: Company 11
2026-06-19 23:46:28,908 | DEBUG | app.services.application_service | Company Found: None
2026-06-19 23:46:28,908 | DEBUG | app.services.application_service | company CREATED: ID is 29, name=Company 11
2026-06-19 23:46:28,908 | DEBUG | app.services.application_service | FINAL APPLICATION DATA: {'role': 'Developer', 'status': <ApplicationStatus.APPLIED: 'applied'>, 'location': None, 'job_url': None, 'notes': None, 'company_id': 29, 'user_id': 3}
2026-06-19 23:46:28,908 | DEBUG | app.repos.application_repository | Repository application before add: <app.models.application.Application object at 0x00000271D7EFBD50>
2026-06-19 23:46:28,908 | DEBUG | app.repos.application_repository | has company_name property: False
2026-06-19 23:46:28,915 | DEBUG | app.repos.application_repository | Repository application after refresh: <app.models.application.Application object at 0x00000271D7EFBD50>
2026-06-19 23:46:28,915 | DEBUG | app.repos.application_repository | Company relation refresh after refresh: <app.models.company.Company object at 0x00000271D82F9D50>
2026-06-19 23:46:28,915 | DEBUG | app.repos.application_repository | company name after refresh: Company 11
2026-06-19 23:46:28,915 | DEBUG | app.services.application_service | Application company ID: 29
2026-06-19 23:46:28,915 | DEBUG | app.services.application_service | Application name attr: Company 11
2026-06-19 23:46:28,915 | DEBUG | app.api.applications | Route result: <app.models.application.Application object at 0x00000271D7EFBD50>
2026-06-19 23:46:28,915 | DEBUG | app.api.applications | Route result dictionary: {'_sa_instance_state': <sqlalchemy.orm.state.InstanceState object at 0x00000271D834EE10>, 'status': <ApplicationStatus.APPLIED: 'applied'>, 'created_at': datetime.datetime(2026, 6, 19, 21, 46, 28, 915247, tzinfo=zoneinfo.ZoneInfo(key='Africa/Johannesburg')), 'deadline': None, 'notes': None, 'company_id': 29, 'id': 29, 'role': 'Developer', 'location': None, 'job_url': None, 'updated_at': datetime.datetime(2026, 6, 19, 21, 46, 28, 915247, tzinfo=zoneinfo.ZoneInfo(key='Africa/Johannesburg')), 'follow_up_date': None, 'user_id': 3, 'company': <app.models.company.Company object at 0x00000271D82F9D50>}
2026-06-19 23:46:28,915 | DEBUG | app.api.applications | Route company: <app.models.company.Company object at 0x00000271D82F9D50>
2026-06-19 23:46:28,915 | DEBUG | app.api.applications | Route company_name: Company 11
2026-06-19 23:46:28,927 | DEBUG | app.services.application_service | Company Name: Company 12
2026-06-19 23:46:28,939 | DEBUG | app.services.application_service | Company Found: None
2026-06-19 23:46:28,943 | DEBUG | app.services.application_service | company CREATED: ID is 30, name=Company 12
2026-06-19 23:46:28,943 | DEBUG | app.services.application_service | FINAL APPLICATION DATA: {'role': 'Developer', 'status': <ApplicationStatus.APPLIED: 'applied'>, 'location': None, 'job_url': None, 'notes': None, 'company_id': 30, 'user_id': 3}
2026-06-19 23:46:28,943 | DEBUG | app.repos.application_repository | Repository application before add: <app.models.application.Application object at 0x00000271D796AE10>
2026-06-19 23:46:28,943 | DEBUG | app.repos.application_repository | has company_name property: False
2026-06-19 23:46:28,949 | DEBUG | app.repos.application_repository | Repository application after refresh: <app.models.application.Application object at 0x00000271D796AE10>
2026-06-19 23:46:28,953 | DEBUG | app.repos.application_repository | Company relation refresh after refresh: <app.models.company.Company object at 0x00000271D8375AD0>
2026-06-19 23:46:28,953 | DEBUG | app.repos.application_repository | company name after refresh: Company 12
2026-06-19 23:46:28,953 | DEBUG | app.services.application_service | Application company ID: 30
2026-06-19 23:46:28,953 | DEBUG | app.services.application_service | Application name attr: Company 12
2026-06-19 23:46:28,953 | DEBUG | app.api.applications | Route result: <app.models.application.Application object at 0x00000271D796AE10>
2026-06-19 23:46:28,953 | DEBUG | app.api.applications | Route result dictionary: {'_sa_instance_state': <sqlalchemy.orm.state.InstanceState object at 0x00000271D834F1D0>, 'status': <ApplicationStatus.APPLIED: 'applied'>, 'created_at': datetime.datetime(2026, 6, 19, 21, 46, 28, 943327, tzinfo=zoneinfo.ZoneInfo(key='Africa/Johannesburg')), 'deadline': None, 'notes': None, 'company_id': 30, 'id': 30, 'role': 'Developer', 'location': None, 'job_url': None, 'updated_at': datetime.datetime(2026, 6, 19, 21, 46, 28, 943327, tzinfo=zoneinfo.ZoneInfo(key='Africa/Johannesburg')), 'follow_up_date': None, 'user_id': 3, 'company': <app.models.company.Company object at 0x00000271D8375AD0>}
2026-06-19 23:46:28,953 | DEBUG | app.api.applications | Route company: <app.models.company.Company object at 0x00000271D8375AD0>
2026-06-19 23:46:28,953 | DEBUG | app.api.applications | Route company_name: Company 12
2026-06-19 23:46:28,964 | DEBUG | app.services.application_service | Company Name: Company 13
2026-06-19 23:46:28,971 | DEBUG | app.services.application_service | Company Found: None
2026-06-19 23:46:28,971 | DEBUG | app.services.application_service | company CREATED: ID is 31, name=Company 13
2026-06-19 23:46:28,971 | DEBUG | app.services.application_service | FINAL APPLICATION DATA: {'role': 'Developer', 'status': <ApplicationStatus.APPLIED: 'applied'>, 'location': None, 'job_url': None, 'notes': None, 'company_id': 31, 'user_id': 3}
2026-06-19 23:46:28,971 | DEBUG | app.repos.application_repository | Repository application before add: <app.models.application.Application object at 0x00000271D8431590>
2026-06-19 23:46:28,971 | DEBUG | app.repos.application_repository | has company_name property: False
2026-06-19 23:46:28,980 | DEBUG | app.repos.application_repository | Repository application after refresh: <app.models.application.Application object at 0x00000271D8431590>
2026-06-19 23:46:28,980 | DEBUG | app.repos.application_repository | Company relation refresh after refresh: <app.models.company.Company object at 0x00000271D8441B10>
2026-06-19 23:46:28,980 | DEBUG | app.repos.application_repository | company name after refresh: Company 13
2026-06-19 23:46:28,980 | DEBUG | app.services.application_service | Application company ID: 31
2026-06-19 23:46:28,980 | DEBUG | app.services.application_service | Application name attr: Company 13
2026-06-19 23:46:28,980 | DEBUG | app.api.applications | Route result: <app.models.application.Application object at 0x00000271D8431590>
2026-06-19 23:46:28,980 | DEBUG | app.api.applications | Route result dictionary: {'_sa_instance_state': <sqlalchemy.orm.state.InstanceState object at 0x00000271D834CB90>, 'status': <ApplicationStatus.APPLIED: 'applied'>, 'created_at': datetime.datetime(2026, 6, 19, 21, 46, 28, 979068, tzinfo=zoneinfo.ZoneInfo(key='Africa/Johannesburg')), 'deadline': None, 'notes': None, 'company_id': 31, 'id': 31, 'role': 'Developer', 'location': None, 'job_url': None, 'updated_at': datetime.datetime(2026, 6, 19, 21, 46, 28, 979068, tzinfo=zoneinfo.ZoneInfo(key='Africa/Johannesburg')), 'follow_up_date': None, 'user_id': 3, 'company': <app.models.company.Company object at 0x00000271D8441B10>}
2026-06-19 23:46:28,980 | DEBUG | app.api.applications | Route company: <app.models.company.Company object at 0x00000271D8441B10>
2026-06-19 23:46:28,980 | DEBUG | app.api.applications | Route company_name: Company 13
2026-06-19 23:46:28,996 | DEBUG | app.services.application_service | Company Name: Company 14
2026-06-19 23:46:29,004 | DEBUG | app.services.application_service | Company Found: None
2026-06-19 23:46:29,004 | DEBUG | app.services.application_service | company CREATED: ID is 32, name=Company 14
2026-06-19 23:46:29,004 | DEBUG | app.services.application_service | FINAL APPLICATION DATA: {'role': 'Developer', 'status': <ApplicationStatus.APPLIED: 'applied'>, 'location': None, 'job_url': None, 'notes': None, 'company_id': 32, 'user_id': 3}
2026-06-19 23:46:29,004 | DEBUG | app.repos.application_repository | Repository application before add: <app.models.application.Application object at 0x00000271D8443310>
2026-06-19 23:46:29,004 | DEBUG | app.repos.application_repository | has company_name property: False
2026-06-19 23:46:29,012 | DEBUG | app.repos.application_repository | Repository application after refresh: <app.models.application.Application object at 0x00000271D8443310>
2026-06-19 23:46:29,012 | DEBUG | app.repos.application_repository | Company relation refresh after refresh: <app.models.company.Company object at 0x00000271D8375A50>
2026-06-19 23:46:29,012 | DEBUG | app.repos.application_repository | company name after refresh: Company 14
2026-06-19 23:46:29,012 | DEBUG | app.services.application_service | Application company ID: 32
2026-06-19 23:46:29,012 | DEBUG | app.services.application_service | Application name attr: Company 14
2026-06-19 23:46:29,012 | DEBUG | app.api.applications | Route result: <app.models.application.Application object at 0x00000271D8443310>
2026-06-19 23:46:29,012 | DEBUG | app.api.applications | Route result dictionary: {'_sa_instance_state': <sqlalchemy.orm.state.InstanceState object at 0x00000271D8264F50>, 'status': <ApplicationStatus.APPLIED: 'applied'>, 'created_at': datetime.datetime(2026, 6, 19, 21, 46, 29, 10816, tzinfo=zoneinfo.ZoneInfo(key='Africa/Johannesburg')), 'deadline': None, 'notes': None, 'company_id': 32, 'id': 32, 'role': 'Developer', 'location': None, 'job_url': None, 'updated_at': datetime.datetime(2026, 6, 19, 21, 46, 29, 10816, tzinfo=zoneinfo.ZoneInfo(key='Africa/Johannesburg')), 'follow_up_date': None, 'user_id': 3, 'company': <app.models.company.Company object at 0x00000271D8375A50>}
2026-06-19 23:46:29,012 | DEBUG | app.api.applications | Route company: <app.models.company.Company object at 0x00000271D8375A50>
2026-06-19 23:46:29,012 | DEBUG | app.api.applications | Route company_name: Company 14
2026-06-19 23:46:29,751 | DEBUG | app.services.application_service | Company Name: Google
2026-06-19 23:46:29,755 | DEBUG | app.services.application_service | Company Found: None
2026-06-19 23:46:29,755 | DEBUG | app.services.application_service | company CREATED: ID is 33, name=Google
2026-06-19 23:46:29,755 | DEBUG | app.services.application_service | FINAL APPLICATION DATA: {'role': 'Back-End Engineer', 'status': <ApplicationStatus.APPLIED: 'applied'>, 'location': None, 'job_url': None, 'notes': None, 'company_id': 33, 'user_id': 4}
2026-06-19 23:46:29,755 | DEBUG | app.repos.application_repository | Repository application before add: <app.models.application.Application object at 0x00000271D8317D10>
2026-06-19 23:46:29,755 | DEBUG | app.repos.application_repository | has company_name property: False
2026-06-19 23:46:29,767 | DEBUG | app.repos.application_repository | Repository application after refresh: <app.models.application.Application object at 0x00000271D8317D10>
2026-06-19 23:46:29,767 | DEBUG | app.repos.application_repository | Company relation refresh after refresh: <app.models.company.Company object at 0x00000271D8442250>
2026-06-19 23:46:29,767 | DEBUG | app.repos.application_repository | company name after refresh: Google
2026-06-19 23:46:29,767 | DEBUG | app.services.application_service | Application company ID: 33
2026-06-19 23:46:29,767 | DEBUG | app.services.application_service | Application name attr: Google
2026-06-19 23:46:29,767 | DEBUG | app.api.applications | Route result: <app.models.application.Application object at 0x00000271D8317D10>
2026-06-19 23:46:29,767 | DEBUG | app.api.applications | Route result dictionary: {'_sa_instance_state': <sqlalchemy.orm.state.InstanceState object at 0x00000271D8266990>, 'status': <ApplicationStatus.APPLIED: 'applied'>, 'created_at': datetime.datetime(2026, 6, 19, 21, 46, 29, 755686, tzinfo=zoneinfo.ZoneInfo(key='Africa/Johannesburg')), 'deadline': None, 'notes': None, 'company_id': 33, 'id': 33, 'role': 'Back-End Engineer', 'location': None, 'job_url': None, 'updated_at': datetime.datetime(2026, 6, 19, 21, 46, 29, 755686, tzinfo=zoneinfo.ZoneInfo(key='Africa/Johannesburg')), 'follow_up_date': None, 'user_id': 4, 'company': <app.models.company.Company object at 0x00000271D8442250>}
2026-06-19 23:46:29,767 | DEBUG | app.api.applications | Route company: <app.models.company.Company object at 0x00000271D8442250>
2026-06-19 23:46:29,767 | DEBUG | app.api.applications | Route company_name: Google
2026-06-19 23:46:29,783 | DEBUG | app.services.application_service | Company Name: Rock Star Games
2026-06-19 23:46:29,786 | DEBUG | app.services.application_service | Company Found: None
2026-06-19 23:46:29,786 | DEBUG | app.services.application_service | company CREATED: ID is 34, name=Rock Star Games
2026-06-19 23:46:29,786 | DEBUG | app.services.application_service | FINAL APPLICATION DATA: {'role': 'Game Developer', 'status': <ApplicationStatus.APPLIED: 'applied'>, 'location': None, 'job_url': None, 'notes': None, 'company_id': 34, 'user_id': 4}
2026-06-19 23:46:29,786 | DEBUG | app.repos.application_repository | Repository application before add: <app.models.application.Application object at 0x00000271D8440910>
2026-06-19 23:46:29,786 | DEBUG | app.repos.application_repository | has company_name property: False
2026-06-19 23:46:29,786 | DEBUG | app.repos.application_repository | Repository application after refresh: <app.models.application.Application object at 0x00000271D8440910>
2026-06-19 23:46:29,798 | DEBUG | app.repos.application_repository | Company relation refresh after refresh: <app.models.company.Company object at 0x00000271D8433310>
2026-06-19 23:46:29,798 | DEBUG | app.repos.application_repository | company name after refresh: Rock Star Games
2026-06-19 23:46:29,798 | DEBUG | app.services.application_service | Application company ID: 34
2026-06-19 23:46:29,798 | DEBUG | app.services.application_service | Application name attr: Rock Star Games
2026-06-19 23:46:29,798 | DEBUG | app.api.applications | Route result: <app.models.application.Application object at 0x00000271D8440910>
2026-06-19 23:46:29,798 | DEBUG | app.api.applications | Route result dictionary: {'_sa_instance_state': <sqlalchemy.orm.state.InstanceState object at 0x00000271D8266E10>, 'status': <ApplicationStatus.APPLIED: 'applied'>, 'created_at': datetime.datetime(2026, 6, 19, 21, 46, 29, 786585, tzinfo=zoneinfo.ZoneInfo(key='Africa/Johannesburg')), 'deadline': None, 'notes': None, 'company_id': 34, 'id': 34, 'role': 'Game Developer', 'location': None, 'job_url': None, 'updated_at': datetime.datetime(2026, 6, 19, 21, 46, 29, 786585, tzinfo=zoneinfo.ZoneInfo(key='Africa/Johannesburg')), 'follow_up_date': None, 'user_id': 4, 'company': <app.models.company.Company object at 0x00000271D8433310>}
2026-06-19 23:46:29,798 | DEBUG | app.api.applications | Route company: <app.models.company.Company object at 0x00000271D8433310>
2026-06-19 23:46:29,798 | DEBUG | app.api.applications | Route company_name: Rock Star Games
2026-06-19 23:46:29,814 | DEBUG | app.services.application_service | Company Name: Meta
2026-06-19 23:46:29,814 | DEBUG | app.services.application_service | Company Found: None
2026-06-19 23:46:29,822 | DEBUG | app.services.application_service | company CREATED: ID is 35, name=Meta
2026-06-19 23:46:29,822 | DEBUG | app.services.application_service | FINAL APPLICATION DATA: {'role': 'Marketing Manager', 'status': <ApplicationStatus.WISHLIST: 'wishlist'>, 'location': None, 'job_url': None, 'notes': None, 'company_id': 35, 'user_id': 4}
2026-06-19 23:46:29,822 | DEBUG | app.repos.application_repository | Repository application before add: <app.models.application.Application object at 0x00000271D847AE90>
2026-06-19 23:46:29,822 | DEBUG | app.repos.application_repository | has company_name property: False
2026-06-19 23:46:29,822 | DEBUG | app.repos.application_repository | Repository application after refresh: <app.models.application.Application object at 0x00000271D847AE90>
2026-06-19 23:46:29,831 | DEBUG | app.repos.application_repository | Company relation refresh after refresh: <app.models.company.Company object at 0x00000271D8479750>
2026-06-19 23:46:29,831 | DEBUG | app.repos.application_repository | company name after refresh: Meta
2026-06-19 23:46:29,831 | DEBUG | app.services.application_service | Application company ID: 35
2026-06-19 23:46:29,831 | DEBUG | app.services.application_service | Application name attr: Meta
2026-06-19 23:46:29,831 | DEBUG | app.api.applications | Route result: <app.models.application.Application object at 0x00000271D847AE90>
2026-06-19 23:46:29,831 | DEBUG | app.api.applications | Route result dictionary: {'_sa_instance_state': <sqlalchemy.orm.state.InstanceState object at 0x00000271D8267350>, 'status': <ApplicationStatus.WISHLIST: 'wishlist'>, 'created_at': datetime.datetime(2026, 6, 19, 21, 46, 29, 822881, tzinfo=zoneinfo.ZoneInfo(key='Africa/Johannesburg')), 'deadline': None, 'notes': None, 'company_id': 35, 'id': 35, 'role': 'Marketing Manager', 'location': None, 'job_url': None, 'updated_at': datetime.datetime(2026, 6, 19, 21, 46, 29, 822881, tzinfo=zoneinfo.ZoneInfo(key='Africa/Johannesburg')), 'follow_up_date': None, 'user_id': 4, 'company': <app.models.company.Company object at 0x00000271D8479750>}
2026-06-19 23:46:29,831 | DEBUG | app.api.applications | Route company: <app.models.company.Company object at 0x00000271D8479750>
2026-06-19 23:46:29,831 | DEBUG | app.api.applications | Route company_name: Meta
2026-06-19 23:46:30,587 | DEBUG | app.services.application_service | Company Name: Apple iOS
2026-06-19 23:46:30,587 | DEBUG | app.services.application_service | Company Found: None
2026-06-19 23:46:30,595 | DEBUG | app.services.application_service | company CREATED: ID is 36, name=Apple iOS
2026-06-19 23:46:30,595 | DEBUG | app.services.application_service | FINAL APPLICATION DATA: {'role': 'Developer', 'status': <ApplicationStatus.APPLIED: 'applied'>, 'location': None, 'job_url': None, 'notes': None, 'company_id': 36, 'user_id': 5}
2026-06-19 23:46:30,595 | DEBUG | app.repos.application_repository | Repository application before add: <app.models.application.Application object at 0x00000271D7EF9710>
2026-06-19 23:46:30,595 | DEBUG | app.repos.application_repository | has company_name property: False
2026-06-19 23:46:30,595 | DEBUG | app.repos.application_repository | Repository application after refresh: <app.models.application.Application object at 0x00000271D7EF9710>
2026-06-19 23:46:30,595 | DEBUG | app.repos.application_repository | Company relation refresh after refresh: <app.models.company.Company object at 0x00000271D84426D0>
2026-06-19 23:46:30,595 | DEBUG | app.repos.application_repository | company name after refresh: Apple iOS
2026-06-19 23:46:30,595 | DEBUG | app.services.application_service | Application company ID: 36
2026-06-19 23:46:30,595 | DEBUG | app.services.application_service | Application name attr: Apple iOS
2026-06-19 23:46:30,595 | DEBUG | app.api.applications | Route result: <app.models.application.Application object at 0x00000271D7EF9710>
2026-06-19 23:46:30,605 | DEBUG | app.api.applications | Route result dictionary: {'_sa_instance_state': <sqlalchemy.orm.state.InstanceState object at 0x00000271D8266390>, 'status': <ApplicationStatus.APPLIED: 'applied'>, 'created_at': datetime.datetime(2026, 6, 19, 21, 46, 30, 595116, tzinfo=zoneinfo.ZoneInfo(key='Africa/Johannesburg')), 'deadline': None, 'notes': None, 'company_id': 36, 'id': 36, 'role': 'Developer', 'location': None, 'job_url': None, 'updated_at': datetime.datetime(2026, 6, 19, 21, 46, 30, 595116, tzinfo=zoneinfo.ZoneInfo(key='Africa/Johannesburg')), 'follow_up_date': None, 'user_id': 5, 'company': <app.models.company.Company object at 0x00000271D84426D0>}
2026-06-19 23:46:30,605 | DEBUG | app.api.applications | Route company: <app.models.company.Company object at 0x00000271D84426D0>
2026-06-19 23:46:30,605 | DEBUG | app.api.applications | Route company_name: Apple iOS
2026-06-19 23:46:32,631 | DEBUG | app.services.application_service | Company Name: Google
2026-06-19 23:46:32,639 | DEBUG | app.services.application_service | Company Found: None
2026-06-19 23:46:32,647 | DEBUG | app.services.application_service | company CREATED: ID is 37, name=Google
2026-06-19 23:46:32,647 | DEBUG | app.services.application_service | FINAL APPLICATION DATA: {'role': 'Developer', 'status': <ApplicationStatus.WISHLIST: 'wishlist'>, 'location': None, 'job_url': None, 'notes': None, 'company_id': 37, 'user_id': 5}
2026-06-19 23:46:32,647 | DEBUG | app.repos.application_repository | Repository application before add: <app.models.application.Application object at 0x00000271D8479750>
2026-06-19 23:46:32,655 | DEBUG | app.repos.application_repository | has company_name property: False
2026-06-19 23:46:32,661 | DEBUG | app.repos.application_repository | Repository application after refresh: <app.models.application.Application object at 0x00000271D8479750>
2026-06-19 23:46:32,671 | DEBUG | app.repos.application_repository | Company relation refresh after refresh: <app.models.company.Company object at 0x00000271D8430BD0>
2026-06-19 23:46:32,671 | DEBUG | app.repos.application_repository | company name after refresh: Google
2026-06-19 23:46:32,671 | DEBUG | app.services.application_service | Application company ID: 37
2026-06-19 23:46:32,671 | DEBUG | app.services.application_service | Application name attr: Google
2026-06-19 23:46:32,676 | DEBUG | app.api.applications | Route result: <app.models.application.Application object at 0x00000271D8479750>
2026-06-19 23:46:32,676 | DEBUG | app.api.applications | Route result dictionary: {'_sa_instance_state': <sqlalchemy.orm.state.InstanceState object at 0x00000271D834E7B0>, 'status': <ApplicationStatus.WISHLIST: 'wishlist'>, 'created_at': datetime.datetime(2026, 6, 19, 21, 46, 32, 655944, tzinfo=zoneinfo.ZoneInfo(key='Africa/Johannesburg')), 'deadline': None, 'notes': None, 'company_id': 37, 'id': 37, 'role': 'Developer', 'location': None, 'job_url': None, 'updated_at': datetime.datetime(2026, 6, 19, 21, 46, 32, 655944, tzinfo=zoneinfo.ZoneInfo(key='Africa/Johannesburg')), 'follow_up_date': None, 'user_id': 5, 'company': <app.models.company.Company object at 0x00000271D8430BD0>}
2026-06-19 23:46:32,676 | DEBUG | app.api.applications | Route company: <app.models.company.Company object at 0x00000271D8430BD0>
2026-06-19 23:46:32,676 | DEBUG | app.api.applications | Route company_name: Google
2026-06-19 23:46:33,502 | DEBUG | app.services.application_service | Company Name: Google
2026-06-19 23:46:33,502 | DEBUG | app.services.application_service | Company Found: None
2026-06-19 23:46:33,502 | DEBUG | app.services.application_service | company CREATED: ID is 38, name=Google
2026-06-19 23:46:33,502 | DEBUG | app.services.application_service | FINAL APPLICATION DATA: {'role': 'Software Developer', 'status': <ApplicationStatus.APPLIED: 'applied'>, 'location': 'Remote', 'job_url': 'https://example.com/job', 'notes': 'Dream job', 'company_id': 38, 'user_id': 6}
2026-06-19 23:46:33,502 | DEBUG | app.repos.application_repository | Repository application before add: <app.models.application.Application object at 0x00000271D8390310>
2026-06-19 23:46:33,502 | DEBUG | app.repos.application_repository | has company_name property: False
2026-06-19 23:46:33,518 | DEBUG | app.repos.application_repository | Repository application after refresh: <app.models.application.Application object at 0x00000271D8390310>
2026-06-19 23:46:33,518 | DEBUG | app.repos.application_repository | Company relation refresh after refresh: <app.models.company.Company object at 0x00000271D8443FD0>
2026-06-19 23:46:33,518 | DEBUG | app.repos.application_repository | company name after refresh: Google
2026-06-19 23:46:33,518 | DEBUG | app.services.application_service | Application company ID: 38
2026-06-19 23:46:33,518 | DEBUG | app.services.application_service | Application name attr: Google
2026-06-19 23:46:33,518 | DEBUG | app.api.applications | Route result: <app.models.application.Application object at 0x00000271D8390310>
2026-06-19 23:46:33,518 | DEBUG | app.api.applications | Route result dictionary: {'_sa_instance_state': <sqlalchemy.orm.state.InstanceState object at 0x00000271D834F890>, 'status': <ApplicationStatus.APPLIED: 'applied'>, 'created_at': datetime.datetime(2026, 6, 19, 21, 46, 33, 502710, tzinfo=zoneinfo.ZoneInfo(key='Africa/Johannesburg')), 'deadline': None, 'notes': 'Dream job', 'company_id': 38, 'id': 38, 'role': 'Software Developer', 'location': 'Remote', 'job_url': 'https://example.com/job', 'updated_at': datetime.datetime(2026, 6, 19, 21, 46, 33, 502710, tzinfo=zoneinfo.ZoneInfo(key='Africa/Johannesburg')), 'follow_up_date': None, 'user_id': 6, 'company': <app.models.company.Company object at 0x00000271D8443FD0>}
2026-06-19 23:46:33,518 | DEBUG | app.api.applications | Route company: <app.models.company.Company object at 0x00000271D8443FD0>
2026-06-19 23:46:33,518 | DEBUG | app.api.applications | Route company_name: Google
2026-06-19 23:46:34,241 | DEBUG | app.services.application_service | Company Name: Microsoft
2026-06-19 23:46:34,241 | DEBUG | app.services.application_service | Company Found: None
2026-06-19 23:46:34,241 | DEBUG | app.services.application_service | company CREATED: ID is 39, name=Microsoft
2026-06-19 23:46:34,241 | DEBUG | app.services.application_service | FINAL APPLICATION DATA: {'role': 'Data Scientist', 'status': <ApplicationStatus.OFFER: 'offer'>, 'location': None, 'job_url': None, 'notes': None, 'company_id': 39, 'user_id': 7}
2026-06-19 23:46:34,241 | DEBUG | app.repos.application_repository | Repository application before add: <app.models.application.Application object at 0x00000271D8376610>
2026-06-19 23:46:34,241 | DEBUG | app.repos.application_repository | has company_name property: False
2026-06-19 23:46:34,253 | DEBUG | app.repos.application_repository | Repository application after refresh: <app.models.application.Application object at 0x00000271D8376610>
2026-06-19 23:46:34,253 | DEBUG | app.repos.application_repository | Company relation refresh after refresh: <app.models.company.Company object at 0x00000271D83765D0>
2026-06-19 23:46:34,253 | DEBUG | app.repos.application_repository | company name after refresh: Microsoft
2026-06-19 23:46:34,253 | DEBUG | app.services.application_service | Application company ID: 39
2026-06-19 23:46:34,253 | DEBUG | app.services.application_service | Application name attr: Microsoft
2026-06-19 23:46:34,253 | DEBUG | app.api.applications | Route result: <app.models.application.Application object at 0x00000271D8376610>
2026-06-19 23:46:34,253 | DEBUG | app.api.applications | Route result dictionary: {'_sa_instance_state': <sqlalchemy.orm.state.InstanceState object at 0x00000271D834D8B0>, 'status': <ApplicationStatus.OFFER: 'offer'>, 'created_at': datetime.datetime(2026, 6, 19, 21, 46, 34, 251643, tzinfo=zoneinfo.ZoneInfo(key='Africa/Johannesburg')), 'deadline': None, 'notes': None, 'company_id': 39, 'id': 39, 'role': 'Data Scientist', 'location': None, 'job_url': None, 'updated_at': datetime.datetime(2026, 6, 19, 21, 46, 34, 251643, tzinfo=zoneinfo.ZoneInfo(key='Africa/Johannesburg')), 'follow_up_date': None, 'user_id': 7, 'company': <app.models.company.Company object at 0x00000271D83765D0>}
2026-06-19 23:46:34,253 | DEBUG | app.api.applications | Route company: <app.models.company.Company object at 0x00000271D83765D0>
2026-06-19 23:46:34,253 | DEBUG | app.api.applications | Route company_name: Microsoft
2026-06-19 23:46:34,989 | DEBUG | app.services.application_service | Company Name: Amazon AWS
2026-06-19 23:46:34,989 | DEBUG | app.services.application_service | Company Found: None
2026-06-19 23:46:34,998 | DEBUG | app.services.application_service | company CREATED: ID is 40, name=Amazon AWS
2026-06-19 23:46:34,998 | DEBUG | app.services.application_service | FINAL APPLICATION DATA: {'role': 'Cloud Engineer', 'status': <ApplicationStatus.APPLIED: 'applied'>, 'location': None, 'job_url': None, 'notes': None, 'company_id': 40, 'user_id': 8}
2026-06-19 23:46:34,998 | DEBUG | app.repos.application_repository | Repository application before add: <app.models.application.Application object at 0x00000271D8377350>
2026-06-19 23:46:34,998 | DEBUG | app.repos.application_repository | has company_name property: False
2026-06-19 23:46:34,998 | DEBUG | app.repos.application_repository | Repository application after refresh: <app.models.application.Application object at 0x00000271D8377350>
2026-06-19 23:46:34,998 | DEBUG | app.repos.application_repository | Company relation refresh after refresh: <app.models.company.Company object at 0x00000271D8479710>
2026-06-19 23:46:34,998 | DEBUG | app.repos.application_repository | company name after refresh: Amazon AWS
2026-06-19 23:46:34,998 | DEBUG | app.services.application_service | Application company ID: 40
2026-06-19 23:46:34,998 | DEBUG | app.services.application_service | Application name attr: Amazon AWS
2026-06-19 23:46:34,998 | DEBUG | app.api.applications | Route result: <app.models.application.Application object at 0x00000271D8377350>
2026-06-19 23:46:34,998 | DEBUG | app.api.applications | Route result dictionary: {'_sa_instance_state': <sqlalchemy.orm.state.InstanceState object at 0x00000271D834EE70>, 'status': <ApplicationStatus.APPLIED: 'applied'>, 'created_at': datetime.datetime(2026, 6, 19, 21, 46, 34, 998888, tzinfo=zoneinfo.ZoneInfo(key='Africa/Johannesburg')), 'deadline': None, 'notes': None, 'company_id': 40, 'id': 40, 'role': 'Cloud Engineer', 'location': None, 'job_url': None, 'updated_at': datetime.datetime(2026, 6, 19, 21, 46, 34, 998888, tzinfo=zoneinfo.ZoneInfo(key='Africa/Johannesburg')), 'follow_up_date': None, 'user_id': 8, 'company': <app.models.company.Company object at 0x00000271D8479710>}
2026-06-19 23:46:34,998 | DEBUG | app.api.applications | Route company: <app.models.company.Company object at 0x00000271D8479710>
2026-06-19 23:46:34,998 | DEBUG | app.api.applications | Route company_name: Amazon AWS
2026-06-19 23:46:35,736 | DEBUG | app.services.application_service | Company Name: Oracle
2026-06-19 23:46:35,746 | DEBUG | app.services.application_service | Company Found: None
2026-06-19 23:46:35,752 | DEBUG | app.services.application_service | company CREATED: ID is 41, name=Oracle
2026-06-19 23:46:35,752 | DEBUG | app.services.application_service | FINAL APPLICATION DATA: {'role': 'Database Manager', 'status': <ApplicationStatus.WISHLIST: 'wishlist'>, 'location': None, 'job_url': None, 'notes': None, 'company_id': 41, 'user_id': 9}
2026-06-19 23:46:35,752 | DEBUG | app.repos.application_repository | Repository application before add: <app.models.application.Application object at 0x00000271D82F8190>
2026-06-19 23:46:35,752 | DEBUG | app.repos.application_repository | has company_name property: False
2026-06-19 23:46:35,754 | DEBUG | app.repos.application_repository | Repository application after refresh: <app.models.application.Application object at 0x00000271D82F8190>
2026-06-19 23:46:35,760 | DEBUG | app.repos.application_repository | Company relation refresh after refresh: <app.models.company.Company object at 0x00000271D8430BD0>
2026-06-19 23:46:35,760 | DEBUG | app.repos.application_repository | company name after refresh: Oracle
2026-06-19 23:46:35,760 | DEBUG | app.services.application_service | Application company ID: 41
2026-06-19 23:46:35,760 | DEBUG | app.services.application_service | Application name attr: Oracle
2026-06-19 23:46:35,760 | DEBUG | app.api.applications | Route result: <app.models.application.Application object at 0x00000271D82F8190>
2026-06-19 23:46:35,760 | DEBUG | app.api.applications | Route result dictionary: {'_sa_instance_state': <sqlalchemy.orm.state.InstanceState object at 0x00000271D847CAD0>, 'status': <ApplicationStatus.WISHLIST: 'wishlist'>, 'created_at': datetime.datetime(2026, 6, 19, 21, 46, 35, 752744, tzinfo=zoneinfo.ZoneInfo(key='Africa/Johannesburg')), 'deadline': None, 'notes': None, 'company_id': 41, 'id': 41, 'role': 'Database Manager', 'location': None, 'job_url': None, 'updated_at': datetime.datetime(2026, 6, 19, 21, 46, 35, 752744, tzinfo=zoneinfo.ZoneInfo(key='Africa/Johannesburg')), 'follow_up_date': None, 'user_id': 9, 'company': <app.models.company.Company object at 0x00000271D8430BD0>}
2026-06-19 23:46:35,760 | DEBUG | app.api.applications | Route company: <app.models.company.Company object at 0x00000271D8430BD0>
2026-06-19 23:46:35,760 | DEBUG | app.api.applications | Route company_name: Oracle
2026-06-19 23:46:36,509 | DEBUG | app.services.application_service | Company Name: Codecademy
2026-06-19 23:46:36,509 | DEBUG | app.services.application_service | Company Found: None
2026-06-19 23:46:36,517 | DEBUG | app.services.application_service | company CREATED: ID is 42, name=Codecademy
2026-06-19 23:46:36,517 | DEBUG | app.services.application_service | FINAL APPLICATION DATA: {'role': 'Full-Stack Engineer', 'status': <ApplicationStatus.APPLIED: 'applied'>, 'location': None, 'job_url': None, 'notes': None, 'company_id': 42, 'user_id': 10}
2026-06-19 23:46:36,517 | DEBUG | app.repos.application_repository | Repository application before add: <app.models.application.Application object at 0x00000271D8433AD0>
2026-06-19 23:46:36,517 | DEBUG | app.repos.application_repository | has company_name property: False
2026-06-19 23:46:36,521 | DEBUG | app.repos.application_repository | Repository application after refresh: <app.models.application.Application object at 0x00000271D8433AD0>
2026-06-19 23:46:36,521 | DEBUG | app.repos.application_repository | Company relation refresh after refresh: <app.models.company.Company object at 0x00000271D7EF8D10>
2026-06-19 23:46:36,521 | DEBUG | app.repos.application_repository | company name after refresh: Codecademy
2026-06-19 23:46:36,521 | DEBUG | app.services.application_service | Application company ID: 42
2026-06-19 23:46:36,521 | DEBUG | app.services.application_service | Application name attr: Codecademy
2026-06-19 23:46:36,521 | DEBUG | app.api.applications | Route result: <app.models.application.Application object at 0x00000271D8433AD0>
2026-06-19 23:46:36,521 | DEBUG | app.api.applications | Route result dictionary: {'_sa_instance_state': <sqlalchemy.orm.state.InstanceState object at 0x00000271D847CA70>, 'status': <ApplicationStatus.APPLIED: 'applied'>, 'created_at': datetime.datetime(2026, 6, 19, 21, 46, 36, 521433, tzinfo=zoneinfo.ZoneInfo(key='Africa/Johannesburg')), 'deadline': None, 'notes': None, 'company_id': 42, 'id': 42, 'role': 'Full-Stack Engineer', 'location': None, 'job_url': None, 'updated_at': datetime.datetime(2026, 6, 19, 21, 46, 36, 521433, tzinfo=zoneinfo.ZoneInfo(key='Africa/Johannesburg')), 'follow_up_date': None, 'user_id': 10, 'company': <app.models.company.Company object at 0x00000271D7EF8D10>}
2026-06-19 23:46:36,521 | DEBUG | app.api.applications | Route company: <app.models.company.Company object at 0x00000271D7EF8D10>
2026-06-19 23:46:36,521 | DEBUG | app.api.applications | Route company_name: Codecademy
2026-06-19 23:46:40,373 | DEBUG | app.services.application_service | Company Name: Test Company
2026-06-19 23:46:40,380 | DEBUG | app.services.application_service | Company Found: None
2026-06-19 23:46:40,380 | DEBUG | app.services.application_service | company CREATED: ID is 43, name=Test Company
2026-06-19 23:46:40,380 | DEBUG | app.services.application_service | FINAL APPLICATION DATA: {'role': 'Developer', 'status': <ApplicationStatus.WISHLIST: 'wishlist'>, 'location': None, 'job_url': None, 'notes': None, 'company_id': 43, 'user_id': 16}
2026-06-19 23:46:40,380 | DEBUG | app.repos.application_repository | Repository application before add: <app.models.application.Application object at 0x00000271D84AFE90>
2026-06-19 23:46:40,380 | DEBUG | app.repos.application_repository | has company_name property: False
2026-06-19 23:46:40,387 | DEBUG | app.repos.application_repository | Repository application after refresh: <app.models.application.Application object at 0x00000271D84AFE90>
2026-06-19 23:46:40,387 | DEBUG | app.repos.application_repository | Company relation refresh after refresh: <app.models.company.Company object at 0x00000271D7E7A690>
2026-06-19 23:46:40,387 | DEBUG | app.repos.application_repository | company name after refresh: Test Company
2026-06-19 23:46:40,387 | DEBUG | app.services.application_service | Application company ID: 43
2026-06-19 23:46:40,387 | DEBUG | app.services.application_service | Application name attr: Test Company
2026-06-19 23:46:40,387 | DEBUG | app.api.applications | Route result: <app.models.application.Application object at 0x00000271D84AFE90>
2026-06-19 23:46:40,387 | DEBUG | app.api.applications | Route result dictionary: {'_sa_instance_state': <sqlalchemy.orm.state.InstanceState object at 0x00000271D847DC10>, 'status': <ApplicationStatus.WISHLIST: 'wishlist'>, 'created_at': datetime.datetime(2026, 6, 19, 21, 46, 40, 387607, tzinfo=zoneinfo.ZoneInfo(key='Africa/Johannesburg')), 'deadline': None, 'notes': None, 'company_id': 43, 'id': 43, 'role': 'Developer', 'location': None, 'job_url': None, 'updated_at': datetime.datetime(2026, 6, 19, 21, 46, 40, 387607, tzinfo=zoneinfo.ZoneInfo(key='Africa/Johannesburg')), 'follow_up_date': None, 'user_id': 16, 'company': <app.models.company.Company object at 0x00000271D7E7A690>}
2026-06-19 23:46:40,387 | DEBUG | app.api.applications | Route company: <app.models.company.Company object at 0x00000271D7E7A690>
2026-06-19 23:46:40,387 | DEBUG | app.api.applications | Route company_name: Test Company
2026-06-19 23:46:40,402 | DEBUG | app.services.application_service | Company Name: Test Company
2026-06-19 23:46:40,411 | DEBUG | app.services.application_service | Company Found: <app.models.company.Company object at 0x00000271D8496AD0>
2026-06-19 23:46:40,411 | DEBUG | app.services.application_service | FINAL APPLICATION DATA: {'role': 'Developer', 'status': <ApplicationStatus.APPLIED: 'applied'>, 'location': None, 'job_url': None, 'notes': None, 'company_id': 43, 'user_id': 16}
2026-06-19 23:46:40,411 | DEBUG | app.repos.application_repository | Repository application before add: <app.models.application.Application object at 0x00000271D8467B90>
2026-06-19 23:46:40,411 | DEBUG | app.repos.application_repository | has company_name property: False
2026-06-19 23:46:40,411 | DEBUG | app.repos.application_repository | Repository application after refresh: <app.models.application.Application object at 0x00000271D8467B90>
2026-06-19 23:46:40,411 | DEBUG | app.repos.application_repository | Company relation refresh after refresh: <app.models.company.Company object at 0x00000271D8496AD0>
2026-06-19 23:46:40,411 | DEBUG | app.repos.application_repository | company name after refresh: Test Company
2026-06-19 23:46:40,411 | DEBUG | app.services.application_service | Application company ID: 43
2026-06-19 23:46:40,411 | DEBUG | app.services.application_service | Application name attr: Test Company
2026-06-19 23:46:40,411 | DEBUG | app.api.applications | Route result: <app.models.application.Application object at 0x00000271D8467B90>
2026-06-19 23:46:40,411 | DEBUG | app.api.applications | Route result dictionary: {'_sa_instance_state': <sqlalchemy.orm.state.InstanceState object at 0x00000271D847DC10>, 'status': <ApplicationStatus.APPLIED: 'applied'>, 'created_at': datetime.datetime(2026, 6, 19, 21, 46, 40, 411411, tzinfo=zoneinfo.ZoneInfo(key='Africa/Johannesburg')), 'deadline': None, 'notes': None, 'company_id': 43, 'id': 44, 'role': 'Developer', 'location': None, 'job_url': None, 'updated_at': datetime.datetime(2026, 6, 19, 21, 46, 40, 411411, tzinfo=zoneinfo.ZoneInfo(key='Africa/Johannesburg')), 'follow_up_date': None, 'user_id': 16, 'company': <app.models.company.Company object at 0x00000271D8496AD0>}
2026-06-19 23:46:40,411 | DEBUG | app.api.applications | Route company: <app.models.company.Company object at 0x00000271D8496AD0>
2026-06-19 23:46:40,411 | DEBUG | app.api.applications | Route company_name: Test Company
2026-06-19 23:46:40,435 | DEBUG | app.services.application_service | Company Name: Test Company
2026-06-19 23:46:40,435 | DEBUG | app.services.application_service | Company Found: <app.models.company.Company object at 0x00000271D8498AD0>
2026-06-19 23:46:40,435 | DEBUG | app.services.application_service | FINAL APPLICATION DATA: {'role': 'Developer', 'status': <ApplicationStatus.INTERVIEW: 'interview'>, 'location': None, 'job_url': None, 'notes': None, 'company_id': 43, 'user_id': 16}
2026-06-19 23:46:40,435 | DEBUG | app.repos.application_repository | Repository application before add: <app.models.application.Application object at 0x00000271D8479910>
2026-06-19 23:46:40,435 | DEBUG | app.repos.application_repository | has company_name property: False
2026-06-19 23:46:40,443 | DEBUG | app.repos.application_repository | Repository application after refresh: <app.models.application.Application object at 0x00000271D8479910>
2026-06-19 23:46:40,443 | DEBUG | app.repos.application_repository | Company relation refresh after refresh: <app.models.company.Company object at 0x00000271D8498AD0>
2026-06-19 23:46:40,443 | DEBUG | app.repos.application_repository | company name after refresh: Test Company
2026-06-19 23:46:40,443 | DEBUG | app.services.application_service | Application company ID: 43
2026-06-19 23:46:40,443 | DEBUG | app.services.application_service | Application name attr: Test Company
2026-06-19 23:46:40,443 | DEBUG | app.api.applications | Route result: <app.models.application.Application object at 0x00000271D8479910>
2026-06-19 23:46:40,443 | DEBUG | app.api.applications | Route result dictionary: {'_sa_instance_state': <sqlalchemy.orm.state.InstanceState object at 0x00000271D847DC10>, 'status': <ApplicationStatus.INTERVIEW: 'interview'>, 'created_at': datetime.datetime(2026, 6, 19, 21, 46, 40, 440905, tzinfo=zoneinfo.ZoneInfo(key='Africa/Johannesburg')), 'deadline': None, 'notes': None, 'company_id': 43, 'id': 45, 'role': 'Developer', 'location': None, 'job_url': None, 'updated_at': datetime.datetime(2026, 6, 19, 21, 46, 40, 440905, tzinfo=zoneinfo.ZoneInfo(key='Africa/Johannesburg')), 'follow_up_date': None, 'user_id': 16, 'company': <app.models.company.Company object at 0x00000271D8498AD0>}
2026-06-19 23:46:40,443 | DEBUG | app.api.applications | Route company: <app.models.company.Company object at 0x00000271D8498AD0>
2026-06-19 23:46:40,443 | DEBUG | app.api.applications | Route company_name: Test Company
2026-06-19 23:46:40,452 | DEBUG | app.services.application_service | Company Name: Test Company
2026-06-19 23:46:40,452 | DEBUG | app.services.application_service | Company Found: <app.models.company.Company object at 0x00000271D8499F90>
2026-06-19 23:46:40,452 | DEBUG | app.services.application_service | FINAL APPLICATION DATA: {'role': 'Developer', 'status': <ApplicationStatus.APPLIED: 'applied'>, 'location': None, 'job_url': None, 'notes': None, 'company_id': 43, 'user_id': 16}
2026-06-19 23:46:40,452 | DEBUG | app.repos.application_repository | Repository application before add: <app.models.application.Application object at 0x00000271D8494310>
2026-06-19 23:46:40,452 | DEBUG | app.repos.application_repository | has company_name property: False
2026-06-19 23:46:40,467 | DEBUG | app.repos.application_repository | Repository application after refresh: <app.models.application.Application object at 0x00000271D8494310>
2026-06-19 23:46:40,467 | DEBUG | app.repos.application_repository | Company relation refresh after refresh: <app.models.company.Company object at 0x00000271D8499F90>
2026-06-19 23:46:40,467 | DEBUG | app.repos.application_repository | company name after refresh: Test Company
2026-06-19 23:46:40,467 | DEBUG | app.services.application_service | Application company ID: 43
2026-06-19 23:46:40,467 | DEBUG | app.services.application_service | Application name attr: Test Company
2026-06-19 23:46:40,467 | DEBUG | app.api.applications | Route result: <app.models.application.Application object at 0x00000271D8494310>
2026-06-19 23:46:40,467 | DEBUG | app.api.applications | Route result dictionary: {'_sa_instance_state': <sqlalchemy.orm.state.InstanceState object at 0x00000271D847DEB0>, 'status': <ApplicationStatus.APPLIED: 'applied'>, 'created_at': datetime.datetime(2026, 6, 19, 21, 46, 40, 452029, tzinfo=zoneinfo.ZoneInfo(key='Africa/Johannesburg')), 'deadline': None, 'notes': None, 'company_id': 43, 'id': 46, 'role': 'Developer', 'location': None, 'job_url': None, 'updated_at': datetime.datetime(2026, 6, 19, 21, 46, 40, 452029, tzinfo=zoneinfo.ZoneInfo(key='Africa/Johannesburg')), 'follow_up_date': None, 'user_id': 16, 'company': <app.models.company.Company object at 0x00000271D8499F90>}
2026-06-19 23:46:40,467 | DEBUG | app.api.applications | Route company: <app.models.company.Company object at 0x00000271D8499F90>
2026-06-19 23:46:40,467 | DEBUG | app.api.applications | Route company_name: Test Company
2026-06-19 23:46:40,489 | DEBUG | app.services.application_service | Company Name: Test Company
2026-06-19 23:46:40,491 | DEBUG | app.services.application_service | Company Found: <app.models.company.Company object at 0x00000271D849B150>
2026-06-19 23:46:40,493 | DEBUG | app.services.application_service | FINAL APPLICATION DATA: {'role': 'Developer', 'status': <ApplicationStatus.OFFER: 'offer'>, 'location': None, 'job_url': None, 'notes': None, 'company_id': 43, 'user_id': 16}
2026-06-19 23:46:40,493 | DEBUG | app.repos.application_repository | Repository application before add: <app.models.application.Application object at 0x00000271D8479910>
2026-06-19 23:46:40,493 | DEBUG | app.repos.application_repository | has company_name property: False
2026-06-19 23:46:40,501 | DEBUG | app.repos.application_repository | Repository application after refresh: <app.models.application.Application object at 0x00000271D8479910>
2026-06-19 23:46:40,501 | DEBUG | app.repos.application_repository | Company relation refresh after refresh: <app.models.company.Company object at 0x00000271D849B150>
2026-06-19 23:46:40,501 | DEBUG | app.repos.application_repository | company name after refresh: Test Company
2026-06-19 23:46:40,501 | DEBUG | app.services.application_service | Application company ID: 43
2026-06-19 23:46:40,501 | DEBUG | app.services.application_service | Application name attr: Test Company
2026-06-19 23:46:40,501 | DEBUG | app.api.applications | Route result: <app.models.application.Application object at 0x00000271D8479910>
2026-06-19 23:46:40,501 | DEBUG | app.api.applications | Route result dictionary: {'_sa_instance_state': <sqlalchemy.orm.state.InstanceState object at 0x00000271D847E390>, 'status': <ApplicationStatus.OFFER: 'offer'>, 'created_at': datetime.datetime(2026, 6, 19, 21, 46, 40, 493434, tzinfo=zoneinfo.ZoneInfo(key='Africa/Johannesburg')), 'deadline': None, 'notes': None, 'company_id': 43, 'id': 47, 'role': 'Developer', 'location': None, 'job_url': None, 'updated_at': datetime.datetime(2026, 6, 19, 21, 46, 40, 493434, tzinfo=zoneinfo.ZoneInfo(key='Africa/Johannesburg')), 'follow_up_date': None, 'user_id': 16, 'company': <app.models.company.Company object at 0x00000271D849B150>}
2026-06-19 23:46:40,501 | DEBUG | app.api.applications | Route company: <app.models.company.Company object at 0x00000271D849B150>
2026-06-19 23:46:40,501 | DEBUG | app.api.applications | Route company_name: Test Company
2026-06-19 23:46:40,514 | DEBUG | app.services.application_service | Company Name: Test Company
2026-06-19 23:46:40,522 | DEBUG | app.services.application_service | Company Found: <app.models.company.Company object at 0x00000271D8498850>
2026-06-19 23:46:40,522 | DEBUG | app.services.application_service | FINAL APPLICATION DATA: {'role': 'Developer', 'status': <ApplicationStatus.REJECTED: 'rejected'>, 'location': None, 'job_url': None, 'notes': None, 'company_id': 43, 'user_id': 16}
2026-06-19 23:46:40,522 | DEBUG | app.repos.application_repository | Repository application before add: <app.models.application.Application object at 0x00000271D84AFB90>
2026-06-19 23:46:40,522 | DEBUG | app.repos.application_repository | has company_name property: False
2026-06-19 23:46:40,522 | DEBUG | app.repos.application_repository | Repository application after refresh: <app.models.application.Application object at 0x00000271D84AFB90>
2026-06-19 23:46:40,531 | DEBUG | app.repos.application_repository | Company relation refresh after refresh: <app.models.company.Company object at 0x00000271D8498850>
2026-06-19 23:46:40,531 | DEBUG | app.repos.application_repository | company name after refresh: Test Company
2026-06-19 23:46:40,531 | DEBUG | app.services.application_service | Application company ID: 43
2026-06-19 23:46:40,531 | DEBUG | app.services.application_service | Application name attr: Test Company
2026-06-19 23:46:40,531 | DEBUG | app.api.applications | Route result: <app.models.application.Application object at 0x00000271D84AFB90>
2026-06-19 23:46:40,531 | DEBUG | app.api.applications | Route result dictionary: {'_sa_instance_state': <sqlalchemy.orm.state.InstanceState object at 0x00000271D847E090>, 'status': <ApplicationStatus.REJECTED: 'rejected'>, 'created_at': datetime.datetime(2026, 6, 19, 21, 46, 40, 522960, tzinfo=zoneinfo.ZoneInfo(key='Africa/Johannesburg')), 'deadline': None, 'notes': None, 'company_id': 43, 'id': 48, 'role': 'Developer', 'location': None, 'job_url': None, 'updated_at': datetime.datetime(2026, 6, 19, 21, 46, 40, 522960, tzinfo=zoneinfo.ZoneInfo(key='Africa/Johannesburg')), 'follow_up_date': None, 'user_id': 16, 'company': <app.models.company.Company object at 0x00000271D8498850>}
2026-06-19 23:46:40,531 | DEBUG | app.api.applications | Route company: <app.models.company.Company object at 0x00000271D8498850>
2026-06-19 23:46:40,531 | DEBUG | app.api.applications | Route company_name: Test Company
2026-06-19 23:50:44,529 | DEBUG | app.services.application_service | Company Name: Microsoft
2026-06-19 23:50:44,537 | DEBUG | app.services.application_service | Company Found: None
2026-06-19 23:50:44,551 | DEBUG | app.services.application_service | company CREATED: ID is 1, name=Microsoft
2026-06-19 23:50:44,551 | DEBUG | app.services.application_service | FINAL APPLICATION DATA: {'role': 'Software Engineer', 'status': <ApplicationStatus.REJECTED: 'rejected'>, 'location': None, 'job_url': None, 'notes': None, 'company_id': 1, 'user_id': 1}
2026-06-19 23:50:44,551 | DEBUG | app.repos.application_repository | Repository application before add: <app.models.application.Application object at 0x000002824CD16310>
2026-06-19 23:50:44,551 | DEBUG | app.repos.application_repository | has company_name property: False
2026-06-19 23:50:44,561 | DEBUG | app.repos.application_repository | Repository application after refresh: <app.models.application.Application object at 0x000002824CD16310>
2026-06-19 23:50:44,561 | DEBUG | app.repos.application_repository | Company relation refresh after refresh: <app.models.company.Company object at 0x000002824D135A50>
2026-06-19 23:50:44,561 | DEBUG | app.repos.application_repository | company name after refresh: Microsoft
2026-06-19 23:50:44,561 | DEBUG | app.services.application_service | Application company ID: 1
2026-06-19 23:50:44,561 | DEBUG | app.services.application_service | Application name attr: Microsoft
2026-06-19 23:50:44,561 | DEBUG | app.api.applications | Route result: <app.models.application.Application object at 0x000002824CD16310>
2026-06-19 23:50:44,561 | DEBUG | app.api.applications | Route result dictionary: {'_sa_instance_state': <sqlalchemy.orm.state.InstanceState object at 0x000002824D18C0B0>, 'status': <ApplicationStatus.REJECTED: 'rejected'>, 'created_at': datetime.datetime(2026, 6, 19, 21, 50, 44, 551067, tzinfo=zoneinfo.ZoneInfo(key='Africa/Johannesburg')), 'deadline': None, 'notes': None, 'company_id': 1, 'role': 'Software Engineer', 'id': 1, 'location': None, 'job_url': None, 'updated_at': datetime.datetime(2026, 6, 19, 21, 50, 44, 551067, tzinfo=zoneinfo.ZoneInfo(key='Africa/Johannesburg')), 'follow_up_date': None, 'user_id': 1, 'company': <app.models.company.Company object at 0x000002824D135A50>}
2026-06-19 23:50:44,569 | DEBUG | app.api.applications | Route company: <app.models.company.Company object at 0x000002824D135A50>
2026-06-19 23:50:44,569 | DEBUG | app.api.applications | Route company_name: Microsoft
2026-06-19 23:50:44,578 | DEBUG | app.services.application_service | Company Name: Amazon
2026-06-19 23:50:44,578 | DEBUG | app.services.application_service | Company Found: None
2026-06-19 23:50:44,578 | DEBUG | app.services.application_service | company CREATED: ID is 2, name=Amazon
2026-06-19 23:50:44,578 | DEBUG | app.services.application_service | FINAL APPLICATION DATA: {'role': 'Cloud Developer', 'status': <ApplicationStatus.INTERVIEW: 'interview'>, 'location': None, 'job_url': None, 'notes': None, 'company_id': 2, 'user_id': 1}
2026-06-19 23:50:44,578 | DEBUG | app.repos.application_repository | Repository application before add: <app.models.application.Application object at 0x000002824D18AFD0>
2026-06-19 23:50:44,593 | DEBUG | app.repos.application_repository | has company_name property: False
2026-06-19 23:50:44,593 | DEBUG | app.repos.application_repository | Repository application after refresh: <app.models.application.Application object at 0x000002824D18AFD0>
2026-06-19 23:50:44,600 | DEBUG | app.repos.application_repository | Company relation refresh after refresh: <app.models.company.Company object at 0x000002824CD26010>
2026-06-19 23:50:44,600 | DEBUG | app.repos.application_repository | company name after refresh: Amazon
2026-06-19 23:50:44,600 | DEBUG | app.services.application_service | Application company ID: 2
2026-06-19 23:50:44,600 | DEBUG | app.services.application_service | Application name attr: Amazon
2026-06-19 23:50:44,600 | DEBUG | app.api.applications | Route result: <app.models.application.Application object at 0x000002824D18AFD0>
2026-06-19 23:50:44,600 | DEBUG | app.api.applications | Route result dictionary: {'_sa_instance_state': <sqlalchemy.orm.state.InstanceState object at 0x000002824D18C5F0>, 'status': <ApplicationStatus.INTERVIEW: 'interview'>, 'created_at': datetime.datetime(2026, 6, 19, 21, 50, 44, 593005, tzinfo=zoneinfo.ZoneInfo(key='Africa/Johannesburg')), 'deadline': None, 'notes': None, 'company_id': 2, 'role': 'Cloud Developer', 'id': 2, 'location': None, 'job_url': None, 'updated_at': datetime.datetime(2026, 6, 19, 21, 50, 44, 593005, tzinfo=zoneinfo.ZoneInfo(key='Africa/Johannesburg')), 'follow_up_date': None, 'user_id': 1, 'company': <app.models.company.Company object at 0x000002824CD26010>}
2026-06-19 23:50:44,600 | DEBUG | app.api.applications | Route company: <app.models.company.Company object at 0x000002824CD26010>
2026-06-19 23:50:44,600 | DEBUG | app.api.applications | Route company_name: Amazon
2026-06-19 23:50:45,346 | DEBUG | app.services.application_service | Company Name: Company 0
2026-06-19 23:50:45,346 | DEBUG | app.services.application_service | Company Found: None
2026-06-19 23:50:45,356 | DEBUG | app.services.application_service | company CREATED: ID is 3, name=Company 0
2026-06-19 23:50:45,356 | DEBUG | app.services.application_service | FINAL APPLICATION DATA: {'role': 'Developer', 'status': <ApplicationStatus.APPLIED: 'applied'>, 'location': None, 'job_url': None, 'notes': None, 'company_id': 3, 'user_id': 2}
2026-06-19 23:50:45,356 | DEBUG | app.repos.application_repository | Repository application before add: <app.models.application.Application object at 0x000002824D1BA450>
2026-06-19 23:50:45,362 | DEBUG | app.repos.application_repository | has company_name property: False
2026-06-19 23:50:45,362 | DEBUG | app.repos.application_repository | Repository application after refresh: <app.models.application.Application object at 0x000002824D1BA450>
2026-06-19 23:50:45,369 | DEBUG | app.repos.application_repository | Company relation refresh after refresh: <app.models.company.Company object at 0x000002824CD3D110>
2026-06-19 23:50:45,369 | DEBUG | app.repos.application_repository | company name after refresh: Company 0
2026-06-19 23:50:45,369 | DEBUG | app.services.application_service | Application company ID: 3
2026-06-19 23:50:45,369 | DEBUG | app.services.application_service | Application name attr: Company 0
2026-06-19 23:50:45,369 | DEBUG | app.api.applications | Route result: <app.models.application.Application object at 0x000002824D1BA450>
2026-06-19 23:50:45,369 | DEBUG | app.api.applications | Route result dictionary: {'_sa_instance_state': <sqlalchemy.orm.state.InstanceState object at 0x000002824D09F8F0>, 'status': <ApplicationStatus.APPLIED: 'applied'>, 'created_at': datetime.datetime(2026, 6, 19, 21, 50, 45, 362636, tzinfo=zoneinfo.ZoneInfo(key='Africa/Johannesburg')), 'deadline': None, 'notes': None, 'company_id': 3, 'role': 'Developer', 'id': 3, 'location': None, 'job_url': None, 'updated_at': datetime.datetime(2026, 6, 19, 21, 50, 45, 362636, tzinfo=zoneinfo.ZoneInfo(key='Africa/Johannesburg')), 'follow_up_date': None, 'user_id': 2, 'company': <app.models.company.Company object at 0x000002824CD3D110>}
2026-06-19 23:50:45,369 | DEBUG | app.api.applications | Route company: <app.models.company.Company object at 0x000002824CD3D110>
2026-06-19 23:50:45,369 | DEBUG | app.api.applications | Route company_name: Company 0
2026-06-19 23:50:45,380 | DEBUG | app.services.application_service | Company Name: Company 1
2026-06-19 23:50:45,389 | DEBUG | app.services.application_service | Company Found: None
2026-06-19 23:50:45,389 | DEBUG | app.services.application_service | company CREATED: ID is 4, name=Company 1
2026-06-19 23:50:45,396 | DEBUG | app.services.application_service | FINAL APPLICATION DATA: {'role': 'Developer', 'status': <ApplicationStatus.APPLIED: 'applied'>, 'location': None, 'job_url': None, 'notes': None, 'company_id': 4, 'user_id': 2}
2026-06-19 23:50:45,396 | DEBUG | app.repos.application_repository | Repository application before add: <app.models.application.Application object at 0x000002824CC9DDD0>
2026-06-19 23:50:45,396 | DEBUG | app.repos.application_repository | has company_name property: False
2026-06-19 23:50:45,396 | DEBUG | app.repos.application_repository | Repository application after refresh: <app.models.application.Application object at 0x000002824CC9DDD0>
2026-06-19 23:50:45,396 | DEBUG | app.repos.application_repository | Company relation refresh after refresh: <app.models.company.Company object at 0x000002824D135ED0>
2026-06-19 23:50:45,404 | DEBUG | app.repos.application_repository | company name after refresh: Company 1
2026-06-19 23:50:45,404 | DEBUG | app.services.application_service | Application company ID: 4
2026-06-19 23:50:45,404 | DEBUG | app.services.application_service | Application name attr: Company 1
2026-06-19 23:50:45,404 | DEBUG | app.api.applications | Route result: <app.models.application.Application object at 0x000002824CC9DDD0>
2026-06-19 23:50:45,404 | DEBUG | app.api.applications | Route result dictionary: {'_sa_instance_state': <sqlalchemy.orm.state.InstanceState object at 0x000002824D18C1D0>, 'status': <ApplicationStatus.APPLIED: 'applied'>, 'created_at': datetime.datetime(2026, 6, 19, 21, 50, 45, 396126, tzinfo=zoneinfo.ZoneInfo(key='Africa/Johannesburg')), 'deadline': None, 'notes': None, 'company_id': 4, 'role': 'Developer', 'id': 4, 'location': None, 'job_url': None, 'updated_at': datetime.datetime(2026, 6, 19, 21, 50, 45, 396126, tzinfo=zoneinfo.ZoneInfo(key='Africa/Johannesburg')), 'follow_up_date': None, 'user_id': 2, 'company': <app.models.company.Company object at 0x000002824D135ED0>}
2026-06-19 23:50:45,404 | DEBUG | app.api.applications | Route company: <app.models.company.Company object at 0x000002824D135ED0>
2026-06-19 23:50:45,404 | DEBUG | app.api.applications | Route company_name: Company 1
2026-06-19 23:50:45,417 | DEBUG | app.services.application_service | Company Name: Company 2
2026-06-19 23:50:45,421 | DEBUG | app.services.application_service | Company Found: None
2026-06-19 23:50:45,425 | DEBUG | app.services.application_service | company CREATED: ID is 5, name=Company 2
2026-06-19 23:50:45,425 | DEBUG | app.services.application_service | FINAL APPLICATION DATA: {'role': 'Developer', 'status': <ApplicationStatus.APPLIED: 'applied'>, 'location': None, 'job_url': None, 'notes': None, 'company_id': 5, 'user_id': 2}
2026-06-19 23:50:45,425 | DEBUG | app.repos.application_repository | Repository application before add: <app.models.application.Application object at 0x000002824D0CBD90>
2026-06-19 23:50:45,425 | DEBUG | app.repos.application_repository | has company_name property: False
2026-06-19 23:50:45,429 | DEBUG | app.repos.application_repository | Repository application after refresh: <app.models.application.Application object at 0x000002824D0CBD90>
2026-06-19 23:50:45,429 | DEBUG | app.repos.application_repository | Company relation refresh after refresh: <app.models.company.Company object at 0x000002824CD3D110>
2026-06-19 23:50:45,429 | DEBUG | app.repos.application_repository | company name after refresh: Company 2
2026-06-19 23:50:45,429 | DEBUG | app.services.application_service | Application company ID: 5
2026-06-19 23:50:45,429 | DEBUG | app.services.application_service | Application name attr: Company 2
2026-06-19 23:50:45,429 | DEBUG | app.api.applications | Route result: <app.models.application.Application object at 0x000002824D0CBD90>
2026-06-19 23:50:45,429 | DEBUG | app.api.applications | Route result dictionary: {'_sa_instance_state': <sqlalchemy.orm.state.InstanceState object at 0x000002824D18C1D0>, 'status': <ApplicationStatus.APPLIED: 'applied'>, 'created_at': datetime.datetime(2026, 6, 19, 21, 50, 45, 429365, tzinfo=zoneinfo.ZoneInfo(key='Africa/Johannesburg')), 'deadline': None, 'notes': None, 'company_id': 5, 'role': 'Developer', 'id': 5, 'location': None, 'job_url': None, 'updated_at': datetime.datetime(2026, 6, 19, 21, 50, 45, 429365, tzinfo=zoneinfo.ZoneInfo(key='Africa/Johannesburg')), 'follow_up_date': None, 'user_id': 2, 'company': <app.models.company.Company object at 0x000002824CD3D110>}
2026-06-19 23:50:45,429 | DEBUG | app.api.applications | Route company: <app.models.company.Company object at 0x000002824CD3D110>
2026-06-19 23:50:45,429 | DEBUG | app.api.applications | Route company_name: Company 2
2026-06-19 23:50:45,447 | DEBUG | app.services.application_service | Company Name: Company 3
2026-06-19 23:50:45,453 | DEBUG | app.services.application_service | Company Found: None
2026-06-19 23:50:45,453 | DEBUG | app.services.application_service | company CREATED: ID is 6, name=Company 3
2026-06-19 23:50:45,453 | DEBUG | app.services.application_service | FINAL APPLICATION DATA: {'role': 'Developer', 'status': <ApplicationStatus.APPLIED: 'applied'>, 'location': None, 'job_url': None, 'notes': None, 'company_id': 6, 'user_id': 2}
2026-06-19 23:50:45,453 | DEBUG | app.repos.application_repository | Repository application before add: <app.models.application.Application object at 0x000002824D189E50>
2026-06-19 23:50:45,453 | DEBUG | app.repos.application_repository | has company_name property: False
2026-06-19 23:50:45,453 | DEBUG | app.repos.application_repository | Repository application after refresh: <app.models.application.Application object at 0x000002824D189E50>
2026-06-19 23:50:45,453 | DEBUG | app.repos.application_repository | Company relation refresh after refresh: <app.models.company.Company object at 0x000002824D1D2750>
2026-06-19 23:50:45,453 | DEBUG | app.repos.application_repository | company name after refresh: Company 3
2026-06-19 23:50:45,453 | DEBUG | app.services.application_service | Application company ID: 6
2026-06-19 23:50:45,453 | DEBUG | app.services.application_service | Application name attr: Company 3
2026-06-19 23:50:45,453 | DEBUG | app.api.applications | Route result: <app.models.application.Application object at 0x000002824D189E50>
2026-06-19 23:50:45,453 | DEBUG | app.api.applications | Route result dictionary: {'_sa_instance_state': <sqlalchemy.orm.state.InstanceState object at 0x000002824D18E3F0>, 'status': <ApplicationStatus.APPLIED: 'applied'>, 'created_at': datetime.datetime(2026, 6, 19, 21, 50, 45, 453104, tzinfo=zoneinfo.ZoneInfo(key='Africa/Johannesburg')), 'deadline': None, 'notes': None, 'company_id': 6, 'role': 'Developer', 'id': 6, 'location': None, 'job_url': None, 'updated_at': datetime.datetime(2026, 6, 19, 21, 50, 45, 453104, tzinfo=zoneinfo.ZoneInfo(key='Africa/Johannesburg')), 'follow_up_date': None, 'user_id': 2, 'company': <app.models.company.Company object at 0x000002824D1D2750>}
2026-06-19 23:50:45,453 | DEBUG | app.api.applications | Route company: <app.models.company.Company object at 0x000002824D1D2750>
2026-06-19 23:50:45,453 | DEBUG | app.api.applications | Route company_name: Company 3
2026-06-19 23:50:45,468 | DEBUG | app.services.application_service | Company Name: Company 4
2026-06-19 23:50:45,468 | DEBUG | app.services.application_service | Company Found: None
2026-06-19 23:50:45,488 | DEBUG | app.services.application_service | company CREATED: ID is 7, name=Company 4
2026-06-19 23:50:45,488 | DEBUG | app.services.application_service | FINAL APPLICATION DATA: {'role': 'Developer', 'status': <ApplicationStatus.APPLIED: 'applied'>, 'location': None, 'job_url': None, 'notes': None, 'company_id': 7, 'user_id': 2}
2026-06-19 23:50:45,488 | DEBUG | app.repos.application_repository | Repository application before add: <app.models.application.Application object at 0x000002824D1B7C50>
2026-06-19 23:50:45,490 | DEBUG | app.repos.application_repository | has company_name property: False
2026-06-19 23:50:45,496 | DEBUG | app.repos.application_repository | Repository application after refresh: <app.models.application.Application object at 0x000002824D1B7C50>
2026-06-19 23:50:45,498 | DEBUG | app.repos.application_repository | Company relation refresh after refresh: <app.models.company.Company object at 0x000002824D1B7190>
2026-06-19 23:50:45,498 | DEBUG | app.repos.application_repository | company name after refresh: Company 4
2026-06-19 23:50:45,498 | DEBUG | app.services.application_service | Application company ID: 7
2026-06-19 23:50:45,498 | DEBUG | app.services.application_service | Application name attr: Company 4
2026-06-19 23:50:45,498 | DEBUG | app.api.applications | Route result: <app.models.application.Application object at 0x000002824D1B7C50>
2026-06-19 23:50:45,500 | DEBUG | app.api.applications | Route result dictionary: {'_sa_instance_state': <sqlalchemy.orm.state.InstanceState object at 0x000002824D18E510>, 'status': <ApplicationStatus.APPLIED: 'applied'>, 'created_at': datetime.datetime(2026, 6, 19, 21, 50, 45, 490589, tzinfo=zoneinfo.ZoneInfo(key='Africa/Johannesburg')), 'deadline': None, 'notes': None, 'company_id': 7, 'role': 'Developer', 'id': 7, 'location': None, 'job_url': None, 'updated_at': datetime.datetime(2026, 6, 19, 21, 50, 45, 490589, tzinfo=zoneinfo.ZoneInfo(key='Africa/Johannesburg')), 'follow_up_date': None, 'user_id': 2, 'company': <app.models.company.Company object at 0x000002824D1B7190>}
2026-06-19 23:50:45,500 | DEBUG | app.api.applications | Route company: <app.models.company.Company object at 0x000002824D1B7190>
2026-06-19 23:50:45,500 | DEBUG | app.api.applications | Route company_name: Company 4
2026-06-19 23:50:45,516 | DEBUG | app.services.application_service | Company Name: Company 5
2026-06-19 23:50:45,516 | DEBUG | app.services.application_service | Company Found: None
2026-06-19 23:50:45,520 | DEBUG | app.services.application_service | company CREATED: ID is 8, name=Company 5
2026-06-19 23:50:45,520 | DEBUG | app.services.application_service | FINAL APPLICATION DATA: {'role': 'Developer', 'status': <ApplicationStatus.APPLIED: 'applied'>, 'location': None, 'job_url': None, 'notes': None, 'company_id': 8, 'user_id': 2}
2026-06-19 23:50:45,520 | DEBUG | app.repos.application_repository | Repository application before add: <app.models.application.Application object at 0x000002824D1B6D90>
2026-06-19 23:50:45,520 | DEBUG | app.repos.application_repository | has company_name property: False
2026-06-19 23:50:45,520 | DEBUG | app.repos.application_repository | Repository application after refresh: <app.models.application.Application object at 0x000002824D1B6D90>
2026-06-19 23:50:45,520 | DEBUG | app.repos.application_repository | Company relation refresh after refresh: <app.models.company.Company object at 0x000002824D0CB150>
2026-06-19 23:50:45,520 | DEBUG | app.repos.application_repository | company name after refresh: Company 5
2026-06-19 23:50:45,520 | DEBUG | app.services.application_service | Application company ID: 8
2026-06-19 23:50:45,520 | DEBUG | app.services.application_service | Application name attr: Company 5
2026-06-19 23:50:45,520 | DEBUG | app.api.applications | Route result: <app.models.application.Application object at 0x000002824D1B6D90>
2026-06-19 23:50:45,520 | DEBUG | app.api.applications | Route result dictionary: {'_sa_instance_state': <sqlalchemy.orm.state.InstanceState object at 0x000002824D18E510>, 'status': <ApplicationStatus.APPLIED: 'applied'>, 'created_at': datetime.datetime(2026, 6, 19, 21, 50, 45, 520674, tzinfo=zoneinfo.ZoneInfo(key='Africa/Johannesburg')), 'deadline': None, 'notes': None, 'company_id': 8, 'role': 'Developer', 'id': 8, 'location': None, 'job_url': None, 'updated_at': datetime.datetime(2026, 6, 19, 21, 50, 45, 520674, tzinfo=zoneinfo.ZoneInfo(key='Africa/Johannesburg')), 'follow_up_date': None, 'user_id': 2, 'company': <app.models.company.Company object at 0x000002824D0CB150>}
2026-06-19 23:50:45,532 | DEBUG | app.api.applications | Route company: <app.models.company.Company object at 0x000002824D0CB150>
2026-06-19 23:50:45,532 | DEBUG | app.api.applications | Route company_name: Company 5
2026-06-19 23:50:45,542 | DEBUG | app.services.application_service | Company Name: Company 6
2026-06-19 23:50:45,542 | DEBUG | app.services.application_service | Company Found: None
2026-06-19 23:50:45,542 | DEBUG | app.services.application_service | company CREATED: ID is 9, name=Company 6
2026-06-19 23:50:45,542 | DEBUG | app.services.application_service | FINAL APPLICATION DATA: {'role': 'Developer', 'status': <ApplicationStatus.APPLIED: 'applied'>, 'location': None, 'job_url': None, 'notes': None, 'company_id': 9, 'user_id': 2}
2026-06-19 23:50:45,542 | DEBUG | app.repos.application_repository | Repository application before add: <app.models.application.Application object at 0x000002824D1B7F90>
2026-06-19 23:50:45,542 | DEBUG | app.repos.application_repository | has company_name property: False
2026-06-19 23:50:45,556 | DEBUG | app.repos.application_repository | Repository application after refresh: <app.models.application.Application object at 0x000002824D1B7F90>
2026-06-19 23:50:45,556 | DEBUG | app.repos.application_repository | Company relation refresh after refresh: <app.models.company.Company object at 0x000002824D1BB010>
2026-06-19 23:50:45,556 | DEBUG | app.repos.application_repository | company name after refresh: Company 6
2026-06-19 23:50:45,556 | DEBUG | app.services.application_service | Application company ID: 9
2026-06-19 23:50:45,556 | DEBUG | app.services.application_service | Application name attr: Company 6
2026-06-19 23:50:45,556 | DEBUG | app.api.applications | Route result: <app.models.application.Application object at 0x000002824D1B7F90>
2026-06-19 23:50:45,556 | DEBUG | app.api.applications | Route result dictionary: {'_sa_instance_state': <sqlalchemy.orm.state.InstanceState object at 0x000002824D18E690>, 'status': <ApplicationStatus.APPLIED: 'applied'>, 'created_at': datetime.datetime(2026, 6, 19, 21, 50, 45, 542592, tzinfo=zoneinfo.ZoneInfo(key='Africa/Johannesburg')), 'deadline': None, 'notes': None, 'company_id': 9, 'role': 'Developer', 'id': 9, 'location': None, 'job_url': None, 'updated_at': datetime.datetime(2026, 6, 19, 21, 50, 45, 542592, tzinfo=zoneinfo.ZoneInfo(key='Africa/Johannesburg')), 'follow_up_date': None, 'user_id': 2, 'company': <app.models.company.Company object at 0x000002824D1BB010>}
2026-06-19 23:50:45,556 | DEBUG | app.api.applications | Route company: <app.models.company.Company object at 0x000002824D1BB010>
2026-06-19 23:50:45,556 | DEBUG | app.api.applications | Route company_name: Company 6
2026-06-19 23:50:45,574 | DEBUG | app.services.application_service | Company Name: Company 7
2026-06-19 23:50:45,577 | DEBUG | app.services.application_service | Company Found: None
2026-06-19 23:50:45,577 | DEBUG | app.services.application_service | company CREATED: ID is 10, name=Company 7
2026-06-19 23:50:45,577 | DEBUG | app.services.application_service | FINAL APPLICATION DATA: {'role': 'Developer', 'status': <ApplicationStatus.APPLIED: 'applied'>, 'location': None, 'job_url': None, 'notes': None, 'company_id': 10, 'user_id': 2}
2026-06-19 23:50:45,577 | DEBUG | app.repos.application_repository | Repository application before add: <app.models.application.Application object at 0x000002824D1B7050>
2026-06-19 23:50:45,577 | DEBUG | app.repos.application_repository | has company_name property: False
2026-06-19 23:50:45,587 | DEBUG | app.repos.application_repository | Repository application after refresh: <app.models.application.Application object at 0x000002824D1B7050>
2026-06-19 23:50:45,587 | DEBUG | app.repos.application_repository | Company relation refresh after refresh: <app.models.company.Company object at 0x000002824D1B7F90>
2026-06-19 23:50:45,587 | DEBUG | app.repos.application_repository | company name after refresh: Company 7
2026-06-19 23:50:45,587 | DEBUG | app.services.application_service | Application company ID: 10
2026-06-19 23:50:45,587 | DEBUG | app.services.application_service | Application name attr: Company 7
2026-06-19 23:50:45,587 | DEBUG | app.api.applications | Route result: <app.models.application.Application object at 0x000002824D1B7050>
2026-06-19 23:50:45,587 | DEBUG | app.api.applications | Route result dictionary: {'_sa_instance_state': <sqlalchemy.orm.state.InstanceState object at 0x000002824D18E3F0>, 'status': <ApplicationStatus.APPLIED: 'applied'>, 'created_at': datetime.datetime(2026, 6, 19, 21, 50, 45, 577503, tzinfo=zoneinfo.ZoneInfo(key='Africa/Johannesburg')), 'deadline': None, 'notes': None, 'company_id': 10, 'role': 'Developer', 'id': 10, 'location': None, 'job_url': None, 'updated_at': datetime.datetime(2026, 6, 19, 21, 50, 45, 577503, tzinfo=zoneinfo.ZoneInfo(key='Africa/Johannesburg')), 'follow_up_date': None, 'user_id': 2, 'company': <app.models.company.Company object at 0x000002824D1B7F90>}
2026-06-19 23:50:45,587 | DEBUG | app.api.applications | Route company: <app.models.company.Company object at 0x000002824D1B7F90>
2026-06-19 23:50:45,587 | DEBUG | app.api.applications | Route company_name: Company 7
2026-06-19 23:50:45,604 | DEBUG | app.services.application_service | Company Name: Company 8
2026-06-19 23:50:45,610 | DEBUG | app.services.application_service | Company Found: None
2026-06-19 23:50:45,611 | DEBUG | app.services.application_service | company CREATED: ID is 11, name=Company 8
2026-06-19 23:50:45,611 | DEBUG | app.services.application_service | FINAL APPLICATION DATA: {'role': 'Developer', 'status': <ApplicationStatus.APPLIED: 'applied'>, 'location': None, 'job_url': None, 'notes': None, 'company_id': 11, 'user_id': 2}
2026-06-19 23:50:45,611 | DEBUG | app.repos.application_repository | Repository application before add: <app.models.application.Application object at 0x000002824D1BBD90>
2026-06-19 23:50:45,611 | DEBUG | app.repos.application_repository | has company_name property: False
2026-06-19 23:50:45,619 | DEBUG | app.repos.application_repository | Repository application after refresh: <app.models.application.Application object at 0x000002824D1BBD90>
2026-06-19 23:50:45,619 | DEBUG | app.repos.application_repository | Company relation refresh after refresh: <app.models.company.Company object at 0x000002824D1B7150>
2026-06-19 23:50:45,619 | DEBUG | app.repos.application_repository | company name after refresh: Company 8
2026-06-19 23:50:45,619 | DEBUG | app.services.application_service | Application company ID: 11
2026-06-19 23:50:45,619 | DEBUG | app.services.application_service | Application name attr: Company 8
2026-06-19 23:50:45,619 | DEBUG | app.api.applications | Route result: <app.models.application.Application object at 0x000002824D1BBD90>
2026-06-19 23:50:45,619 | DEBUG | app.api.applications | Route result dictionary: {'_sa_instance_state': <sqlalchemy.orm.state.InstanceState object at 0x000002824D18EC90>, 'status': <ApplicationStatus.APPLIED: 'applied'>, 'created_at': datetime.datetime(2026, 6, 19, 21, 50, 45, 611764, tzinfo=zoneinfo.ZoneInfo(key='Africa/Johannesburg')), 'deadline': None, 'notes': None, 'company_id': 11, 'role': 'Developer', 'id': 11, 'location': None, 'job_url': None, 'updated_at': datetime.datetime(2026, 6, 19, 21, 50, 45, 611764, tzinfo=zoneinfo.ZoneInfo(key='Africa/Johannesburg')), 'follow_up_date': None, 'user_id': 2, 'company': <app.models.company.Company object at 0x000002824D1B7150>}
2026-06-19 23:50:45,619 | DEBUG | app.api.applications | Route company: <app.models.company.Company object at 0x000002824D1B7150>
2026-06-19 23:50:45,619 | DEBUG | app.api.applications | Route company_name: Company 8
2026-06-19 23:50:45,635 | DEBUG | app.services.application_service | Company Name: Company 9
2026-06-19 23:50:45,635 | DEBUG | app.services.application_service | Company Found: None
2026-06-19 23:50:45,635 | DEBUG | app.services.application_service | company CREATED: ID is 12, name=Company 9
2026-06-19 23:50:45,635 | DEBUG | app.services.application_service | FINAL APPLICATION DATA: {'role': 'Developer', 'status': <ApplicationStatus.APPLIED: 'applied'>, 'location': None, 'job_url': None, 'notes': None, 'company_id': 12, 'user_id': 2}
2026-06-19 23:50:45,635 | DEBUG | app.repos.application_repository | Repository application before add: <app.models.application.Application object at 0x000002824D1D0B10>
2026-06-19 23:50:45,635 | DEBUG | app.repos.application_repository | has company_name property: False
2026-06-19 23:50:45,651 | DEBUG | app.repos.application_repository | Repository application after refresh: <app.models.application.Application object at 0x000002824D1D0B10>
2026-06-19 23:50:45,651 | DEBUG | app.repos.application_repository | Company relation refresh after refresh: <app.models.company.Company object at 0x000002824D14C210>
2026-06-19 23:50:45,651 | DEBUG | app.repos.application_repository | company name after refresh: Company 9
2026-06-19 23:50:45,651 | DEBUG | app.services.application_service | Application company ID: 12
2026-06-19 23:50:45,651 | DEBUG | app.services.application_service | Application name attr: Company 9
2026-06-19 23:50:45,651 | DEBUG | app.api.applications | Route result: <app.models.application.Application object at 0x000002824D1D0B10>
2026-06-19 23:50:45,651 | DEBUG | app.api.applications | Route result dictionary: {'_sa_instance_state': <sqlalchemy.orm.state.InstanceState object at 0x000002824D18EC90>, 'status': <ApplicationStatus.APPLIED: 'applied'>, 'created_at': datetime.datetime(2026, 6, 19, 21, 50, 45, 635658, tzinfo=zoneinfo.ZoneInfo(key='Africa/Johannesburg')), 'deadline': None, 'notes': None, 'company_id': 12, 'role': 'Developer', 'id': 12, 'location': None, 'job_url': None, 'updated_at': datetime.datetime(2026, 6, 19, 21, 50, 45, 635658, tzinfo=zoneinfo.ZoneInfo(key='Africa/Johannesburg')), 'follow_up_date': None, 'user_id': 2, 'company': <app.models.company.Company object at 0x000002824D14C210>}
2026-06-19 23:50:45,651 | DEBUG | app.api.applications | Route company: <app.models.company.Company object at 0x000002824D14C210>
2026-06-19 23:50:45,651 | DEBUG | app.api.applications | Route company_name: Company 9
2026-06-19 23:50:45,669 | DEBUG | app.services.application_service | Company Name: Company 10
2026-06-19 23:50:45,673 | DEBUG | app.services.application_service | Company Found: None
2026-06-19 23:50:45,673 | DEBUG | app.services.application_service | company CREATED: ID is 13, name=Company 10
2026-06-19 23:50:45,673 | DEBUG | app.services.application_service | FINAL APPLICATION DATA: {'role': 'Developer', 'status': <ApplicationStatus.APPLIED: 'applied'>, 'location': None, 'job_url': None, 'notes': None, 'company_id': 13, 'user_id': 2}
2026-06-19 23:50:45,673 | DEBUG | app.repos.application_repository | Repository application before add: <app.models.application.Application object at 0x000002824D14F9D0>
2026-06-19 23:50:45,673 | DEBUG | app.repos.application_repository | has company_name property: False
2026-06-19 23:50:45,682 | DEBUG | app.repos.application_repository | Repository application after refresh: <app.models.application.Application object at 0x000002824D14F9D0>
2026-06-19 23:50:45,682 | DEBUG | app.repos.application_repository | Company relation refresh after refresh: <app.models.company.Company object at 0x000002824D1D71D0>
2026-06-19 23:50:45,682 | DEBUG | app.repos.application_repository | company name after refresh: Company 10
2026-06-19 23:50:45,682 | DEBUG | app.services.application_service | Application company ID: 13
2026-06-19 23:50:45,682 | DEBUG | app.services.application_service | Application name attr: Company 10
2026-06-19 23:50:45,682 | DEBUG | app.api.applications | Route result: <app.models.application.Application object at 0x000002824D14F9D0>
2026-06-19 23:50:45,682 | DEBUG | app.api.applications | Route result dictionary: {'_sa_instance_state': <sqlalchemy.orm.state.InstanceState object at 0x000002824D18ECF0>, 'status': <ApplicationStatus.APPLIED: 'applied'>, 'created_at': datetime.datetime(2026, 6, 19, 21, 50, 45, 673182, tzinfo=zoneinfo.ZoneInfo(key='Africa/Johannesburg')), 'deadline': None, 'notes': None, 'company_id': 13, 'role': 'Developer', 'id': 13, 'location': None, 'job_url': None, 'updated_at': datetime.datetime(2026, 6, 19, 21, 50, 45, 673182, tzinfo=zoneinfo.ZoneInfo(key='Africa/Johannesburg')), 'follow_up_date': None, 'user_id': 2, 'company': <app.models.company.Company object at 0x000002824D1D71D0>}
2026-06-19 23:50:45,682 | DEBUG | app.api.applications | Route company: <app.models.company.Company object at 0x000002824D1D71D0>
2026-06-19 23:50:45,682 | DEBUG | app.api.applications | Route company_name: Company 10
2026-06-19 23:50:45,700 | DEBUG | app.services.application_service | Company Name: Company 11
2026-06-19 23:50:45,704 | DEBUG | app.services.application_service | Company Found: None
2026-06-19 23:50:45,704 | DEBUG | app.services.application_service | company CREATED: ID is 14, name=Company 11
2026-06-19 23:50:45,704 | DEBUG | app.services.application_service | FINAL APPLICATION DATA: {'role': 'Developer', 'status': <ApplicationStatus.APPLIED: 'applied'>, 'location': None, 'job_url': None, 'notes': None, 'company_id': 14, 'user_id': 2}
2026-06-19 23:50:45,711 | DEBUG | app.repos.application_repository | Repository application before add: <app.models.application.Application object at 0x000002824D1BBD90>
2026-06-19 23:50:45,711 | DEBUG | app.repos.application_repository | has company_name property: False
2026-06-19 23:50:45,714 | DEBUG | app.repos.application_repository | Repository application after refresh: <app.models.application.Application object at 0x000002824D1BBD90>
2026-06-19 23:50:45,714 | DEBUG | app.repos.application_repository | Company relation refresh after refresh: <app.models.company.Company object at 0x000002824D1D0CD0>
2026-06-19 23:50:45,714 | DEBUG | app.repos.application_repository | company name after refresh: Company 11
2026-06-19 23:50:45,714 | DEBUG | app.services.application_service | Application company ID: 14
2026-06-19 23:50:45,714 | DEBUG | app.services.application_service | Application name attr: Company 11
2026-06-19 23:50:45,714 | DEBUG | app.api.applications | Route result: <app.models.application.Application object at 0x000002824D1BBD90>
2026-06-19 23:50:45,714 | DEBUG | app.api.applications | Route result dictionary: {'_sa_instance_state': <sqlalchemy.orm.state.InstanceState object at 0x000002824D18F2F0>, 'status': <ApplicationStatus.APPLIED: 'applied'>, 'created_at': datetime.datetime(2026, 6, 19, 21, 50, 45, 711546, tzinfo=zoneinfo.ZoneInfo(key='Africa/Johannesburg')), 'deadline': None, 'notes': None, 'company_id': 14, 'role': 'Developer', 'id': 14, 'location': None, 'job_url': None, 'updated_at': datetime.datetime(2026, 6, 19, 21, 50, 45, 711546, tzinfo=zoneinfo.ZoneInfo(key='Africa/Johannesburg')), 'follow_up_date': None, 'user_id': 2, 'company': <app.models.company.Company object at 0x000002824D1D0CD0>}
2026-06-19 23:50:45,714 | DEBUG | app.api.applications | Route company: <app.models.company.Company object at 0x000002824D1D0CD0>
2026-06-19 23:50:45,714 | DEBUG | app.api.applications | Route company_name: Company 11
2026-06-19 23:50:45,731 | DEBUG | app.services.application_service | Company Name: Company 12
2026-06-19 23:50:45,731 | DEBUG | app.services.application_service | Company Found: None
2026-06-19 23:50:45,739 | DEBUG | app.services.application_service | company CREATED: ID is 15, name=Company 12
2026-06-19 23:50:45,739 | DEBUG | app.services.application_service | FINAL APPLICATION DATA: {'role': 'Developer', 'status': <ApplicationStatus.APPLIED: 'applied'>, 'location': None, 'job_url': None, 'notes': None, 'company_id': 15, 'user_id': 2}
2026-06-19 23:50:45,739 | DEBUG | app.repos.application_repository | Repository application before add: <app.models.application.Application object at 0x000002824D1D0710>
2026-06-19 23:50:45,739 | DEBUG | app.repos.application_repository | has company_name property: False
2026-06-19 23:50:45,743 | DEBUG | app.repos.application_repository | Repository application after refresh: <app.models.application.Application object at 0x000002824D1D0710>
2026-06-19 23:50:45,747 | DEBUG | app.repos.application_repository | Company relation refresh after refresh: <app.models.company.Company object at 0x000002824D1D1150>
2026-06-19 23:50:45,747 | DEBUG | app.repos.application_repository | company name after refresh: Company 12
2026-06-19 23:50:45,747 | DEBUG | app.services.application_service | Application company ID: 15
2026-06-19 23:50:45,747 | DEBUG | app.services.application_service | Application name attr: Company 12
2026-06-19 23:50:45,747 | DEBUG | app.api.applications | Route result: <app.models.application.Application object at 0x000002824D1D0710>
2026-06-19 23:50:45,747 | DEBUG | app.api.applications | Route result dictionary: {'_sa_instance_state': <sqlalchemy.orm.state.InstanceState object at 0x000002824D18F050>, 'status': <ApplicationStatus.APPLIED: 'applied'>, 'created_at': datetime.datetime(2026, 6, 19, 21, 50, 45, 739005, tzinfo=zoneinfo.ZoneInfo(key='Africa/Johannesburg')), 'deadline': None, 'notes': None, 'company_id': 15, 'role': 'Developer', 'id': 15, 'location': None, 'job_url': None, 'updated_at': datetime.datetime(2026, 6, 19, 21, 50, 45, 739005, tzinfo=zoneinfo.ZoneInfo(key='Africa/Johannesburg')), 'follow_up_date': None, 'user_id': 2, 'company': <app.models.company.Company object at 0x000002824D1D1150>}
2026-06-19 23:50:45,747 | DEBUG | app.api.applications | Route company: <app.models.company.Company object at 0x000002824D1D1150>
2026-06-19 23:50:45,747 | DEBUG | app.api.applications | Route company_name: Company 12
2026-06-19 23:50:45,755 | DEBUG | app.services.application_service | Company Name: Company 13
2026-06-19 23:50:45,763 | DEBUG | app.services.application_service | Company Found: None
2026-06-19 23:50:45,763 | DEBUG | app.services.application_service | company CREATED: ID is 16, name=Company 13
2026-06-19 23:50:45,763 | DEBUG | app.services.application_service | FINAL APPLICATION DATA: {'role': 'Developer', 'status': <ApplicationStatus.APPLIED: 'applied'>, 'location': None, 'job_url': None, 'notes': None, 'company_id': 16, 'user_id': 2}
2026-06-19 23:50:45,763 | DEBUG | app.repos.application_repository | Repository application before add: <app.models.application.Application object at 0x000002824D1B6CD0>
2026-06-19 23:50:45,763 | DEBUG | app.repos.application_repository | has company_name property: False
2026-06-19 23:50:45,763 | DEBUG | app.repos.application_repository | Repository application after refresh: <app.models.application.Application object at 0x000002824D1B6CD0>
2026-06-19 23:50:45,763 | DEBUG | app.repos.application_repository | Company relation refresh after refresh: <app.models.company.Company object at 0x000002824D1B8C90>
2026-06-19 23:50:45,763 | DEBUG | app.repos.application_repository | company name after refresh: Company 13
2026-06-19 23:50:45,763 | DEBUG | app.services.application_service | Application company ID: 16
2026-06-19 23:50:45,763 | DEBUG | app.services.application_service | Application name attr: Company 13
2026-06-19 23:50:45,763 | DEBUG | app.api.applications | Route result: <app.models.application.Application object at 0x000002824D1B6CD0>
2026-06-19 23:50:45,779 | DEBUG | app.api.applications | Route result dictionary: {'_sa_instance_state': <sqlalchemy.orm.state.InstanceState object at 0x000002824D18F890>, 'status': <ApplicationStatus.APPLIED: 'applied'>, 'created_at': datetime.datetime(2026, 6, 19, 21, 50, 45, 763796, tzinfo=zoneinfo.ZoneInfo(key='Africa/Johannesburg')), 'deadline': None, 'notes': None, 'company_id': 16, 'role': 'Developer', 'id': 16, 'location': None, 'job_url': None, 'updated_at': datetime.datetime(2026, 6, 19, 21, 50, 45, 763796, tzinfo=zoneinfo.ZoneInfo(key='Africa/Johannesburg')), 'follow_up_date': None, 'user_id': 2, 'company': <app.models.company.Company object at 0x000002824D1B8C90>}
2026-06-19 23:50:45,779 | DEBUG | app.api.applications | Route company: <app.models.company.Company object at 0x000002824D1B8C90>
2026-06-19 23:50:45,779 | DEBUG | app.api.applications | Route company_name: Company 13
2026-06-19 23:50:45,790 | DEBUG | app.services.application_service | Company Name: Company 14
2026-06-19 23:50:45,795 | DEBUG | app.services.application_service | Company Found: None
2026-06-19 23:50:45,799 | DEBUG | app.services.application_service | company CREATED: ID is 17, name=Company 14
2026-06-19 23:50:45,801 | DEBUG | app.services.application_service | FINAL APPLICATION DATA: {'role': 'Developer', 'status': <ApplicationStatus.APPLIED: 'applied'>, 'location': None, 'job_url': None, 'notes': None, 'company_id': 17, 'user_id': 2}
2026-06-19 23:50:45,801 | DEBUG | app.repos.application_repository | Repository application before add: <app.models.application.Application object at 0x000002824D1D1C90>
2026-06-19 23:50:45,801 | DEBUG | app.repos.application_repository | has company_name property: False
2026-06-19 23:50:45,807 | DEBUG | app.repos.application_repository | Repository application after refresh: <app.models.application.Application object at 0x000002824D1D1C90>
2026-06-19 23:50:45,809 | DEBUG | app.repos.application_repository | Company relation refresh after refresh: <app.models.company.Company object at 0x000002824D134210>
2026-06-19 23:50:45,809 | DEBUG | app.repos.application_repository | company name after refresh: Company 14
2026-06-19 23:50:45,809 | DEBUG | app.services.application_service | Application company ID: 17
2026-06-19 23:50:45,809 | DEBUG | app.services.application_service | Application name attr: Company 14
2026-06-19 23:50:45,811 | DEBUG | app.api.applications | Route result: <app.models.application.Application object at 0x000002824D1D1C90>
2026-06-19 23:50:45,811 | DEBUG | app.api.applications | Route result dictionary: {'_sa_instance_state': <sqlalchemy.orm.state.InstanceState object at 0x000002824D18ECF0>, 'status': <ApplicationStatus.APPLIED: 'applied'>, 'created_at': datetime.datetime(2026, 6, 19, 21, 50, 45, 801433, tzinfo=zoneinfo.ZoneInfo(key='Africa/Johannesburg')), 'deadline': None, 'notes': None, 'company_id': 17, 'role': 'Developer', 'id': 17, 'location': None, 'job_url': None, 'updated_at': datetime.datetime(2026, 6, 19, 21, 50, 45, 801433, tzinfo=zoneinfo.ZoneInfo(key='Africa/Johannesburg')), 'follow_up_date': None, 'user_id': 2, 'company': <app.models.company.Company object at 0x000002824D134210>}
2026-06-19 23:50:45,811 | DEBUG | app.api.applications | Route company: <app.models.company.Company object at 0x000002824D134210>
2026-06-19 23:50:45,811 | DEBUG | app.api.applications | Route company_name: Company 14
2026-06-19 23:50:46,560 | DEBUG | app.services.application_service | Company Name: Company 0
2026-06-19 23:50:46,569 | DEBUG | app.services.application_service | Company Found: None
2026-06-19 23:50:46,569 | DEBUG | app.services.application_service | company CREATED: ID is 18, name=Company 0
2026-06-19 23:50:46,569 | DEBUG | app.services.application_service | FINAL APPLICATION DATA: {'role': 'Developer', 'status': <ApplicationStatus.APPLIED: 'applied'>, 'location': None, 'job_url': None, 'notes': None, 'company_id': 18, 'user_id': 3}
2026-06-19 23:50:46,569 | DEBUG | app.repos.application_repository | Repository application before add: <app.models.application.Application object at 0x000002824D14F9D0>
2026-06-19 23:50:46,569 | DEBUG | app.repos.application_repository | has company_name property: False
2026-06-19 23:50:46,576 | DEBUG | app.repos.application_repository | Repository application after refresh: <app.models.application.Application object at 0x000002824D14F9D0>
2026-06-19 23:50:46,582 | DEBUG | app.repos.application_repository | Company relation refresh after refresh: <app.models.company.Company object at 0x000002824D1ED110>
2026-06-19 23:50:46,582 | DEBUG | app.repos.application_repository | company name after refresh: Company 0
2026-06-19 23:50:46,582 | DEBUG | app.services.application_service | Application company ID: 18
2026-06-19 23:50:46,582 | DEBUG | app.services.application_service | Application name attr: Company 0
2026-06-19 23:50:46,582 | DEBUG | app.api.applications | Route result: <app.models.application.Application object at 0x000002824D14F9D0>
2026-06-19 23:50:46,582 | DEBUG | app.api.applications | Route result dictionary: {'_sa_instance_state': <sqlalchemy.orm.state.InstanceState object at 0x000002824D18C650>, 'status': <ApplicationStatus.APPLIED: 'applied'>, 'created_at': datetime.datetime(2026, 6, 19, 21, 50, 46, 576268, tzinfo=zoneinfo.ZoneInfo(key='Africa/Johannesburg')), 'deadline': None, 'notes': None, 'company_id': 18, 'role': 'Developer', 'id': 18, 'location': None, 'job_url': None, 'updated_at': datetime.datetime(2026, 6, 19, 21, 50, 46, 576268, tzinfo=zoneinfo.ZoneInfo(key='Africa/Johannesburg')), 'follow_up_date': None, 'user_id': 3, 'company': <app.models.company.Company object at 0x000002824D1ED110>}
2026-06-19 23:50:46,585 | DEBUG | app.api.applications | Route company: <app.models.company.Company object at 0x000002824D1ED110>
2026-06-19 23:50:46,585 | DEBUG | app.api.applications | Route company_name: Company 0
2026-06-19 23:50:46,586 | DEBUG | app.services.application_service | Company Name: Company 1
2026-06-19 23:50:46,600 | DEBUG | app.services.application_service | Company Found: None
2026-06-19 23:50:46,600 | DEBUG | app.services.application_service | company CREATED: ID is 19, name=Company 1
2026-06-19 23:50:46,600 | DEBUG | app.services.application_service | FINAL APPLICATION DATA: {'role': 'Developer', 'status': <ApplicationStatus.APPLIED: 'applied'>, 'location': None, 'job_url': None, 'notes': None, 'company_id': 19, 'user_id': 3}
2026-06-19 23:50:46,600 | DEBUG | app.repos.application_repository | Repository application before add: <app.models.application.Application object at 0x000002824D1B7E50>
2026-06-19 23:50:46,600 | DEBUG | app.repos.application_repository | has company_name property: False
2026-06-19 23:50:46,600 | DEBUG | app.repos.application_repository | Repository application after refresh: <app.models.application.Application object at 0x000002824D1B7E50>
2026-06-19 23:50:46,600 | DEBUG | app.repos.application_repository | Company relation refresh after refresh: <app.models.company.Company object at 0x000002824D155BD0>
2026-06-19 23:50:46,600 | DEBUG | app.repos.application_repository | company name after refresh: Company 1
2026-06-19 23:50:46,600 | DEBUG | app.services.application_service | Application company ID: 19
2026-06-19 23:50:46,600 | DEBUG | app.services.application_service | Application name attr: Company 1
2026-06-19 23:50:46,600 | DEBUG | app.api.applications | Route result: <app.models.application.Application object at 0x000002824D1B7E50>
2026-06-19 23:50:46,600 | DEBUG | app.api.applications | Route result dictionary: {'_sa_instance_state': <sqlalchemy.orm.state.InstanceState object at 0x000002824D18CB90>, 'status': <ApplicationStatus.APPLIED: 'applied'>, 'created_at': datetime.datetime(2026, 6, 19, 21, 50, 46, 600767, tzinfo=zoneinfo.ZoneInfo(key='Africa/Johannesburg')), 'deadline': None, 'notes': None, 'company_id': 19, 'role': 'Developer', 'id': 19, 'location': None, 'job_url': None, 'updated_at': datetime.datetime(2026, 6, 19, 21, 50, 46, 600767, tzinfo=zoneinfo.ZoneInfo(key='Africa/Johannesburg')), 'follow_up_date': None, 'user_id': 3, 'company': <app.models.company.Company object at 0x000002824D155BD0>}
2026-06-19 23:50:46,600 | DEBUG | app.api.applications | Route company: <app.models.company.Company object at 0x000002824D155BD0>
2026-06-19 23:50:46,600 | DEBUG | app.api.applications | Route company_name: Company 1
2026-06-19 23:50:46,623 | DEBUG | app.services.application_service | Company Name: Company 2
2026-06-19 23:50:46,632 | DEBUG | app.services.application_service | Company Found: None
2026-06-19 23:50:46,632 | DEBUG | app.services.application_service | company CREATED: ID is 20, name=Company 2
2026-06-19 23:50:46,632 | DEBUG | app.services.application_service | FINAL APPLICATION DATA: {'role': 'Developer', 'status': <ApplicationStatus.APPLIED: 'applied'>, 'location': None, 'job_url': None, 'notes': None, 'company_id': 20, 'user_id': 3}
2026-06-19 23:50:46,632 | DEBUG | app.repos.application_repository | Repository application before add: <app.models.application.Application object at 0x000002824D1BB350>
2026-06-19 23:50:46,632 | DEBUG | app.repos.application_repository | has company_name property: False
2026-06-19 23:50:46,640 | DEBUG | app.repos.application_repository | Repository application after refresh: <app.models.application.Application object at 0x000002824D1BB350>
2026-06-19 23:50:46,640 | DEBUG | app.repos.application_repository | Company relation refresh after refresh: <app.models.company.Company object at 0x000002824D1BA510>
2026-06-19 23:50:46,640 | DEBUG | app.repos.application_repository | company name after refresh: Company 2
2026-06-19 23:50:46,640 | DEBUG | app.services.application_service | Application company ID: 20
2026-06-19 23:50:46,640 | DEBUG | app.services.application_service | Application name attr: Company 2
2026-06-19 23:50:46,640 | DEBUG | app.api.applications | Route result: <app.models.application.Application object at 0x000002824D1BB350>
2026-06-19 23:50:46,640 | DEBUG | app.api.applications | Route result dictionary: {'_sa_instance_state': <sqlalchemy.orm.state.InstanceState object at 0x000002824D18D910>, 'status': <ApplicationStatus.APPLIED: 'applied'>, 'created_at': datetime.datetime(2026, 6, 19, 21, 50, 46, 632383, tzinfo=zoneinfo.ZoneInfo(key='Africa/Johannesburg')), 'deadline': None, 'notes': None, 'company_id': 20, 'role': 'Developer', 'id': 20, 'location': None, 'job_url': None, 'updated_at': datetime.datetime(2026, 6, 19, 21, 50, 46, 632383, tzinfo=zoneinfo.ZoneInfo(key='Africa/Johannesburg')), 'follow_up_date': None, 'user_id': 3, 'company': <app.models.company.Company object at 0x000002824D1BA510>}
2026-06-19 23:50:46,640 | DEBUG | app.api.applications | Route company: <app.models.company.Company object at 0x000002824D1BA510>
2026-06-19 23:50:46,640 | DEBUG | app.api.applications | Route company_name: Company 2
2026-06-19 23:50:46,661 | DEBUG | app.services.application_service | Company Name: Company 3
2026-06-19 23:50:46,664 | DEBUG | app.services.application_service | Company Found: None
2026-06-19 23:50:46,668 | DEBUG | app.services.application_service | company CREATED: ID is 21, name=Company 3
2026-06-19 23:50:46,668 | DEBUG | app.services.application_service | FINAL APPLICATION DATA: {'role': 'Developer', 'status': <ApplicationStatus.APPLIED: 'applied'>, 'location': None, 'job_url': None, 'notes': None, 'company_id': 21, 'user_id': 3}
2026-06-19 23:50:46,668 | DEBUG | app.repos.application_repository | Repository application before add: <app.models.application.Application object at 0x000002824D1EFE90>
2026-06-19 23:50:46,668 | DEBUG | app.repos.application_repository | has company_name property: False
2026-06-19 23:50:46,678 | DEBUG | app.repos.application_repository | Repository application after refresh: <app.models.application.Application object at 0x000002824D1EFE90>
2026-06-19 23:50:46,680 | DEBUG | app.repos.application_repository | Company relation refresh after refresh: <app.models.company.Company object at 0x000002824CC6A7D0>
2026-06-19 23:50:46,680 | DEBUG | app.repos.application_repository | company name after refresh: Company 3
2026-06-19 23:50:46,680 | DEBUG | app.services.application_service | Application company ID: 21
2026-06-19 23:50:46,680 | DEBUG | app.services.application_service | Application name attr: Company 3
2026-06-19 23:50:46,680 | DEBUG | app.api.applications | Route result: <app.models.application.Application object at 0x000002824D1EFE90>
2026-06-19 23:50:46,680 | DEBUG | app.api.applications | Route result dictionary: {'_sa_instance_state': <sqlalchemy.orm.state.InstanceState object at 0x000002824D18DE50>, 'status': <ApplicationStatus.APPLIED: 'applied'>, 'created_at': datetime.datetime(2026, 6, 19, 21, 50, 46, 672521, tzinfo=zoneinfo.ZoneInfo(key='Africa/Johannesburg')), 'deadline': None, 'notes': None, 'company_id': 21, 'role': 'Developer', 'id': 21, 'location': None, 'job_url': None, 'updated_at': datetime.datetime(2026, 6, 19, 21, 50, 46, 672521, tzinfo=zoneinfo.ZoneInfo(key='Africa/Johannesburg')), 'follow_up_date': None, 'user_id': 3, 'company': <app.models.company.Company object at 0x000002824CC6A7D0>}
2026-06-19 23:50:46,682 | DEBUG | app.api.applications | Route company: <app.models.company.Company object at 0x000002824CC6A7D0>
2026-06-19 23:50:46,682 | DEBUG | app.api.applications | Route company_name: Company 3
2026-06-19 23:50:46,695 | DEBUG | app.services.application_service | Company Name: Company 4
2026-06-19 23:50:46,695 | DEBUG | app.services.application_service | Company Found: None
2026-06-19 23:50:46,703 | DEBUG | app.services.application_service | company CREATED: ID is 22, name=Company 4
2026-06-19 23:50:46,703 | DEBUG | app.services.application_service | FINAL APPLICATION DATA: {'role': 'Developer', 'status': <ApplicationStatus.APPLIED: 'applied'>, 'location': None, 'job_url': None, 'notes': None, 'company_id': 22, 'user_id': 3}
2026-06-19 23:50:46,703 | DEBUG | app.repos.application_repository | Repository application before add: <app.models.application.Application object at 0x000002824D1EE910>
2026-06-19 23:50:46,703 | DEBUG | app.repos.application_repository | has company_name property: False
2026-06-19 23:50:46,710 | DEBUG | app.repos.application_repository | Repository application after refresh: <app.models.application.Application object at 0x000002824D1EE910>
2026-06-19 23:50:46,713 | DEBUG | app.repos.application_repository | Company relation refresh after refresh: <app.models.company.Company object at 0x000002824D213710>
2026-06-19 23:50:46,713 | DEBUG | app.repos.application_repository | company name after refresh: Company 4
2026-06-19 23:50:46,713 | DEBUG | app.services.application_service | Application company ID: 22
2026-06-19 23:50:46,713 | DEBUG | app.services.application_service | Application name attr: Company 4
2026-06-19 23:50:46,713 | DEBUG | app.api.applications | Route result: <app.models.application.Application object at 0x000002824D1EE910>
2026-06-19 23:50:46,713 | DEBUG | app.api.applications | Route result dictionary: {'_sa_instance_state': <sqlalchemy.orm.state.InstanceState object at 0x000002824D18EE10>, 'status': <ApplicationStatus.APPLIED: 'applied'>, 'created_at': datetime.datetime(2026, 6, 19, 21, 50, 46, 703903, tzinfo=zoneinfo.ZoneInfo(key='Africa/Johannesburg')), 'deadline': None, 'notes': None, 'company_id': 22, 'role': 'Developer', 'id': 22, 'location': None, 'job_url': None, 'updated_at': datetime.datetime(2026, 6, 19, 21, 50, 46, 703903, tzinfo=zoneinfo.ZoneInfo(key='Africa/Johannesburg')), 'follow_up_date': None, 'user_id': 3, 'company': <app.models.company.Company object at 0x000002824D213710>}
2026-06-19 23:50:46,713 | DEBUG | app.api.applications | Route company: <app.models.company.Company object at 0x000002824D213710>
2026-06-19 23:50:46,713 | DEBUG | app.api.applications | Route company_name: Company 4
2026-06-19 23:50:46,726 | DEBUG | app.services.application_service | Company Name: Company 5
2026-06-19 23:50:46,730 | DEBUG | app.services.application_service | Company Found: None
2026-06-19 23:50:46,736 | DEBUG | app.services.application_service | company CREATED: ID is 23, name=Company 5
2026-06-19 23:50:46,736 | DEBUG | app.services.application_service | FINAL APPLICATION DATA: {'role': 'Developer', 'status': <ApplicationStatus.APPLIED: 'applied'>, 'location': None, 'job_url': None, 'notes': None, 'company_id': 23, 'user_id': 3}
2026-06-19 23:50:46,736 | DEBUG | app.repos.application_repository | Repository application before add: <app.models.application.Application object at 0x000002824D212D50>
2026-06-19 23:50:46,736 | DEBUG | app.repos.application_repository | has company_name property: False
2026-06-19 23:50:46,740 | DEBUG | app.repos.application_repository | Repository application after refresh: <app.models.application.Application object at 0x000002824D212D50>
2026-06-19 23:50:46,743 | DEBUG | app.repos.application_repository | Company relation refresh after refresh: <app.models.company.Company object at 0x000002824D212050>
2026-06-19 23:50:46,743 | DEBUG | app.repos.application_repository | company name after refresh: Company 5
2026-06-19 23:50:46,743 | DEBUG | app.services.application_service | Application company ID: 23
2026-06-19 23:50:46,743 | DEBUG | app.services.application_service | Application name attr: Company 5
2026-06-19 23:50:46,743 | DEBUG | app.api.applications | Route result: <app.models.application.Application object at 0x000002824D212D50>
2026-06-19 23:50:46,743 | DEBUG | app.api.applications | Route result dictionary: {'_sa_instance_state': <sqlalchemy.orm.state.InstanceState object at 0x000002824D18ED50>, 'status': <ApplicationStatus.APPLIED: 'applied'>, 'created_at': datetime.datetime(2026, 6, 19, 21, 50, 46, 738768, tzinfo=zoneinfo.ZoneInfo(key='Africa/Johannesburg')), 'deadline': None, 'notes': None, 'company_id': 23, 'role': 'Developer', 'id': 23, 'location': None, 'job_url': None, 'updated_at': datetime.datetime(2026, 6, 19, 21, 50, 46, 738768, tzinfo=zoneinfo.ZoneInfo(key='Africa/Johannesburg')), 'follow_up_date': None, 'user_id': 3, 'company': <app.models.company.Company object at 0x000002824D212050>}
2026-06-19 23:50:46,743 | DEBUG | app.api.applications | Route company: <app.models.company.Company object at 0x000002824D212050>
2026-06-19 23:50:46,743 | DEBUG | app.api.applications | Route company_name: Company 5
2026-06-19 23:50:46,760 | DEBUG | app.services.application_service | Company Name: Company 6
2026-06-19 23:50:46,762 | DEBUG | app.services.application_service | Company Found: None
2026-06-19 23:50:46,762 | DEBUG | app.services.application_service | company CREATED: ID is 24, name=Company 6
2026-06-19 23:50:46,762 | DEBUG | app.services.application_service | FINAL APPLICATION DATA: {'role': 'Developer', 'status': <ApplicationStatus.APPLIED: 'applied'>, 'location': None, 'job_url': None, 'notes': None, 'company_id': 24, 'user_id': 3}
2026-06-19 23:50:46,762 | DEBUG | app.repos.application_repository | Repository application before add: <app.models.application.Application object at 0x000002824D1571D0>
2026-06-19 23:50:46,762 | DEBUG | app.repos.application_repository | has company_name property: False
2026-06-19 23:50:46,762 | DEBUG | app.repos.application_repository | Repository application after refresh: <app.models.application.Application object at 0x000002824D1571D0>
2026-06-19 23:50:46,775 | DEBUG | app.repos.application_repository | Company relation refresh after refresh: <app.models.company.Company object at 0x000002824D155C90>
2026-06-19 23:50:46,775 | DEBUG | app.repos.application_repository | company name after refresh: Company 6
2026-06-19 23:50:46,775 | DEBUG | app.services.application_service | Application company ID: 24
2026-06-19 23:50:46,775 | DEBUG | app.services.application_service | Application name attr: Company 6
2026-06-19 23:50:46,775 | DEBUG | app.api.applications | Route result: <app.models.application.Application object at 0x000002824D1571D0>
2026-06-19 23:50:46,775 | DEBUG | app.api.applications | Route result dictionary: {'_sa_instance_state': <sqlalchemy.orm.state.InstanceState object at 0x000002824D18EAB0>, 'status': <ApplicationStatus.APPLIED: 'applied'>, 'created_at': datetime.datetime(2026, 6, 19, 21, 50, 46, 762560, tzinfo=zoneinfo.ZoneInfo(key='Africa/Johannesburg')), 'deadline': None, 'notes': None, 'company_id': 24, 'role': 'Developer', 'id': 24, 'location': None, 'job_url': None, 'updated_at': datetime.datetime(2026, 6, 19, 21, 50, 46, 762560, tzinfo=zoneinfo.ZoneInfo(key='Africa/Johannesburg')), 'follow_up_date': None, 'user_id': 3, 'company': <app.models.company.Company object at 0x000002824D155C90>}
2026-06-19 23:50:46,775 | DEBUG | app.api.applications | Route company: <app.models.company.Company object at 0x000002824D155C90>
2026-06-19 23:50:46,777 | DEBUG | app.api.applications | Route company_name: Company 6
2026-06-19 23:50:46,787 | DEBUG | app.services.application_service | Company Name: Company 7
2026-06-19 23:50:46,791 | DEBUG | app.services.application_service | Company Found: None
2026-06-19 23:50:46,791 | DEBUG | app.services.application_service | company CREATED: ID is 25, name=Company 7
2026-06-19 23:50:46,791 | DEBUG | app.services.application_service | FINAL APPLICATION DATA: {'role': 'Developer', 'status': <ApplicationStatus.APPLIED: 'applied'>, 'location': None, 'job_url': None, 'notes': None, 'company_id': 25, 'user_id': 3}
2026-06-19 23:50:46,791 | DEBUG | app.repos.application_repository | Repository application before add: <app.models.application.Application object at 0x000002824D1D2790>
2026-06-19 23:50:46,791 | DEBUG | app.repos.application_repository | has company_name property: False
2026-06-19 23:50:46,791 | DEBUG | app.repos.application_repository | Repository application after refresh: <app.models.application.Application object at 0x000002824D1D2790>
2026-06-19 23:50:46,791 | DEBUG | app.repos.application_repository | Company relation refresh after refresh: <app.models.company.Company object at 0x000002824D1B6F50>
2026-06-19 23:50:46,791 | DEBUG | app.repos.application_repository | company name after refresh: Company 7
2026-06-19 23:50:46,791 | DEBUG | app.services.application_service | Application company ID: 25
2026-06-19 23:50:46,791 | DEBUG | app.services.application_service | Application name attr: Company 7
2026-06-19 23:50:46,791 | DEBUG | app.api.applications | Route result: <app.models.application.Application object at 0x000002824D1D2790>
2026-06-19 23:50:46,791 | DEBUG | app.api.applications | Route result dictionary: {'_sa_instance_state': <sqlalchemy.orm.state.InstanceState object at 0x000002824D18EAB0>, 'status': <ApplicationStatus.APPLIED: 'applied'>, 'created_at': datetime.datetime(2026, 6, 19, 21, 50, 46, 791379, tzinfo=zoneinfo.ZoneInfo(key='Africa/Johannesburg')), 'deadline': None, 'notes': None, 'company_id': 25, 'role': 'Developer', 'id': 25, 'location': None, 'job_url': None, 'updated_at': datetime.datetime(2026, 6, 19, 21, 50, 46, 791379, tzinfo=zoneinfo.ZoneInfo(key='Africa/Johannesburg')), 'follow_up_date': None, 'user_id': 3, 'company': <app.models.company.Company object at 0x000002824D1B6F50>}
2026-06-19 23:50:46,791 | DEBUG | app.api.applications | Route company: <app.models.company.Company object at 0x000002824D1B6F50>
2026-06-19 23:50:46,791 | DEBUG | app.api.applications | Route company_name: Company 7
2026-06-19 23:50:46,818 | DEBUG | app.services.application_service | Company Name: Company 8
2026-06-19 23:50:46,823 | DEBUG | app.services.application_service | Company Found: None
2026-06-19 23:50:46,823 | DEBUG | app.services.application_service | company CREATED: ID is 26, name=Company 8
2026-06-19 23:50:46,823 | DEBUG | app.services.application_service | FINAL APPLICATION DATA: {'role': 'Developer', 'status': <ApplicationStatus.APPLIED: 'applied'>, 'location': None, 'job_url': None, 'notes': None, 'company_id': 26, 'user_id': 3}
2026-06-19 23:50:46,823 | DEBUG | app.repos.application_repository | Repository application before add: <app.models.application.Application object at 0x000002824D210790>
2026-06-19 23:50:46,823 | DEBUG | app.repos.application_repository | has company_name property: False
2026-06-19 23:50:46,830 | DEBUG | app.repos.application_repository | Repository application after refresh: <app.models.application.Application object at 0x000002824D210790>
2026-06-19 23:50:46,837 | DEBUG | app.repos.application_repository | Company relation refresh after refresh: <app.models.company.Company object at 0x000002824D1B4A10>
2026-06-19 23:50:46,838 | DEBUG | app.repos.application_repository | company name after refresh: Company 8
2026-06-19 23:50:46,838 | DEBUG | app.services.application_service | Application company ID: 26
2026-06-19 23:50:46,838 | DEBUG | app.services.application_service | Application name attr: Company 8
2026-06-19 23:50:46,838 | DEBUG | app.api.applications | Route result: <app.models.application.Application object at 0x000002824D210790>
2026-06-19 23:50:46,838 | DEBUG | app.api.applications | Route result dictionary: {'_sa_instance_state': <sqlalchemy.orm.state.InstanceState object at 0x000002824D18EF90>, 'status': <ApplicationStatus.APPLIED: 'applied'>, 'created_at': datetime.datetime(2026, 6, 19, 21, 50, 46, 830792, tzinfo=zoneinfo.ZoneInfo(key='Africa/Johannesburg')), 'deadline': None, 'notes': None, 'company_id': 26, 'role': 'Developer', 'id': 26, 'location': None, 'job_url': None, 'updated_at': datetime.datetime(2026, 6, 19, 21, 50, 46, 830792, tzinfo=zoneinfo.ZoneInfo(key='Africa/Johannesburg')), 'follow_up_date': None, 'user_id': 3, 'company': <app.models.company.Company object at 0x000002824D1B4A10>}
2026-06-19 23:50:46,838 | DEBUG | app.api.applications | Route company: <app.models.company.Company object at 0x000002824D1B4A10>
2026-06-19 23:50:46,838 | DEBUG | app.api.applications | Route company_name: Company 8
2026-06-19 23:50:46,838 | DEBUG | app.services.application_service | Company Name: Company 9
2026-06-19 23:50:46,854 | DEBUG | app.services.application_service | Company Found: None
2026-06-19 23:50:46,854 | DEBUG | app.services.application_service | company CREATED: ID is 27, name=Company 9
2026-06-19 23:50:46,854 | DEBUG | app.services.application_service | FINAL APPLICATION DATA: {'role': 'Developer', 'status': <ApplicationStatus.APPLIED: 'applied'>, 'location': None, 'job_url': None, 'notes': None, 'company_id': 27, 'user_id': 3}
2026-06-19 23:50:46,854 | DEBUG | app.repos.application_repository | Repository application before add: <app.models.application.Application object at 0x000002824CCF5E10>
2026-06-19 23:50:46,854 | DEBUG | app.repos.application_repository | has company_name property: False
2026-06-19 23:50:46,854 | DEBUG | app.repos.application_repository | Repository application after refresh: <app.models.application.Application object at 0x000002824CCF5E10>
2026-06-19 23:50:46,854 | DEBUG | app.repos.application_repository | Company relation refresh after refresh: <app.models.company.Company object at 0x000002824D14C290>
2026-06-19 23:50:46,854 | DEBUG | app.repos.application_repository | company name after refresh: Company 9
2026-06-19 23:50:46,854 | DEBUG | app.services.application_service | Application company ID: 27
2026-06-19 23:50:46,854 | DEBUG | app.services.application_service | Application name attr: Company 9
2026-06-19 23:50:46,854 | DEBUG | app.api.applications | Route result: <app.models.application.Application object at 0x000002824CCF5E10>
2026-06-19 23:50:46,854 | DEBUG | app.api.applications | Route result dictionary: {'_sa_instance_state': <sqlalchemy.orm.state.InstanceState object at 0x000002824D18F290>, 'status': <ApplicationStatus.APPLIED: 'applied'>, 'created_at': datetime.datetime(2026, 6, 19, 21, 50, 46, 854515, tzinfo=zoneinfo.ZoneInfo(key='Africa/Johannesburg')), 'deadline': None, 'notes': None, 'company_id': 27, 'role': 'Developer', 'id': 27, 'location': None, 'job_url': None, 'updated_at': datetime.datetime(2026, 6, 19, 21, 50, 46, 854515, tzinfo=zoneinfo.ZoneInfo(key='Africa/Johannesburg')), 'follow_up_date': None, 'user_id': 3, 'company': <app.models.company.Company object at 0x000002824D14C290>}
2026-06-19 23:50:46,854 | DEBUG | app.api.applications | Route company: <app.models.company.Company object at 0x000002824D14C290>
2026-06-19 23:50:46,854 | DEBUG | app.api.applications | Route company_name: Company 9
2026-06-19 23:50:46,880 | DEBUG | app.services.application_service | Company Name: Company 10
2026-06-19 23:50:46,884 | DEBUG | app.services.application_service | Company Found: None
2026-06-19 23:50:46,886 | DEBUG | app.services.application_service | company CREATED: ID is 28, name=Company 10
2026-06-19 23:50:46,886 | DEBUG | app.services.application_service | FINAL APPLICATION DATA: {'role': 'Developer', 'status': <ApplicationStatus.APPLIED: 'applied'>, 'location': None, 'job_url': None, 'notes': None, 'company_id': 28, 'user_id': 3}
2026-06-19 23:50:46,886 | DEBUG | app.repos.application_repository | Repository application before add: <app.models.application.Application object at 0x000002824D211BD0>
2026-06-19 23:50:46,886 | DEBUG | app.repos.application_repository | has company_name property: False
2026-06-19 23:50:46,886 | DEBUG | app.repos.application_repository | Repository application after refresh: <app.models.application.Application object at 0x000002824D211BD0>
2026-06-19 23:50:46,886 | DEBUG | app.repos.application_repository | Company relation refresh after refresh: <app.models.company.Company object at 0x000002824D1BB410>
2026-06-19 23:50:46,886 | DEBUG | app.repos.application_repository | company name after refresh: Company 10
2026-06-19 23:50:46,886 | DEBUG | app.services.application_service | Application company ID: 28
2026-06-19 23:50:46,886 | DEBUG | app.services.application_service | Application name attr: Company 10
2026-06-19 23:50:46,886 | DEBUG | app.api.applications | Route result: <app.models.application.Application object at 0x000002824D211BD0>
2026-06-19 23:50:46,886 | DEBUG | app.api.applications | Route result dictionary: {'_sa_instance_state': <sqlalchemy.orm.state.InstanceState object at 0x000002824D18F290>, 'status': <ApplicationStatus.APPLIED: 'applied'>, 'created_at': datetime.datetime(2026, 6, 19, 21, 50, 46, 886385, tzinfo=zoneinfo.ZoneInfo(key='Africa/Johannesburg')), 'deadline': None, 'notes': None, 'company_id': 28, 'role': 'Developer', 'id': 28, 'location': None, 'job_url': None, 'updated_at': datetime.datetime(2026, 6, 19, 21, 50, 46, 886385, tzinfo=zoneinfo.ZoneInfo(key='Africa/Johannesburg')), 'follow_up_date': None, 'user_id': 3, 'company': <app.models.company.Company object at 0x000002824D1BB410>}
2026-06-19 23:50:46,886 | DEBUG | app.api.applications | Route company: <app.models.company.Company object at 0x000002824D1BB410>
2026-06-19 23:50:46,886 | DEBUG | app.api.applications | Route company_name: Company 10
2026-06-19 23:50:46,908 | DEBUG | app.services.application_service | Company Name: Company 11
2026-06-19 23:50:46,908 | DEBUG | app.services.application_service | Company Found: None
2026-06-19 23:50:46,918 | DEBUG | app.services.application_service | company CREATED: ID is 29, name=Company 11
2026-06-19 23:50:46,918 | DEBUG | app.services.application_service | FINAL APPLICATION DATA: {'role': 'Developer', 'status': <ApplicationStatus.APPLIED: 'applied'>, 'location': None, 'job_url': None, 'notes': None, 'company_id': 29, 'user_id': 3}
2026-06-19 23:50:46,918 | DEBUG | app.repos.application_repository | Repository application before add: <app.models.application.Application object at 0x000002824D1BB850>
2026-06-19 23:50:46,918 | DEBUG | app.repos.application_repository | has company_name property: False
2026-06-19 23:50:46,926 | DEBUG | app.repos.application_repository | Repository application after refresh: <app.models.application.Application object at 0x000002824D1BB850>
2026-06-19 23:50:46,928 | DEBUG | app.repos.application_repository | Company relation refresh after refresh: <app.models.company.Company object at 0x000002824D1EE910>
2026-06-19 23:50:46,928 | DEBUG | app.repos.application_repository | company name after refresh: Company 11
2026-06-19 23:50:46,928 | DEBUG | app.services.application_service | Application company ID: 29
2026-06-19 23:50:46,928 | DEBUG | app.services.application_service | Application name attr: Company 11
2026-06-19 23:50:46,928 | DEBUG | app.api.applications | Route result: <app.models.application.Application object at 0x000002824D1BB850>
2026-06-19 23:50:46,928 | DEBUG | app.api.applications | Route result dictionary: {'_sa_instance_state': <sqlalchemy.orm.state.InstanceState object at 0x000002824D18F890>, 'status': <ApplicationStatus.APPLIED: 'applied'>, 'created_at': datetime.datetime(2026, 6, 19, 21, 50, 46, 918213, tzinfo=zoneinfo.ZoneInfo(key='Africa/Johannesburg')), 'deadline': None, 'notes': None, 'company_id': 29, 'role': 'Developer', 'id': 29, 'location': None, 'job_url': None, 'updated_at': datetime.datetime(2026, 6, 19, 21, 50, 46, 918213, tzinfo=zoneinfo.ZoneInfo(key='Africa/Johannesburg')), 'follow_up_date': None, 'user_id': 3, 'company': <app.models.company.Company object at 0x000002824D1EE910>}
2026-06-19 23:50:46,928 | DEBUG | app.api.applications | Route company: <app.models.company.Company object at 0x000002824D1EE910>
2026-06-19 23:50:46,928 | DEBUG | app.api.applications | Route company_name: Company 11
2026-06-19 23:50:46,943 | DEBUG | app.services.application_service | Company Name: Company 12
2026-06-19 23:50:46,943 | DEBUG | app.services.application_service | Company Found: None
2026-06-19 23:50:46,951 | DEBUG | app.services.application_service | company CREATED: ID is 30, name=Company 12
2026-06-19 23:50:46,951 | DEBUG | app.services.application_service | FINAL APPLICATION DATA: {'role': 'Developer', 'status': <ApplicationStatus.APPLIED: 'applied'>, 'location': None, 'job_url': None, 'notes': None, 'company_id': 30, 'user_id': 3}
2026-06-19 23:50:46,951 | DEBUG | app.repos.application_repository | Repository application before add: <app.models.application.Application object at 0x000002824D22BF50>
2026-06-19 23:50:46,951 | DEBUG | app.repos.application_repository | has company_name property: False
2026-06-19 23:50:46,955 | DEBUG | app.repos.application_repository | Repository application after refresh: <app.models.application.Application object at 0x000002824D22BF50>
2026-06-19 23:50:46,959 | DEBUG | app.repos.application_repository | Company relation refresh after refresh: <app.models.company.Company object at 0x000002824D1D6B10>
2026-06-19 23:50:46,959 | DEBUG | app.repos.application_repository | company name after refresh: Company 12
2026-06-19 23:50:46,959 | DEBUG | app.services.application_service | Application company ID: 30
2026-06-19 23:50:46,959 | DEBUG | app.services.application_service | Application name attr: Company 12
2026-06-19 23:50:46,959 | DEBUG | app.api.applications | Route result: <app.models.application.Application object at 0x000002824D22BF50>
2026-06-19 23:50:46,959 | DEBUG | app.api.applications | Route result dictionary: {'_sa_instance_state': <sqlalchemy.orm.state.InstanceState object at 0x000002824D18EE70>, 'status': <ApplicationStatus.APPLIED: 'applied'>, 'created_at': datetime.datetime(2026, 6, 19, 21, 50, 46, 951940, tzinfo=zoneinfo.ZoneInfo(key='Africa/Johannesburg')), 'deadline': None, 'notes': None, 'company_id': 30, 'role': 'Developer', 'id': 30, 'location': None, 'job_url': None, 'updated_at': datetime.datetime(2026, 6, 19, 21, 50, 46, 951940, tzinfo=zoneinfo.ZoneInfo(key='Africa/Johannesburg')), 'follow_up_date': None, 'user_id': 3, 'company': <app.models.company.Company object at 0x000002824D1D6B10>}
2026-06-19 23:50:46,959 | DEBUG | app.api.applications | Route company: <app.models.company.Company object at 0x000002824D1D6B10>
2026-06-19 23:50:46,963 | DEBUG | app.api.applications | Route company_name: Company 12
2026-06-19 23:50:46,973 | DEBUG | app.services.application_service | Company Name: Company 13
2026-06-19 23:50:46,973 | DEBUG | app.services.application_service | Company Found: None
2026-06-19 23:50:46,973 | DEBUG | app.services.application_service | company CREATED: ID is 31, name=Company 13
2026-06-19 23:50:46,973 | DEBUG | app.services.application_service | FINAL APPLICATION DATA: {'role': 'Developer', 'status': <ApplicationStatus.APPLIED: 'applied'>, 'location': None, 'job_url': None, 'notes': None, 'company_id': 31, 'user_id': 3}
2026-06-19 23:50:46,983 | DEBUG | app.repos.application_repository | Repository application before add: <app.models.application.Application object at 0x000002824D229850>
2026-06-19 23:50:46,983 | DEBUG | app.repos.application_repository | has company_name property: False
2026-06-19 23:50:46,983 | DEBUG | app.repos.application_repository | Repository application after refresh: <app.models.application.Application object at 0x000002824D229850>
2026-06-19 23:50:46,983 | DEBUG | app.repos.application_repository | Company relation refresh after refresh: <app.models.company.Company object at 0x000002824D1BBA10>
2026-06-19 23:50:46,983 | DEBUG | app.repos.application_repository | company name after refresh: Company 13
2026-06-19 23:50:46,983 | DEBUG | app.services.application_service | Application company ID: 31
2026-06-19 23:50:46,983 | DEBUG | app.services.application_service | Application name attr: Company 13
2026-06-19 23:50:46,983 | DEBUG | app.api.applications | Route result: <app.models.application.Application object at 0x000002824D229850>
2026-06-19 23:50:46,983 | DEBUG | app.api.applications | Route result dictionary: {'_sa_instance_state': <sqlalchemy.orm.state.InstanceState object at 0x000002824D12B590>, 'status': <ApplicationStatus.APPLIED: 'applied'>, 'created_at': datetime.datetime(2026, 6, 19, 21, 50, 46, 983925, tzinfo=zoneinfo.ZoneInfo(key='Africa/Johannesburg')), 'deadline': None, 'notes': None, 'company_id': 31, 'role': 'Developer', 'id': 31, 'location': None, 'job_url': None, 'updated_at': datetime.datetime(2026, 6, 19, 21, 50, 46, 983925, tzinfo=zoneinfo.ZoneInfo(key='Africa/Johannesburg')), 'follow_up_date': None, 'user_id': 3, 'company': <app.models.company.Company object at 0x000002824D1BBA10>}
2026-06-19 23:50:46,983 | DEBUG | app.api.applications | Route company: <app.models.company.Company object at 0x000002824D1BBA10>
2026-06-19 23:50:46,983 | DEBUG | app.api.applications | Route company_name: Company 13
2026-06-19 23:50:46,999 | DEBUG | app.services.application_service | Company Name: Company 14
2026-06-19 23:50:46,999 | DEBUG | app.services.application_service | Company Found: None
2026-06-19 23:50:46,999 | DEBUG | app.services.application_service | company CREATED: ID is 32, name=Company 14
2026-06-19 23:50:46,999 | DEBUG | app.services.application_service | FINAL APPLICATION DATA: {'role': 'Developer', 'status': <ApplicationStatus.APPLIED: 'applied'>, 'location': None, 'job_url': None, 'notes': None, 'company_id': 32, 'user_id': 3}
2026-06-19 23:50:46,999 | DEBUG | app.repos.application_repository | Repository application before add: <app.models.application.Application object at 0x000002824D154190>
2026-06-19 23:50:46,999 | DEBUG | app.repos.application_repository | has company_name property: False
2026-06-19 23:50:47,015 | DEBUG | app.repos.application_repository | Repository application after refresh: <app.models.application.Application object at 0x000002824D154190>
2026-06-19 23:50:47,015 | DEBUG | app.repos.application_repository | Company relation refresh after refresh: <app.models.company.Company object at 0x000002824D210310>
2026-06-19 23:50:47,015 | DEBUG | app.repos.application_repository | company name after refresh: Company 14
2026-06-19 23:50:47,015 | DEBUG | app.services.application_service | Application company ID: 32
2026-06-19 23:50:47,015 | DEBUG | app.services.application_service | Application name attr: Company 14
2026-06-19 23:50:47,015 | DEBUG | app.api.applications | Route result: <app.models.application.Application object at 0x000002824D154190>
2026-06-19 23:50:47,015 | DEBUG | app.api.applications | Route result dictionary: {'_sa_instance_state': <sqlalchemy.orm.state.InstanceState object at 0x000002824D09EE10>, 'status': <ApplicationStatus.APPLIED: 'applied'>, 'created_at': datetime.datetime(2026, 6, 19, 21, 50, 47, 15566, tzinfo=zoneinfo.ZoneInfo(key='Africa/Johannesburg')), 'deadline': None, 'notes': None, 'company_id': 32, 'role': 'Developer', 'id': 32, 'location': None, 'job_url': None, 'updated_at': datetime.datetime(2026, 6, 19, 21, 50, 47, 15566, tzinfo=zoneinfo.ZoneInfo(key='Africa/Johannesburg')), 'follow_up_date': None, 'user_id': 3, 'company': <app.models.company.Company object at 0x000002824D210310>}
2026-06-19 23:50:47,015 | DEBUG | app.api.applications | Route company: <app.models.company.Company object at 0x000002824D210310>
2026-06-19 23:50:47,015 | DEBUG | app.api.applications | Route company_name: Company 14
2026-06-19 23:50:47,756 | DEBUG | app.services.application_service | Company Name: Google
2026-06-19 23:50:47,756 | DEBUG | app.services.application_service | Company Found: None
2026-06-19 23:50:47,756 | DEBUG | app.services.application_service | company CREATED: ID is 33, name=Google
2026-06-19 23:50:47,756 | DEBUG | app.services.application_service | FINAL APPLICATION DATA: {'role': 'Back-End Engineer', 'status': <ApplicationStatus.APPLIED: 'applied'>, 'location': None, 'job_url': None, 'notes': None, 'company_id': 33, 'user_id': 4}
2026-06-19 23:50:47,756 | DEBUG | app.repos.application_repository | Repository application before add: <app.models.application.Application object at 0x000002824D1BA250>
2026-06-19 23:50:47,756 | DEBUG | app.repos.application_repository | has company_name property: False
2026-06-19 23:50:47,765 | DEBUG | app.repos.application_repository | Repository application after refresh: <app.models.application.Application object at 0x000002824D1BA250>
2026-06-19 23:50:47,772 | DEBUG | app.repos.application_repository | Company relation refresh after refresh: <app.models.company.Company object at 0x000002824D1B7750>
2026-06-19 23:50:47,772 | DEBUG | app.repos.application_repository | company name after refresh: Google
2026-06-19 23:50:47,772 | DEBUG | app.services.application_service | Application company ID: 33
2026-06-19 23:50:47,772 | DEBUG | app.services.application_service | Application name attr: Google
2026-06-19 23:50:47,772 | DEBUG | app.api.applications | Route result: <app.models.application.Application object at 0x000002824D1BA250>
2026-06-19 23:50:47,772 | DEBUG | app.api.applications | Route result dictionary: {'_sa_instance_state': <sqlalchemy.orm.state.InstanceState object at 0x000002824D18E870>, 'status': <ApplicationStatus.APPLIED: 'applied'>, 'created_at': datetime.datetime(2026, 6, 19, 21, 50, 47, 765927, tzinfo=zoneinfo.ZoneInfo(key='Africa/Johannesburg')), 'deadline': None, 'notes': None, 'company_id': 33, 'role': 'Back-End Engineer', 'id': 33, 'location': None, 'job_url': None, 'updated_at': datetime.datetime(2026, 6, 19, 21, 50, 47, 765927, tzinfo=zoneinfo.ZoneInfo(key='Africa/Johannesburg')), 'follow_up_date': None, 'user_id': 4, 'company': <app.models.company.Company object at 0x000002824D1B7750>}
2026-06-19 23:50:47,772 | DEBUG | app.api.applications | Route company: <app.models.company.Company object at 0x000002824D1B7750>
2026-06-19 23:50:47,772 | DEBUG | app.api.applications | Route company_name: Google
2026-06-19 23:50:47,788 | DEBUG | app.services.application_service | Company Name: Rock Star Games
2026-06-19 23:50:47,788 | DEBUG | app.services.application_service | Company Found: None
2026-06-19 23:50:47,792 | DEBUG | app.services.application_service | company CREATED: ID is 34, name=Rock Star Games
2026-06-19 23:50:47,792 | DEBUG | app.services.application_service | FINAL APPLICATION DATA: {'role': 'Game Developer', 'status': <ApplicationStatus.APPLIED: 'applied'>, 'location': None, 'job_url': None, 'notes': None, 'company_id': 34, 'user_id': 4}
2026-06-19 23:50:47,792 | DEBUG | app.repos.application_repository | Repository application before add: <app.models.application.Application object at 0x000002824D0B9550>
2026-06-19 23:50:47,792 | DEBUG | app.repos.application_repository | has company_name property: False
2026-06-19 23:50:47,797 | DEBUG | app.repos.application_repository | Repository application after refresh: <app.models.application.Application object at 0x000002824D0B9550>
2026-06-19 23:50:47,797 | DEBUG | app.repos.application_repository | Company relation refresh after refresh: <app.models.company.Company object at 0x000002824CD24F90>
2026-06-19 23:50:47,797 | DEBUG | app.repos.application_repository | company name after refresh: Rock Star Games
2026-06-19 23:50:47,804 | DEBUG | app.services.application_service | Application company ID: 34
2026-06-19 23:50:47,804 | DEBUG | app.services.application_service | Application name attr: Rock Star Games
2026-06-19 23:50:47,804 | DEBUG | app.api.applications | Route result: <app.models.application.Application object at 0x000002824D0B9550>
2026-06-19 23:50:47,804 | DEBUG | app.api.applications | Route result dictionary: {'_sa_instance_state': <sqlalchemy.orm.state.InstanceState object at 0x000002824D18E5D0>, 'status': <ApplicationStatus.APPLIED: 'applied'>, 'created_at': datetime.datetime(2026, 6, 19, 21, 50, 47, 797564, tzinfo=zoneinfo.ZoneInfo(key='Africa/Johannesburg')), 'deadline': None, 'notes': None, 'company_id': 34, 'role': 'Game Developer', 'id': 34, 'location': None, 'job_url': None, 'updated_at': datetime.datetime(2026, 6, 19, 21, 50, 47, 797564, tzinfo=zoneinfo.ZoneInfo(key='Africa/Johannesburg')), 'follow_up_date': None, 'user_id': 4, 'company': <app.models.company.Company object at 0x000002824CD24F90>}
2026-06-19 23:50:47,804 | DEBUG | app.api.applications | Route company: <app.models.company.Company object at 0x000002824CD24F90>
2026-06-19 23:50:47,804 | DEBUG | app.api.applications | Route company_name: Rock Star Games
2026-06-19 23:50:47,804 | DEBUG | app.services.application_service | Company Name: Meta
2026-06-19 23:50:47,820 | DEBUG | app.services.application_service | Company Found: None
2026-06-19 23:50:47,820 | DEBUG | app.services.application_service | company CREATED: ID is 35, name=Meta
2026-06-19 23:50:47,820 | DEBUG | app.services.application_service | FINAL APPLICATION DATA: {'role': 'Marketing Manager', 'status': <ApplicationStatus.WISHLIST: 'wishlist'>, 'location': None, 'job_url': None, 'notes': None, 'company_id': 35, 'user_id': 4}
2026-06-19 23:50:47,820 | DEBUG | app.repos.application_repository | Repository application before add: <app.models.application.Application object at 0x000002824D1B59D0>
2026-06-19 23:50:47,820 | DEBUG | app.repos.application_repository | has company_name property: False
2026-06-19 23:50:47,830 | DEBUG | app.repos.application_repository | Repository application after refresh: <app.models.application.Application object at 0x000002824D1B59D0>
2026-06-19 23:50:47,830 | DEBUG | app.repos.application_repository | Company relation refresh after refresh: <app.models.company.Company object at 0x000002824D22A290>
2026-06-19 23:50:47,830 | DEBUG | app.repos.application_repository | company name after refresh: Meta
2026-06-19 23:50:47,830 | DEBUG | app.services.application_service | Application company ID: 35
2026-06-19 23:50:47,830 | DEBUG | app.services.application_service | Application name attr: Meta
2026-06-19 23:50:47,830 | DEBUG | app.api.applications | Route result: <app.models.application.Application object at 0x000002824D1B59D0>
2026-06-19 23:50:47,830 | DEBUG | app.api.applications | Route result dictionary: {'_sa_instance_state': <sqlalchemy.orm.state.InstanceState object at 0x000002824D18E750>, 'status': <ApplicationStatus.WISHLIST: 'wishlist'>, 'created_at': datetime.datetime(2026, 6, 19, 21, 50, 47, 828264, tzinfo=zoneinfo.ZoneInfo(key='Africa/Johannesburg')), 'deadline': None, 'notes': None, 'company_id': 35, 'role': 'Marketing Manager', 'id': 35, 'location': None, 'job_url': None, 'updated_at': datetime.datetime(2026, 6, 19, 21, 50, 47, 828264, tzinfo=zoneinfo.ZoneInfo(key='Africa/Johannesburg')), 'follow_up_date': None, 'user_id': 4, 'company': <app.models.company.Company object at 0x000002824D22A290>}
2026-06-19 23:50:47,830 | DEBUG | app.api.applications | Route company: <app.models.company.Company object at 0x000002824D22A290>
2026-06-19 23:50:47,830 | DEBUG | app.api.applications | Route company_name: Meta
2026-06-19 23:50:48,593 | DEBUG | app.services.application_service | Company Name: Apple iOS
2026-06-19 23:50:48,593 | DEBUG | app.services.application_service | Company Found: None
2026-06-19 23:50:48,602 | DEBUG | app.services.application_service | company CREATED: ID is 36, name=Apple iOS
2026-06-19 23:50:48,603 | DEBUG | app.services.application_service | FINAL APPLICATION DATA: {'role': 'Developer', 'status': <ApplicationStatus.APPLIED: 'applied'>, 'location': None, 'job_url': None, 'notes': None, 'company_id': 36, 'user_id': 5}
2026-06-19 23:50:48,603 | DEBUG | app.repos.application_repository | Repository application before add: <app.models.application.Application object at 0x000002824D14F9D0>
2026-06-19 23:50:48,603 | DEBUG | app.repos.application_repository | has company_name property: False
2026-06-19 23:50:48,609 | DEBUG | app.repos.application_repository | Repository application after refresh: <app.models.application.Application object at 0x000002824D14F9D0>
2026-06-19 23:50:48,613 | DEBUG | app.repos.application_repository | Company relation refresh after refresh: <app.models.company.Company object at 0x000002824D1D6310>
2026-06-19 23:50:48,613 | DEBUG | app.repos.application_repository | company name after refresh: Apple iOS
2026-06-19 23:50:48,613 | DEBUG | app.services.application_service | Application company ID: 36
2026-06-19 23:50:48,613 | DEBUG | app.services.application_service | Application name attr: Apple iOS
2026-06-19 23:50:48,613 | DEBUG | app.api.applications | Route result: <app.models.application.Application object at 0x000002824D14F9D0>
2026-06-19 23:50:48,613 | DEBUG | app.api.applications | Route result dictionary: {'_sa_instance_state': <sqlalchemy.orm.state.InstanceState object at 0x000002824D18E510>, 'status': <ApplicationStatus.APPLIED: 'applied'>, 'created_at': datetime.datetime(2026, 6, 19, 21, 50, 48, 603102, tzinfo=zoneinfo.ZoneInfo(key='Africa/Johannesburg')), 'deadline': None, 'notes': None, 'company_id': 36, 'role': 'Developer', 'id': 36, 'location': None, 'job_url': None, 'updated_at': datetime.datetime(2026, 6, 19, 21, 50, 48, 603102, tzinfo=zoneinfo.ZoneInfo(key='Africa/Johannesburg')), 'follow_up_date': None, 'user_id': 5, 'company': <app.models.company.Company object at 0x000002824D1D6310>}
2026-06-19 23:50:48,613 | DEBUG | app.api.applications | Route company: <app.models.company.Company object at 0x000002824D1D6310>
2026-06-19 23:50:48,613 | DEBUG | app.api.applications | Route company_name: Apple iOS
2026-06-19 23:50:50,643 | DEBUG | app.services.application_service | Company Name: Google
2026-06-19 23:50:50,659 | DEBUG | app.services.application_service | Company Found: None
2026-06-19 23:50:50,672 | DEBUG | app.services.application_service | company CREATED: ID is 37, name=Google
2026-06-19 23:50:50,672 | DEBUG | app.services.application_service | FINAL APPLICATION DATA: {'role': 'Developer', 'status': <ApplicationStatus.WISHLIST: 'wishlist'>, 'location': None, 'job_url': None, 'notes': None, 'company_id': 37, 'user_id': 5}
2026-06-19 23:50:50,674 | DEBUG | app.repos.application_repository | Repository application before add: <app.models.application.Application object at 0x000002824D137190>
2026-06-19 23:50:50,674 | DEBUG | app.repos.application_repository | has company_name property: False
2026-06-19 23:50:50,694 | DEBUG | app.repos.application_repository | Repository application after refresh: <app.models.application.Application object at 0x000002824D137190>
2026-06-19 23:50:50,694 | DEBUG | app.repos.application_repository | Company relation refresh after refresh: <app.models.company.Company object at 0x000002824D2133D0>
2026-06-19 23:50:50,694 | DEBUG | app.repos.application_repository | company name after refresh: Google
2026-06-19 23:50:50,694 | DEBUG | app.services.application_service | Application company ID: 37
2026-06-19 23:50:50,694 | DEBUG | app.services.application_service | Application name attr: Google
2026-06-19 23:50:50,694 | DEBUG | app.api.applications | Route result: <app.models.application.Application object at 0x000002824D137190>
2026-06-19 23:50:50,694 | DEBUG | app.api.applications | Route result dictionary: {'_sa_instance_state': <sqlalchemy.orm.state.InstanceState object at 0x000002824D18C410>, 'status': <ApplicationStatus.WISHLIST: 'wishlist'>, 'created_at': datetime.datetime(2026, 6, 19, 21, 50, 50, 676620, tzinfo=zoneinfo.ZoneInfo(key='Africa/Johannesburg')), 'deadline': None, 'notes': None, 'company_id': 37, 'role': 'Developer', 'id': 37, 'location': None, 'job_url': None, 'updated_at': datetime.datetime(2026, 6, 19, 21, 50, 50, 676620, tzinfo=zoneinfo.ZoneInfo(key='Africa/Johannesburg')), 'follow_up_date': None, 'user_id': 5, 'company': <app.models.company.Company object at 0x000002824D2133D0>}
2026-06-19 23:50:50,694 | DEBUG | app.api.applications | Route company: <app.models.company.Company object at 0x000002824D2133D0>
2026-06-19 23:50:50,694 | DEBUG | app.api.applications | Route company_name: Google
2026-06-19 23:50:51,520 | DEBUG | app.services.application_service | Company Name: Google
2026-06-19 23:50:51,520 | DEBUG | app.services.application_service | Company Found: None
2026-06-19 23:50:51,534 | DEBUG | app.services.application_service | company CREATED: ID is 38, name=Google
2026-06-19 23:50:51,534 | DEBUG | app.services.application_service | FINAL APPLICATION DATA: {'role': 'Software Developer', 'status': <ApplicationStatus.APPLIED: 'applied'>, 'location': 'Remote', 'job_url': 'https://example.com/job', 'notes': 'Dream job', 'company_id': 38, 'user_id': 6}
2026-06-19 23:50:51,534 | DEBUG | app.repos.application_repository | Repository application before add: <app.models.application.Application object at 0x000002824D228DD0>
2026-06-19 23:50:51,534 | DEBUG | app.repos.application_repository | has company_name property: False
2026-06-19 23:50:51,536 | DEBUG | app.repos.application_repository | Repository application after refresh: <app.models.application.Application object at 0x000002824D228DD0>
2026-06-19 23:50:51,543 | DEBUG | app.repos.application_repository | Company relation refresh after refresh: <app.models.company.Company object at 0x000002824D210F90>
2026-06-19 23:50:51,543 | DEBUG | app.repos.application_repository | company name after refresh: Google
2026-06-19 23:50:51,543 | DEBUG | app.services.application_service | Application company ID: 38
2026-06-19 23:50:51,543 | DEBUG | app.services.application_service | Application name attr: Google
2026-06-19 23:50:51,543 | DEBUG | app.api.applications | Route result: <app.models.application.Application object at 0x000002824D228DD0>
2026-06-19 23:50:51,543 | DEBUG | app.api.applications | Route result dictionary: {'_sa_instance_state': <sqlalchemy.orm.state.InstanceState object at 0x000002824D18F230>, 'status': <ApplicationStatus.APPLIED: 'applied'>, 'created_at': datetime.datetime(2026, 6, 19, 21, 50, 51, 536868, tzinfo=zoneinfo.ZoneInfo(key='Africa/Johannesburg')), 'deadline': None, 'notes': 'Dream job', 'company_id': 38, 'role': 'Software Developer', 'id': 38, 'location': 'Remote', 'job_url': 'https://example.com/job', 'updated_at': datetime.datetime(2026, 6, 19, 21, 50, 51, 536868, tzinfo=zoneinfo.ZoneInfo(key='Africa/Johannesburg')), 'follow_up_date': None, 'user_id': 6, 'company': <app.models.company.Company object at 0x000002824D210F90>}
2026-06-19 23:50:51,543 | DEBUG | app.api.applications | Route company: <app.models.company.Company object at 0x000002824D210F90>
2026-06-19 23:50:51,543 | DEBUG | app.api.applications | Route company_name: Google
2026-06-19 23:50:52,237 | DEBUG | app.services.application_service | Company Name: Microsoft
2026-06-19 23:50:52,237 | DEBUG | app.services.application_service | Company Found: None
2026-06-19 23:50:52,250 | DEBUG | app.services.application_service | company CREATED: ID is 39, name=Microsoft
2026-06-19 23:50:52,250 | DEBUG | app.services.application_service | FINAL APPLICATION DATA: {'role': 'Data Scientist', 'status': <ApplicationStatus.OFFER: 'offer'>, 'location': None, 'job_url': None, 'notes': None, 'company_id': 39, 'user_id': 7}
2026-06-19 23:50:52,250 | DEBUG | app.repos.application_repository | Repository application before add: <app.models.application.Application object at 0x000002824D22B190>
2026-06-19 23:50:52,250 | DEBUG | app.repos.application_repository | has company_name property: False
2026-06-19 23:50:52,256 | DEBUG | app.repos.application_repository | Repository application after refresh: <app.models.application.Application object at 0x000002824D22B190>
2026-06-19 23:50:52,256 | DEBUG | app.repos.application_repository | Company relation refresh after refresh: <app.models.company.Company object at 0x000002824D1EE0D0>
2026-06-19 23:50:52,256 | DEBUG | app.repos.application_repository | company name after refresh: Microsoft
2026-06-19 23:50:52,256 | DEBUG | app.services.application_service | Application company ID: 39
2026-06-19 23:50:52,256 | DEBUG | app.services.application_service | Application name attr: Microsoft
2026-06-19 23:50:52,256 | DEBUG | app.api.applications | Route result: <app.models.application.Application object at 0x000002824D22B190>
2026-06-19 23:50:52,264 | DEBUG | app.api.applications | Route result dictionary: {'_sa_instance_state': <sqlalchemy.orm.state.InstanceState object at 0x000002824D18F7D0>, 'status': <ApplicationStatus.OFFER: 'offer'>, 'created_at': datetime.datetime(2026, 6, 19, 21, 50, 52, 256763, tzinfo=zoneinfo.ZoneInfo(key='Africa/Johannesburg')), 'deadline': None, 'notes': None, 'company_id': 39, 'role': 'Data Scientist', 'id': 39, 'location': None, 'job_url': None, 'updated_at': datetime.datetime(2026, 6, 19, 21, 50, 52, 256763, tzinfo=zoneinfo.ZoneInfo(key='Africa/Johannesburg')), 'follow_up_date': None, 'user_id': 7, 'company': <app.models.company.Company object at 0x000002824D1EE0D0>}
2026-06-19 23:50:52,264 | DEBUG | app.api.applications | Route company: <app.models.company.Company object at 0x000002824D1EE0D0>
2026-06-19 23:50:52,264 | DEBUG | app.api.applications | Route company_name: Microsoft
2026-06-19 23:50:52,989 | DEBUG | app.services.application_service | Company Name: Amazon AWS
2026-06-19 23:50:52,989 | DEBUG | app.services.application_service | Company Found: None
2026-06-19 23:50:52,989 | DEBUG | app.services.application_service | company CREATED: ID is 40, name=Amazon AWS
2026-06-19 23:50:52,989 | DEBUG | app.services.application_service | FINAL APPLICATION DATA: {'role': 'Cloud Engineer', 'status': <ApplicationStatus.APPLIED: 'applied'>, 'location': None, 'job_url': None, 'notes': None, 'company_id': 40, 'user_id': 8}
2026-06-19 23:50:52,989 | DEBUG | app.repos.application_repository | Repository application before add: <app.models.application.Application object at 0x000002824D229A10>
2026-06-19 23:50:52,989 | DEBUG | app.repos.application_repository | has company_name property: False
2026-06-19 23:50:53,000 | DEBUG | app.repos.application_repository | Repository application after refresh: <app.models.application.Application object at 0x000002824D229A10>
2026-06-19 23:50:53,005 | DEBUG | app.repos.application_repository | Company relation refresh after refresh: <app.models.company.Company object at 0x000002824D212510>
2026-06-19 23:50:53,005 | DEBUG | app.repos.application_repository | company name after refresh: Amazon AWS
2026-06-19 23:50:53,005 | DEBUG | app.services.application_service | Application company ID: 40
2026-06-19 23:50:53,005 | DEBUG | app.services.application_service | Application name attr: Amazon AWS
2026-06-19 23:50:53,005 | DEBUG | app.api.applications | Route result: <app.models.application.Application object at 0x000002824D229A10>
2026-06-19 23:50:53,005 | DEBUG | app.api.applications | Route result dictionary: {'_sa_instance_state': <sqlalchemy.orm.state.InstanceState object at 0x000002824D18E510>, 'status': <ApplicationStatus.APPLIED: 'applied'>, 'created_at': datetime.datetime(2026, 6, 19, 21, 50, 52, 997458, tzinfo=zoneinfo.ZoneInfo(key='Africa/Johannesburg')), 'deadline': None, 'notes': None, 'company_id': 40, 'role': 'Cloud Engineer', 'id': 40, 'location': None, 'job_url': None, 'updated_at': datetime.datetime(2026, 6, 19, 21, 50, 52, 997458, tzinfo=zoneinfo.ZoneInfo(key='Africa/Johannesburg')), 'follow_up_date': None, 'user_id': 8, 'company': <app.models.company.Company object at 0x000002824D212510>}
2026-06-19 23:50:53,005 | DEBUG | app.api.applications | Route company: <app.models.company.Company object at 0x000002824D212510>
2026-06-19 23:50:53,005 | DEBUG | app.api.applications | Route company_name: Amazon AWS
2026-06-19 23:50:53,760 | DEBUG | app.services.application_service | Company Name: Oracle
2026-06-19 23:50:53,760 | DEBUG | app.services.application_service | Company Found: None
2026-06-19 23:50:53,768 | DEBUG | app.services.application_service | company CREATED: ID is 41, name=Oracle
2026-06-19 23:50:53,768 | DEBUG | app.services.application_service | FINAL APPLICATION DATA: {'role': 'Database Manager', 'status': <ApplicationStatus.WISHLIST: 'wishlist'>, 'location': None, 'job_url': None, 'notes': None, 'company_id': 41, 'user_id': 9}
2026-06-19 23:50:53,768 | DEBUG | app.repos.application_repository | Repository application before add: <app.models.application.Application object at 0x000002824D1B9290>
2026-06-19 23:50:53,768 | DEBUG | app.repos.application_repository | has company_name property: False
2026-06-19 23:50:53,776 | DEBUG | app.repos.application_repository | Repository application after refresh: <app.models.application.Application object at 0x000002824D1B9290>
2026-06-19 23:50:53,776 | DEBUG | app.repos.application_repository | Company relation refresh after refresh: <app.models.company.Company object at 0x000002824D1D6790>
2026-06-19 23:50:53,776 | DEBUG | app.repos.application_repository | company name after refresh: Oracle
2026-06-19 23:50:53,776 | DEBUG | app.services.application_service | Application company ID: 41
2026-06-19 23:50:53,776 | DEBUG | app.services.application_service | Application name attr: Oracle
2026-06-19 23:50:53,776 | DEBUG | app.api.applications | Route result: <app.models.application.Application object at 0x000002824D1B9290>
2026-06-19 23:50:53,776 | DEBUG | app.api.applications | Route result dictionary: {'_sa_instance_state': <sqlalchemy.orm.state.InstanceState object at 0x000002824D22C770>, 'status': <ApplicationStatus.WISHLIST: 'wishlist'>, 'created_at': datetime.datetime(2026, 6, 19, 21, 50, 53, 774620, tzinfo=zoneinfo.ZoneInfo(key='Africa/Johannesburg')), 'deadline': None, 'notes': None, 'company_id': 41, 'role': 'Database Manager', 'id': 41, 'location': None, 'job_url': None, 'updated_at': datetime.datetime(2026, 6, 19, 21, 50, 53, 774620, tzinfo=zoneinfo.ZoneInfo(key='Africa/Johannesburg')), 'follow_up_date': None, 'user_id': 9, 'company': <app.models.company.Company object at 0x000002824D1D6790>}
2026-06-19 23:50:53,776 | DEBUG | app.api.applications | Route company: <app.models.company.Company object at 0x000002824D1D6790>
2026-06-19 23:50:53,776 | DEBUG | app.api.applications | Route company_name: Oracle
2026-06-19 23:50:54,547 | DEBUG | app.services.application_service | Company Name: Codecademy
2026-06-19 23:50:54,547 | DEBUG | app.services.application_service | Company Found: None
2026-06-19 23:50:54,547 | DEBUG | app.services.application_service | company CREATED: ID is 42, name=Codecademy
2026-06-19 23:50:54,547 | DEBUG | app.services.application_service | FINAL APPLICATION DATA: {'role': 'Full-Stack Engineer', 'status': <ApplicationStatus.APPLIED: 'applied'>, 'location': None, 'job_url': None, 'notes': None, 'company_id': 42, 'user_id': 10}
2026-06-19 23:50:54,547 | DEBUG | app.repos.application_repository | Repository application before add: <app.models.application.Application object at 0x000002824D14FA90>
2026-06-19 23:50:54,547 | DEBUG | app.repos.application_repository | has company_name property: False
2026-06-19 23:50:54,563 | DEBUG | app.repos.application_repository | Repository application after refresh: <app.models.application.Application object at 0x000002824D14FA90>
2026-06-19 23:50:54,563 | DEBUG | app.repos.application_repository | Company relation refresh after refresh: <app.models.company.Company object at 0x000002824D155A90>
2026-06-19 23:50:54,563 | DEBUG | app.repos.application_repository | company name after refresh: Codecademy
2026-06-19 23:50:54,563 | DEBUG | app.services.application_service | Application company ID: 42
2026-06-19 23:50:54,563 | DEBUG | app.services.application_service | Application name attr: Codecademy
2026-06-19 23:50:54,563 | DEBUG | app.api.applications | Route result: <app.models.application.Application object at 0x000002824D14FA90>
2026-06-19 23:50:54,563 | DEBUG | app.api.applications | Route result dictionary: {'_sa_instance_state': <sqlalchemy.orm.state.InstanceState object at 0x000002824D22C230>, 'status': <ApplicationStatus.APPLIED: 'applied'>, 'created_at': datetime.datetime(2026, 6, 19, 21, 50, 54, 547753, tzinfo=zoneinfo.ZoneInfo(key='Africa/Johannesburg')), 'deadline': None, 'notes': None, 'company_id': 42, 'role': 'Full-Stack Engineer', 'id': 42, 'location': None, 'job_url': None, 'updated_at': datetime.datetime(2026, 6, 19, 21, 50, 54, 547753, tzinfo=zoneinfo.ZoneInfo(key='Africa/Johannesburg')), 'follow_up_date': None, 'user_id': 10, 'company': <app.models.company.Company object at 0x000002824D155A90>}
2026-06-19 23:50:54,563 | DEBUG | app.api.applications | Route company: <app.models.company.Company object at 0x000002824D155A90>
2026-06-19 23:50:54,563 | DEBUG | app.api.applications | Route company_name: Codecademy
2026-06-19 23:50:58,903 | DEBUG | app.services.application_service | Company Name: Test Company
2026-06-19 23:50:58,903 | DEBUG | app.services.application_service | Company Found: None
2026-06-19 23:50:58,903 | DEBUG | app.services.application_service | company CREATED: ID is 43, name=Test Company
2026-06-19 23:50:58,903 | DEBUG | app.services.application_service | FINAL APPLICATION DATA: {'role': 'Developer', 'status': <ApplicationStatus.WISHLIST: 'wishlist'>, 'location': None, 'job_url': None, 'notes': None, 'company_id': 43, 'user_id': 16}
2026-06-19 23:50:58,903 | DEBUG | app.repos.application_repository | Repository application before add: <app.models.application.Application object at 0x000002824D14FA90>
2026-06-19 23:50:58,903 | DEBUG | app.repos.application_repository | has company_name property: False
2026-06-19 23:50:58,903 | DEBUG | app.repos.application_repository | Repository application after refresh: <app.models.application.Application object at 0x000002824D14FA90>
2026-06-19 23:50:58,919 | DEBUG | app.repos.application_repository | Company relation refresh after refresh: <app.models.company.Company object at 0x000002824CD3A790>
2026-06-19 23:50:58,919 | DEBUG | app.repos.application_repository | company name after refresh: Test Company
2026-06-19 23:50:58,919 | DEBUG | app.services.application_service | Application company ID: 43
2026-06-19 23:50:58,919 | DEBUG | app.services.application_service | Application name attr: Test Company
2026-06-19 23:50:58,919 | DEBUG | app.api.applications | Route result: <app.models.application.Application object at 0x000002824D14FA90>
2026-06-19 23:50:58,919 | DEBUG | app.api.applications | Route result dictionary: {'_sa_instance_state': <sqlalchemy.orm.state.InstanceState object at 0x000002824D22D970>, 'status': <ApplicationStatus.WISHLIST: 'wishlist'>, 'created_at': datetime.datetime(2026, 6, 19, 21, 50, 58, 903541, tzinfo=zoneinfo.ZoneInfo(key='Africa/Johannesburg')), 'deadline': None, 'notes': None, 'company_id': 43, 'role': 'Developer', 'id': 43, 'location': None, 'job_url': None, 'updated_at': datetime.datetime(2026, 6, 19, 21, 50, 58, 903541, tzinfo=zoneinfo.ZoneInfo(key='Africa/Johannesburg')), 'follow_up_date': None, 'user_id': 16, 'company': <app.models.company.Company object at 0x000002824CD3A790>}
2026-06-19 23:50:58,919 | DEBUG | app.api.applications | Route company: <app.models.company.Company object at 0x000002824CD3A790>
2026-06-19 23:50:58,919 | DEBUG | app.api.applications | Route company_name: Test Company
2026-06-19 23:50:58,935 | DEBUG | app.services.application_service | Company Name: Test Company
2026-06-19 23:50:58,935 | DEBUG | app.services.application_service | Company Found: <app.models.company.Company object at 0x000002824D2E7150>
2026-06-19 23:50:58,935 | DEBUG | app.services.application_service | FINAL APPLICATION DATA: {'role': 'Developer', 'status': <ApplicationStatus.APPLIED: 'applied'>, 'location': None, 'job_url': None, 'notes': None, 'company_id': 43, 'user_id': 16}
2026-06-19 23:50:58,935 | DEBUG | app.repos.application_repository | Repository application before add: <app.models.application.Application object at 0x000002824D248510>
2026-06-19 23:50:58,935 | DEBUG | app.repos.application_repository | has company_name property: False
2026-06-19 23:50:58,939 | DEBUG | app.repos.application_repository | Repository application after refresh: <app.models.application.Application object at 0x000002824D248510>
2026-06-19 23:50:58,944 | DEBUG | app.repos.application_repository | Company relation refresh after refresh: <app.models.company.Company object at 0x000002824D2E7150>
2026-06-19 23:50:58,944 | DEBUG | app.repos.application_repository | company name after refresh: Test Company
2026-06-19 23:50:58,944 | DEBUG | app.services.application_service | Application company ID: 43
2026-06-19 23:50:58,944 | DEBUG | app.services.application_service | Application name attr: Test Company
2026-06-19 23:50:58,944 | DEBUG | app.api.applications | Route result: <app.models.application.Application object at 0x000002824D248510>
2026-06-19 23:50:58,944 | DEBUG | app.api.applications | Route result dictionary: {'_sa_instance_state': <sqlalchemy.orm.state.InstanceState object at 0x000002824D22D7F0>, 'status': <ApplicationStatus.APPLIED: 'applied'>, 'created_at': datetime.datetime(2026, 6, 19, 21, 50, 58, 939159, tzinfo=zoneinfo.ZoneInfo(key='Africa/Johannesburg')), 'deadline': None, 'notes': None, 'company_id': 43, 'role': 'Developer', 'id': 44, 'location': None, 'job_url': None, 'updated_at': datetime.datetime(2026, 6, 19, 21, 50, 58, 939159, tzinfo=zoneinfo.ZoneInfo(key='Africa/Johannesburg')), 'follow_up_date': None, 'user_id': 16, 'company': <app.models.company.Company object at 0x000002824D2E7150>}
2026-06-19 23:50:58,944 | DEBUG | app.api.applications | Route company: <app.models.company.Company object at 0x000002824D2E7150>
2026-06-19 23:50:58,947 | DEBUG | app.api.applications | Route company_name: Test Company
2026-06-19 23:50:58,958 | DEBUG | app.services.application_service | Company Name: Test Company
2026-06-19 23:50:58,958 | DEBUG | app.services.application_service | Company Found: <app.models.company.Company object at 0x000002824D2F0390>
2026-06-19 23:50:58,958 | DEBUG | app.services.application_service | FINAL APPLICATION DATA: {'role': 'Developer', 'status': <ApplicationStatus.INTERVIEW: 'interview'>, 'location': None, 'job_url': None, 'notes': None, 'company_id': 43, 'user_id': 16}
2026-06-19 23:50:58,958 | DEBUG | app.repos.application_repository | Repository application before add: <app.models.application.Application object at 0x000002824D24B810>
2026-06-19 23:50:58,958 | DEBUG | app.repos.application_repository | has company_name property: False
2026-06-19 23:50:58,967 | DEBUG | app.repos.application_repository | Repository application after refresh: <app.models.application.Application object at 0x000002824D24B810>
2026-06-19 23:50:58,967 | DEBUG | app.repos.application_repository | Company relation refresh after refresh: <app.models.company.Company object at 0x000002824D2F0390>
2026-06-19 23:50:58,967 | DEBUG | app.repos.application_repository | company name after refresh: Test Company
2026-06-19 23:50:58,967 | DEBUG | app.services.application_service | Application company ID: 43
2026-06-19 23:50:58,967 | DEBUG | app.services.application_service | Application name attr: Test Company
2026-06-19 23:50:58,967 | DEBUG | app.api.applications | Route result: <app.models.application.Application object at 0x000002824D24B810>
2026-06-19 23:50:58,967 | DEBUG | app.api.applications | Route result dictionary: {'_sa_instance_state': <sqlalchemy.orm.state.InstanceState object at 0x000002824D22D7F0>, 'status': <ApplicationStatus.INTERVIEW: 'interview'>, 'created_at': datetime.datetime(2026, 6, 19, 21, 50, 58, 967017, tzinfo=zoneinfo.ZoneInfo(key='Africa/Johannesburg')), 'deadline': None, 'notes': None, 'company_id': 43, 'role': 'Developer', 'id': 45, 'location': None, 'job_url': None, 'updated_at': datetime.datetime(2026, 6, 19, 21, 50, 58, 967017, tzinfo=zoneinfo.ZoneInfo(key='Africa/Johannesburg')), 'follow_up_date': None, 'user_id': 16, 'company': <app.models.company.Company object at 0x000002824D2F0390>}
2026-06-19 23:50:58,967 | DEBUG | app.api.applications | Route company: <app.models.company.Company object at 0x000002824D2F0390>
2026-06-19 23:50:58,974 | DEBUG | app.api.applications | Route company_name: Test Company
2026-06-19 23:50:58,982 | DEBUG | app.services.application_service | Company Name: Test Company
2026-06-19 23:50:58,982 | DEBUG | app.services.application_service | Company Found: <app.models.company.Company object at 0x000002824D2F1710>
2026-06-19 23:50:58,982 | DEBUG | app.services.application_service | FINAL APPLICATION DATA: {'role': 'Developer', 'status': <ApplicationStatus.APPLIED: 'applied'>, 'location': None, 'job_url': None, 'notes': None, 'company_id': 43, 'user_id': 16}
2026-06-19 23:50:58,982 | DEBUG | app.repos.application_repository | Repository application before add: <app.models.application.Application object at 0x000002824D24B710>
2026-06-19 23:50:58,982 | DEBUG | app.repos.application_repository | has company_name property: False
2026-06-19 23:50:58,998 | DEBUG | app.repos.application_repository | Repository application after refresh: <app.models.application.Application object at 0x000002824D24B710>
2026-06-19 23:50:58,998 | DEBUG | app.repos.application_repository | Company relation refresh after refresh: <app.models.company.Company object at 0x000002824D2F1710>
2026-06-19 23:50:58,998 | DEBUG | app.repos.application_repository | company name after refresh: Test Company
2026-06-19 23:50:58,998 | DEBUG | app.services.application_service | Application company ID: 43
2026-06-19 23:50:58,998 | DEBUG | app.services.application_service | Application name attr: Test Company
2026-06-19 23:50:58,998 | DEBUG | app.api.applications | Route result: <app.models.application.Application object at 0x000002824D24B710>
2026-06-19 23:50:58,998 | DEBUG | app.api.applications | Route result dictionary: {'_sa_instance_state': <sqlalchemy.orm.state.InstanceState object at 0x000002824D22DAF0>, 'status': <ApplicationStatus.APPLIED: 'applied'>, 'created_at': datetime.datetime(2026, 6, 19, 21, 50, 58, 982724, tzinfo=zoneinfo.ZoneInfo(key='Africa/Johannesburg')), 'deadline': None, 'notes': None, 'company_id': 43, 'role': 'Developer', 'id': 46, 'location': None, 'job_url': None, 'updated_at': datetime.datetime(2026, 6, 19, 21, 50, 58, 982724, tzinfo=zoneinfo.ZoneInfo(key='Africa/Johannesburg')), 'follow_up_date': None, 'user_id': 16, 'company': <app.models.company.Company object at 0x000002824D2F1710>}
2026-06-19 23:50:58,998 | DEBUG | app.api.applications | Route company: <app.models.company.Company object at 0x000002824D2F1710>
2026-06-19 23:50:58,998 | DEBUG | app.api.applications | Route company_name: Test Company
2026-06-19 23:50:59,018 | DEBUG | app.services.application_service | Company Name: Test Company
2026-06-19 23:50:59,020 | DEBUG | app.services.application_service | Company Found: <app.models.company.Company object at 0x000002824D2F29D0>
2026-06-19 23:50:59,020 | DEBUG | app.services.application_service | FINAL APPLICATION DATA: {'role': 'Developer', 'status': <ApplicationStatus.OFFER: 'offer'>, 'location': None, 'job_url': None, 'notes': None, 'company_id': 43, 'user_id': 16}
2026-06-19 23:50:59,020 | DEBUG | app.repos.application_repository | Repository application before add: <app.models.application.Application object at 0x000002824D24ADD0>
2026-06-19 23:50:59,020 | DEBUG | app.repos.application_repository | has company_name property: False
2026-06-19 23:50:59,028 | DEBUG | app.repos.application_repository | Repository application after refresh: <app.models.application.Application object at 0x000002824D24ADD0>
2026-06-19 23:50:59,031 | DEBUG | app.repos.application_repository | Company relation refresh after refresh: <app.models.company.Company object at 0x000002824D2F29D0>
2026-06-19 23:50:59,031 | DEBUG | app.repos.application_repository | company name after refresh: Test Company
2026-06-19 23:50:59,031 | DEBUG | app.services.application_service | Application company ID: 43
2026-06-19 23:50:59,031 | DEBUG | app.services.application_service | Application name attr: Test Company
2026-06-19 23:50:59,031 | DEBUG | app.api.applications | Route result: <app.models.application.Application object at 0x000002824D24ADD0>
2026-06-19 23:50:59,033 | DEBUG | app.api.applications | Route result dictionary: {'_sa_instance_state': <sqlalchemy.orm.state.InstanceState object at 0x000002824D22DA90>, 'status': <ApplicationStatus.OFFER: 'offer'>, 'created_at': datetime.datetime(2026, 6, 19, 21, 50, 59, 22228, tzinfo=zoneinfo.ZoneInfo(key='Africa/Johannesburg')), 'deadline': None, 'notes': None, 'company_id': 43, 'role': 'Developer', 'id': 47, 'location': None, 'job_url': None, 'updated_at': datetime.datetime(2026, 6, 19, 21, 50, 59, 22228, tzinfo=zoneinfo.ZoneInfo(key='Africa/Johannesburg')), 'follow_up_date': None, 'user_id': 16, 'company': <app.models.company.Company object at 0x000002824D2F29D0>}
2026-06-19 23:50:59,033 | DEBUG | app.api.applications | Route company: <app.models.company.Company object at 0x000002824D2F29D0>
2026-06-19 23:50:59,033 | DEBUG | app.api.applications | Route company_name: Test Company
2026-06-19 23:50:59,045 | DEBUG | app.services.application_service | Company Name: Test Company
2026-06-19 23:50:59,045 | DEBUG | app.services.application_service | Company Found: <app.models.company.Company object at 0x000002824D2F1650>
2026-06-19 23:50:59,045 | DEBUG | app.services.application_service | FINAL APPLICATION DATA: {'role': 'Developer', 'status': <ApplicationStatus.REJECTED: 'rejected'>, 'location': None, 'job_url': None, 'notes': None, 'company_id': 43, 'user_id': 16}
2026-06-19 23:50:59,045 | DEBUG | app.repos.application_repository | Repository application before add: <app.models.application.Application object at 0x000002824D1BBB10>
2026-06-19 23:50:59,045 | DEBUG | app.repos.application_repository | has company_name property: False
2026-06-19 23:50:59,045 | DEBUG | app.repos.application_repository | Repository application after refresh: <app.models.application.Application object at 0x000002824D1BBB10>
2026-06-19 23:50:59,045 | DEBUG | app.repos.application_repository | Company relation refresh after refresh: <app.models.company.Company object at 0x000002824D2F1650>
2026-06-19 23:50:59,045 | DEBUG | app.repos.application_repository | company name after refresh: Test Company
2026-06-19 23:50:59,045 | DEBUG | app.services.application_service | Application company ID: 43
2026-06-19 23:50:59,045 | DEBUG | app.services.application_service | Application name attr: Test Company
2026-06-19 23:50:59,045 | DEBUG | app.api.applications | Route result: <app.models.application.Application object at 0x000002824D1BBB10>
2026-06-19 23:50:59,045 | DEBUG | app.api.applications | Route result dictionary: {'_sa_instance_state': <sqlalchemy.orm.state.InstanceState object at 0x000002824D22DE50>, 'status': <ApplicationStatus.REJECTED: 'rejected'>, 'created_at': datetime.datetime(2026, 6, 19, 21, 50, 59, 45955, tzinfo=zoneinfo.ZoneInfo(key='Africa/Johannesburg')), 'deadline': None, 'notes': None, 'company_id': 43, 'role': 'Developer', 'id': 48, 'location': None, 'job_url': None, 'updated_at': datetime.datetime(2026, 6, 19, 21, 50, 59, 45955, tzinfo=zoneinfo.ZoneInfo(key='Africa/Johannesburg')), 'follow_up_date': None, 'user_id': 16, 'company': <app.models.company.Company object at 0x000002824D2F1650>}
2026-06-19 23:50:59,045 | DEBUG | app.api.applications | Route company: <app.models.company.Company object at 0x000002824D2F1650>
2026-06-19 23:50:59,045 | DEBUG | app.api.applications | Route company_name: Test Company
2026-06-19 23:59:53,782 | DEBUG | app.services.application_service | Company Name: Microsoft
2026-06-19 23:59:53,784 | DEBUG | app.services.application_service | Company Found: None
2026-06-19 23:59:53,794 | DEBUG | app.services.application_service | company CREATED: ID is 1, name=Microsoft
2026-06-19 23:59:53,794 | DEBUG | app.services.application_service | FINAL APPLICATION DATA: {'role': 'Software Engineer', 'status': <ApplicationStatus.REJECTED: 'rejected'>, 'location': None, 'job_url': None, 'notes': None, 'company_id': 1, 'user_id': 1}
2026-06-19 23:59:53,794 | DEBUG | app.repos.application_repository | Repository application before add: <app.models.application.Application object at 0x00000157864B5450>
2026-06-19 23:59:53,794 | DEBUG | app.repos.application_repository | has company_name property: False
2026-06-19 23:59:53,799 | DEBUG | app.repos.application_repository | Repository application after refresh: <app.models.application.Application object at 0x00000157864B5450>
2026-06-19 23:59:53,811 | DEBUG | app.repos.application_repository | Company relation refresh after refresh: <app.models.company.Company object at 0x00000157864B2B10>
2026-06-19 23:59:53,811 | DEBUG | app.repos.application_repository | company name after refresh: Microsoft
2026-06-19 23:59:53,811 | DEBUG | app.services.application_service | Application company ID: 1
2026-06-19 23:59:53,811 | DEBUG | app.services.application_service | Application name attr: Microsoft
2026-06-19 23:59:53,811 | DEBUG | app.api.applications | Route result: <app.models.application.Application object at 0x00000157864B5450>
2026-06-19 23:59:53,811 | DEBUG | app.api.applications | Route result dictionary: {'_sa_instance_state': <sqlalchemy.orm.state.InstanceState object at 0x000001578689BB30>, 'status': <ApplicationStatus.REJECTED: 'rejected'>, 'created_at': datetime.datetime(2026, 6, 19, 21, 59, 53, 799369, tzinfo=zoneinfo.ZoneInfo(key='Africa/Johannesburg')), 'deadline': None, 'notes': None, 'company_id': 1, 'id': 1, 'role': 'Software Engineer', 'location': None, 'job_url': None, 'updated_at': datetime.datetime(2026, 6, 19, 21, 59, 53, 799369, tzinfo=zoneinfo.ZoneInfo(key='Africa/Johannesburg')), 'follow_up_date': None, 'user_id': 1, 'company': <app.models.company.Company object at 0x00000157864B2B10>}
2026-06-19 23:59:53,814 | DEBUG | app.api.applications | Route company: <app.models.company.Company object at 0x00000157864B2B10>
2026-06-19 23:59:53,814 | DEBUG | app.api.applications | Route company_name: Microsoft
2026-06-19 23:59:53,825 | DEBUG | app.services.application_service | Company Name: Amazon
2026-06-19 23:59:53,825 | DEBUG | app.services.application_service | Company Found: None
2026-06-19 23:59:53,825 | DEBUG | app.services.application_service | company CREATED: ID is 2, name=Amazon
2026-06-19 23:59:53,825 | DEBUG | app.services.application_service | FINAL APPLICATION DATA: {'role': 'Cloud Developer', 'status': <ApplicationStatus.INTERVIEW: 'interview'>, 'location': None, 'job_url': None, 'notes': None, 'company_id': 2, 'user_id': 1}
2026-06-19 23:59:53,825 | DEBUG | app.repos.application_repository | Repository application before add: <app.models.application.Application object at 0x00000157868A6C90>
2026-06-19 23:59:53,825 | DEBUG | app.repos.application_repository | has company_name property: False
2026-06-19 23:59:53,842 | DEBUG | app.repos.application_repository | Repository application after refresh: <app.models.application.Application object at 0x00000157868A6C90>
2026-06-19 23:59:53,842 | DEBUG | app.repos.application_repository | Company relation refresh after refresh: <app.models.company.Company object at 0x00000157864298D0>
2026-06-19 23:59:53,842 | DEBUG | app.repos.application_repository | company name after refresh: Amazon
2026-06-19 23:59:53,842 | DEBUG | app.services.application_service | Application company ID: 2
2026-06-19 23:59:53,842 | DEBUG | app.services.application_service | Application name attr: Amazon
2026-06-19 23:59:53,842 | DEBUG | app.api.applications | Route result: <app.models.application.Application object at 0x00000157868A6C90>
2026-06-19 23:59:53,842 | DEBUG | app.api.applications | Route result dictionary: {'_sa_instance_state': <sqlalchemy.orm.state.InstanceState object at 0x000001578689AED0>, 'status': <ApplicationStatus.INTERVIEW: 'interview'>, 'created_at': datetime.datetime(2026, 6, 19, 21, 59, 53, 825969, tzinfo=zoneinfo.ZoneInfo(key='Africa/Johannesburg')), 'deadline': None, 'notes': None, 'company_id': 2, 'id': 2, 'role': 'Cloud Developer', 'location': None, 'job_url': None, 'updated_at': datetime.datetime(2026, 6, 19, 21, 59, 53, 825969, tzinfo=zoneinfo.ZoneInfo(key='Africa/Johannesburg')), 'follow_up_date': None, 'user_id': 1, 'company': <app.models.company.Company object at 0x00000157864298D0>}
2026-06-19 23:59:53,842 | DEBUG | app.api.applications | Route company: <app.models.company.Company object at 0x00000157864298D0>
2026-06-19 23:59:53,842 | DEBUG | app.api.applications | Route company_name: Amazon
2026-06-19 23:59:54,653 | DEBUG | app.services.application_service | Company Name: Company 0
2026-06-19 23:59:54,653 | DEBUG | app.services.application_service | Company Found: None
2026-06-19 23:59:54,666 | DEBUG | app.services.application_service | company CREATED: ID is 3, name=Company 0
2026-06-19 23:59:54,666 | DEBUG | app.services.application_service | FINAL APPLICATION DATA: {'role': 'Developer', 'status': <ApplicationStatus.APPLIED: 'applied'>, 'location': None, 'job_url': None, 'notes': None, 'company_id': 3, 'user_id': 2}
2026-06-19 23:59:54,666 | DEBUG | app.repos.application_repository | Repository application before add: <app.models.application.Application object at 0x0000015786379710>
2026-06-19 23:59:54,666 | DEBUG | app.repos.application_repository | has company_name property: False
2026-06-19 23:59:54,672 | DEBUG | app.repos.application_repository | Repository application after refresh: <app.models.application.Application object at 0x0000015786379710>
2026-06-19 23:59:54,672 | DEBUG | app.repos.application_repository | Company relation refresh after refresh: <app.models.company.Company object at 0x0000015786433810>
2026-06-19 23:59:54,672 | DEBUG | app.repos.application_repository | company name after refresh: Company 0
2026-06-19 23:59:54,672 | DEBUG | app.services.application_service | Application company ID: 3
2026-06-19 23:59:54,672 | DEBUG | app.services.application_service | Application name attr: Company 0
2026-06-19 23:59:54,672 | DEBUG | app.api.applications | Route result: <app.models.application.Application object at 0x0000015786379710>
2026-06-19 23:59:54,672 | DEBUG | app.api.applications | Route result dictionary: {'_sa_instance_state': <sqlalchemy.orm.state.InstanceState object at 0x0000015786816210>, 'status': <ApplicationStatus.APPLIED: 'applied'>, 'created_at': datetime.datetime(2026, 6, 19, 21, 59, 54, 668513, tzinfo=zoneinfo.ZoneInfo(key='Africa/Johannesburg')), 'deadline': None, 'notes': None, 'company_id': 3, 'id': 3, 'role': 'Developer', 'location': None, 'job_url': None, 'updated_at': datetime.datetime(2026, 6, 19, 21, 59, 54, 668513, tzinfo=zoneinfo.ZoneInfo(key='Africa/Johannesburg')), 'follow_up_date': None, 'user_id': 2, 'company': <app.models.company.Company object at 0x0000015786433810>}
2026-06-19 23:59:54,672 | DEBUG | app.api.applications | Route company: <app.models.company.Company object at 0x0000015786433810>
2026-06-19 23:59:54,672 | DEBUG | app.api.applications | Route company_name: Company 0
2026-06-19 23:59:54,694 | DEBUG | app.services.application_service | Company Name: Company 1
2026-06-19 23:59:54,699 | DEBUG | app.services.application_service | Company Found: None
2026-06-19 23:59:54,703 | DEBUG | app.services.application_service | company CREATED: ID is 4, name=Company 1
2026-06-19 23:59:54,703 | DEBUG | app.services.application_service | FINAL APPLICATION DATA: {'role': 'Developer', 'status': <ApplicationStatus.APPLIED: 'applied'>, 'location': None, 'job_url': None, 'notes': None, 'company_id': 4, 'user_id': 2}
2026-06-19 23:59:54,703 | DEBUG | app.repos.application_repository | Repository application before add: <app.models.application.Application object at 0x0000015786494210>
2026-06-19 23:59:54,703 | DEBUG | app.repos.application_repository | has company_name property: False
2026-06-19 23:59:54,711 | DEBUG | app.repos.application_repository | Repository application after refresh: <app.models.application.Application object at 0x0000015786494210>
2026-06-19 23:59:54,715 | DEBUG | app.repos.application_repository | Company relation refresh after refresh: <app.models.company.Company object at 0x000001578646A310>
2026-06-19 23:59:54,715 | DEBUG | app.repos.application_repository | company name after refresh: Company 1
2026-06-19 23:59:54,715 | DEBUG | app.services.application_service | Application company ID: 4
2026-06-19 23:59:54,715 | DEBUG | app.services.application_service | Application name attr: Company 1
2026-06-19 23:59:54,715 | DEBUG | app.api.applications | Route result: <app.models.application.Application object at 0x0000015786494210>
2026-06-19 23:59:54,715 | DEBUG | app.api.applications | Route result dictionary: {'_sa_instance_state': <sqlalchemy.orm.state.InstanceState object at 0x0000015786919490>, 'status': <ApplicationStatus.APPLIED: 'applied'>, 'created_at': datetime.datetime(2026, 6, 19, 21, 59, 54, 703154, tzinfo=zoneinfo.ZoneInfo(key='Africa/Johannesburg')), 'deadline': None, 'notes': None, 'company_id': 4, 'id': 4, 'role': 'Developer', 'location': None, 'job_url': None, 'updated_at': datetime.datetime(2026, 6, 19, 21, 59, 54, 703154, tzinfo=zoneinfo.ZoneInfo(key='Africa/Johannesburg')), 'follow_up_date': None, 'user_id': 2, 'company': <app.models.company.Company object at 0x000001578646A310>}
2026-06-19 23:59:54,715 | DEBUG | app.api.applications | Route company: <app.models.company.Company object at 0x000001578646A310>
2026-06-19 23:59:54,715 | DEBUG | app.api.applications | Route company_name: Company 1
2026-06-19 23:59:54,737 | DEBUG | app.services.application_service | Company Name: Company 2
2026-06-19 23:59:54,739 | DEBUG | app.services.application_service | Company Found: None
2026-06-19 23:59:54,747 | DEBUG | app.services.application_service | company CREATED: ID is 5, name=Company 2
2026-06-19 23:59:54,747 | DEBUG | app.services.application_service | FINAL APPLICATION DATA: {'role': 'Developer', 'status': <ApplicationStatus.APPLIED: 'applied'>, 'location': None, 'job_url': None, 'notes': None, 'company_id': 5, 'user_id': 2}
2026-06-19 23:59:54,747 | DEBUG | app.repos.application_repository | Repository application before add: <app.models.application.Application object at 0x00000157869280D0>
2026-06-19 23:59:54,747 | DEBUG | app.repos.application_repository | has company_name property: False
2026-06-19 23:59:54,751 | DEBUG | app.repos.application_repository | Repository application after refresh: <app.models.application.Application object at 0x00000157869280D0>
2026-06-19 23:59:54,751 | DEBUG | app.repos.application_repository | Company relation refresh after refresh: <app.models.company.Company object at 0x000001578646A310>
2026-06-19 23:59:54,751 | DEBUG | app.repos.application_repository | company name after refresh: Company 2
2026-06-19 23:59:54,751 | DEBUG | app.services.application_service | Application company ID: 5
2026-06-19 23:59:54,751 | DEBUG | app.services.application_service | Application name attr: Company 2
2026-06-19 23:59:54,751 | DEBUG | app.api.applications | Route result: <app.models.application.Application object at 0x00000157869280D0>
2026-06-19 23:59:54,751 | DEBUG | app.api.applications | Route result dictionary: {'_sa_instance_state': <sqlalchemy.orm.state.InstanceState object at 0x00000157869186B0>, 'status': <ApplicationStatus.APPLIED: 'applied'>, 'created_at': datetime.datetime(2026, 6, 19, 21, 59, 54, 749055, tzinfo=zoneinfo.ZoneInfo(key='Africa/Johannesburg')), 'deadline': None, 'notes': None, 'company_id': 5, 'id': 5, 'role': 'Developer', 'location': None, 'job_url': None, 'updated_at': datetime.datetime(2026, 6, 19, 21, 59, 54, 749055, tzinfo=zoneinfo.ZoneInfo(key='Africa/Johannesburg')), 'follow_up_date': None, 'user_id': 2, 'company': <app.models.company.Company object at 0x000001578646A310>}
2026-06-19 23:59:54,751 | DEBUG | app.api.applications | Route company: <app.models.company.Company object at 0x000001578646A310>
2026-06-19 23:59:54,751 | DEBUG | app.api.applications | Route company_name: Company 2
2026-06-19 23:59:54,767 | DEBUG | app.services.application_service | Company Name: Company 3
2026-06-19 23:59:54,777 | DEBUG | app.services.application_service | Company Found: None
2026-06-19 23:59:54,783 | DEBUG | app.services.application_service | company CREATED: ID is 6, name=Company 3
2026-06-19 23:59:54,783 | DEBUG | app.services.application_service | FINAL APPLICATION DATA: {'role': 'Developer', 'status': <ApplicationStatus.APPLIED: 'applied'>, 'location': None, 'job_url': None, 'notes': None, 'company_id': 6, 'user_id': 2}
2026-06-19 23:59:54,783 | DEBUG | app.repos.application_repository | Repository application before add: <app.models.application.Application object at 0x00000157864AA250>
2026-06-19 23:59:54,783 | DEBUG | app.repos.application_repository | has company_name property: False
2026-06-19 23:59:54,783 | DEBUG | app.repos.application_repository | Repository application after refresh: <app.models.application.Application object at 0x00000157864AA250>
2026-06-19 23:59:54,783 | DEBUG | app.repos.application_repository | Company relation refresh after refresh: <app.models.company.Company object at 0x00000157868A77D0>
2026-06-19 23:59:54,783 | DEBUG | app.repos.application_repository | company name after refresh: Company 3
2026-06-19 23:59:54,783 | DEBUG | app.services.application_service | Application company ID: 6
2026-06-19 23:59:54,783 | DEBUG | app.services.application_service | Application name attr: Company 3
2026-06-19 23:59:54,783 | DEBUG | app.api.applications | Route result: <app.models.application.Application object at 0x00000157864AA250>
2026-06-19 23:59:54,793 | DEBUG | app.api.applications | Route result dictionary: {'_sa_instance_state': <sqlalchemy.orm.state.InstanceState object at 0x000001578691A270>, 'status': <ApplicationStatus.APPLIED: 'applied'>, 'created_at': datetime.datetime(2026, 6, 19, 21, 59, 54, 783063, tzinfo=zoneinfo.ZoneInfo(key='Africa/Johannesburg')), 'deadline': None, 'notes': None, 'company_id': 6, 'id': 6, 'role': 'Developer', 'location': None, 'job_url': None, 'updated_at': datetime.datetime(2026, 6, 19, 21, 59, 54, 783063, tzinfo=zoneinfo.ZoneInfo(key='Africa/Johannesburg')), 'follow_up_date': None, 'user_id': 2, 'company': <app.models.company.Company object at 0x00000157868A77D0>}
2026-06-19 23:59:54,793 | DEBUG | app.api.applications | Route company: <app.models.company.Company object at 0x00000157868A77D0>
2026-06-19 23:59:54,793 | DEBUG | app.api.applications | Route company_name: Company 3
2026-06-19 23:59:54,810 | DEBUG | app.services.application_service | Company Name: Company 4
2026-06-19 23:59:54,810 | DEBUG | app.services.application_service | Company Found: None
2026-06-19 23:59:54,818 | DEBUG | app.services.application_service | company CREATED: ID is 7, name=Company 4
2026-06-19 23:59:54,818 | DEBUG | app.services.application_service | FINAL APPLICATION DATA: {'role': 'Developer', 'status': <ApplicationStatus.APPLIED: 'applied'>, 'location': None, 'job_url': None, 'notes': None, 'company_id': 7, 'user_id': 2}
2026-06-19 23:59:54,818 | DEBUG | app.repos.application_repository | Repository application before add: <app.models.application.Application object at 0x00000157869235D0>
2026-06-19 23:59:54,818 | DEBUG | app.repos.application_repository | has company_name property: False
2026-06-19 23:59:54,821 | DEBUG | app.repos.application_repository | Repository application after refresh: <app.models.application.Application object at 0x00000157869235D0>
2026-06-19 23:59:54,826 | DEBUG | app.repos.application_repository | Company relation refresh after refresh: <app.models.company.Company object at 0x0000015786941BD0>
2026-06-19 23:59:54,826 | DEBUG | app.repos.application_repository | company name after refresh: Company 4
2026-06-19 23:59:54,826 | DEBUG | app.services.application_service | Application company ID: 7
2026-06-19 23:59:54,826 | DEBUG | app.services.application_service | Application name attr: Company 4
2026-06-19 23:59:54,826 | DEBUG | app.api.applications | Route result: <app.models.application.Application object at 0x00000157869235D0>
2026-06-19 23:59:54,826 | DEBUG | app.api.applications | Route result dictionary: {'_sa_instance_state': <sqlalchemy.orm.state.InstanceState object at 0x000001578691A270>, 'status': <ApplicationStatus.APPLIED: 'applied'>, 'created_at': datetime.datetime(2026, 6, 19, 21, 59, 54, 821080, tzinfo=zoneinfo.ZoneInfo(key='Africa/Johannesburg')), 'deadline': None, 'notes': None, 'company_id': 7, 'id': 7, 'role': 'Developer', 'location': None, 'job_url': None, 'updated_at': datetime.datetime(2026, 6, 19, 21, 59, 54, 821080, tzinfo=zoneinfo.ZoneInfo(key='Africa/Johannesburg')), 'follow_up_date': None, 'user_id': 2, 'company': <app.models.company.Company object at 0x0000015786941BD0>}
2026-06-19 23:59:54,826 | DEBUG | app.api.applications | Route company: <app.models.company.Company object at 0x0000015786941BD0>
2026-06-19 23:59:54,831 | DEBUG | app.api.applications | Route company_name: Company 4
2026-06-19 23:59:54,846 | DEBUG | app.services.application_service | Company Name: Company 5
2026-06-19 23:59:54,849 | DEBUG | app.services.application_service | Company Found: None
2026-06-19 23:59:54,849 | DEBUG | app.services.application_service | company CREATED: ID is 8, name=Company 5
2026-06-19 23:59:54,849 | DEBUG | app.services.application_service | FINAL APPLICATION DATA: {'role': 'Developer', 'status': <ApplicationStatus.APPLIED: 'applied'>, 'location': None, 'job_url': None, 'notes': None, 'company_id': 8, 'user_id': 2}
2026-06-19 23:59:54,849 | DEBUG | app.repos.application_repository | Repository application before add: <app.models.application.Application object at 0x00000157864AD7D0>
2026-06-19 23:59:54,849 | DEBUG | app.repos.application_repository | has company_name property: False
2026-06-19 23:59:54,858 | DEBUG | app.repos.application_repository | Repository application after refresh: <app.models.application.Application object at 0x00000157864AD7D0>
2026-06-19 23:59:54,864 | DEBUG | app.repos.application_repository | Company relation refresh after refresh: <app.models.company.Company object at 0x0000015786379710>
2026-06-19 23:59:54,864 | DEBUG | app.repos.application_repository | company name after refresh: Company 5
2026-06-19 23:59:54,864 | DEBUG | app.services.application_service | Application company ID: 8
2026-06-19 23:59:54,864 | DEBUG | app.services.application_service | Application name attr: Company 5
2026-06-19 23:59:54,866 | DEBUG | app.api.applications | Route result: <app.models.application.Application object at 0x00000157864AD7D0>
2026-06-19 23:59:54,866 | DEBUG | app.api.applications | Route result dictionary: {'_sa_instance_state': <sqlalchemy.orm.state.InstanceState object at 0x000001578691A450>, 'status': <ApplicationStatus.APPLIED: 'applied'>, 'created_at': datetime.datetime(2026, 6, 19, 21, 59, 54, 857086, tzinfo=zoneinfo.ZoneInfo(key='Africa/Johannesburg')), 'deadline': None, 'notes': None, 'company_id': 8, 'id': 8, 'role': 'Developer', 'location': None, 'job_url': None, 'updated_at': datetime.datetime(2026, 6, 19, 21, 59, 54, 857086, tzinfo=zoneinfo.ZoneInfo(key='Africa/Johannesburg')), 'follow_up_date': None, 'user_id': 2, 'company': <app.models.company.Company object at 0x0000015786379710>}
2026-06-19 23:59:54,866 | DEBUG | app.api.applications | Route company: <app.models.company.Company object at 0x0000015786379710>
2026-06-19 23:59:54,866 | DEBUG | app.api.applications | Route company_name: Company 5
2026-06-19 23:59:54,890 | DEBUG | app.services.application_service | Company Name: Company 6
2026-06-19 23:59:54,890 | DEBUG | app.services.application_service | Company Found: None
2026-06-19 23:59:54,899 | DEBUG | app.services.application_service | company CREATED: ID is 9, name=Company 6
2026-06-19 23:59:54,899 | DEBUG | app.services.application_service | FINAL APPLICATION DATA: {'role': 'Developer', 'status': <ApplicationStatus.APPLIED: 'applied'>, 'location': None, 'job_url': None, 'notes': None, 'company_id': 9, 'user_id': 2}
2026-06-19 23:59:54,899 | DEBUG | app.repos.application_repository | Repository application before add: <app.models.application.Application object at 0x00000157868FB290>
2026-06-19 23:59:54,899 | DEBUG | app.repos.application_repository | has company_name property: False
2026-06-19 23:59:54,908 | DEBUG | app.repos.application_repository | Repository application after refresh: <app.models.application.Application object at 0x00000157868FB290>
2026-06-19 23:59:54,911 | DEBUG | app.repos.application_repository | Company relation refresh after refresh: <app.models.company.Company object at 0x00000157868A6ED0>
2026-06-19 23:59:54,911 | DEBUG | app.repos.application_repository | company name after refresh: Company 6
2026-06-19 23:59:54,911 | DEBUG | app.services.application_service | Application company ID: 9
2026-06-19 23:59:54,913 | DEBUG | app.services.application_service | Application name attr: Company 6
2026-06-19 23:59:54,913 | DEBUG | app.api.applications | Route result: <app.models.application.Application object at 0x00000157868FB290>
2026-06-19 23:59:54,913 | DEBUG | app.api.applications | Route result dictionary: {'_sa_instance_state': <sqlalchemy.orm.state.InstanceState object at 0x000001578691A630>, 'status': <ApplicationStatus.APPLIED: 'applied'>, 'created_at': datetime.datetime(2026, 6, 19, 21, 59, 54, 904649, tzinfo=zoneinfo.ZoneInfo(key='Africa/Johannesburg')), 'deadline': None, 'notes': None, 'company_id': 9, 'id': 9, 'role': 'Developer', 'location': None, 'job_url': None, 'updated_at': datetime.datetime(2026, 6, 19, 21, 59, 54, 904649, tzinfo=zoneinfo.ZoneInfo(key='Africa/Johannesburg')), 'follow_up_date': None, 'user_id': 2, 'company': <app.models.company.Company object at 0x00000157868A6ED0>}
2026-06-19 23:59:54,914 | DEBUG | app.api.applications | Route company: <app.models.company.Company object at 0x00000157868A6ED0>
2026-06-19 23:59:54,914 | DEBUG | app.api.applications | Route company_name: Company 6
2026-06-19 23:59:54,932 | DEBUG | app.services.application_service | Company Name: Company 7
2026-06-19 23:59:54,932 | DEBUG | app.services.application_service | Company Found: None
2026-06-19 23:59:54,938 | DEBUG | app.services.application_service | company CREATED: ID is 10, name=Company 7
2026-06-19 23:59:54,938 | DEBUG | app.services.application_service | FINAL APPLICATION DATA: {'role': 'Developer', 'status': <ApplicationStatus.APPLIED: 'applied'>, 'location': None, 'job_url': None, 'notes': None, 'company_id': 10, 'user_id': 2}
2026-06-19 23:59:54,938 | DEBUG | app.repos.application_repository | Repository application before add: <app.models.application.Application object at 0x0000015786928450>
2026-06-19 23:59:54,938 | DEBUG | app.repos.application_repository | has company_name property: False
2026-06-19 23:59:54,949 | DEBUG | app.repos.application_repository | Repository application after refresh: <app.models.application.Application object at 0x0000015786928450>
2026-06-19 23:59:54,951 | DEBUG | app.repos.application_repository | Company relation refresh after refresh: <app.models.company.Company object at 0x000001578694A290>
2026-06-19 23:59:54,951 | DEBUG | app.repos.application_repository | company name after refresh: Company 7
2026-06-19 23:59:54,951 | DEBUG | app.services.application_service | Application company ID: 10
2026-06-19 23:59:54,951 | DEBUG | app.services.application_service | Application name attr: Company 7
2026-06-19 23:59:54,951 | DEBUG | app.api.applications | Route result: <app.models.application.Application object at 0x0000015786928450>
2026-06-19 23:59:54,951 | DEBUG | app.api.applications | Route result dictionary: {'_sa_instance_state': <sqlalchemy.orm.state.InstanceState object at 0x000001578691A630>, 'status': <ApplicationStatus.APPLIED: 'applied'>, 'created_at': datetime.datetime(2026, 6, 19, 21, 59, 54, 943378, tzinfo=zoneinfo.ZoneInfo(key='Africa/Johannesburg')), 'deadline': None, 'notes': None, 'company_id': 10, 'id': 10, 'role': 'Developer', 'location': None, 'job_url': None, 'updated_at': datetime.datetime(2026, 6, 19, 21, 59, 54, 943378, tzinfo=zoneinfo.ZoneInfo(key='Africa/Johannesburg')), 'follow_up_date': None, 'user_id': 2, 'company': <app.models.company.Company object at 0x000001578694A290>}
2026-06-19 23:59:54,951 | DEBUG | app.api.applications | Route company: <app.models.company.Company object at 0x000001578694A290>
2026-06-19 23:59:54,951 | DEBUG | app.api.applications | Route company_name: Company 7
2026-06-19 23:59:54,966 | DEBUG | app.services.application_service | Company Name: Company 8
2026-06-19 23:59:54,966 | DEBUG | app.services.application_service | Company Found: None
2026-06-19 23:59:54,978 | DEBUG | app.services.application_service | company CREATED: ID is 11, name=Company 8
2026-06-19 23:59:54,978 | DEBUG | app.services.application_service | FINAL APPLICATION DATA: {'role': 'Developer', 'status': <ApplicationStatus.APPLIED: 'applied'>, 'location': None, 'job_url': None, 'notes': None, 'company_id': 11, 'user_id': 2}
2026-06-19 23:59:54,979 | DEBUG | app.repos.application_repository | Repository application before add: <app.models.application.Application object at 0x000001578694B150>
2026-06-19 23:59:54,979 | DEBUG | app.repos.application_repository | has company_name property: False
2026-06-19 23:59:54,980 | DEBUG | app.repos.application_repository | Repository application after refresh: <app.models.application.Application object at 0x000001578694B150>
2026-06-19 23:59:54,988 | DEBUG | app.repos.application_repository | Company relation refresh after refresh: <app.models.company.Company object at 0x000001578694A290>
2026-06-19 23:59:54,988 | DEBUG | app.repos.application_repository | company name after refresh: Company 8
2026-06-19 23:59:54,988 | DEBUG | app.services.application_service | Application company ID: 11
2026-06-19 23:59:54,988 | DEBUG | app.services.application_service | Application name attr: Company 8
2026-06-19 23:59:54,988 | DEBUG | app.api.applications | Route result: <app.models.application.Application object at 0x000001578694B150>
2026-06-19 23:59:54,988 | DEBUG | app.api.applications | Route result dictionary: {'_sa_instance_state': <sqlalchemy.orm.state.InstanceState object at 0x000001578691A810>, 'status': <ApplicationStatus.APPLIED: 'applied'>, 'created_at': datetime.datetime(2026, 6, 19, 21, 59, 54, 980752, tzinfo=zoneinfo.ZoneInfo(key='Africa/Johannesburg')), 'deadline': None, 'notes': None, 'company_id': 11, 'id': 11, 'role': 'Developer', 'location': None, 'job_url': None, 'updated_at': datetime.datetime(2026, 6, 19, 21, 59, 54, 980752, tzinfo=zoneinfo.ZoneInfo(key='Africa/Johannesburg')), 'follow_up_date': None, 'user_id': 2, 'company': <app.models.company.Company object at 0x000001578694A290>}
2026-06-19 23:59:54,988 | DEBUG | app.api.applications | Route company: <app.models.company.Company object at 0x000001578694A290>
2026-06-19 23:59:54,988 | DEBUG | app.api.applications | Route company_name: Company 8
2026-06-19 23:59:54,999 | DEBUG | app.services.application_service | Company Name: Company 9
2026-06-19 23:59:55,009 | DEBUG | app.services.application_service | Company Found: None
2026-06-19 23:59:55,016 | DEBUG | app.services.application_service | company CREATED: ID is 12, name=Company 9
2026-06-19 23:59:55,016 | DEBUG | app.services.application_service | FINAL APPLICATION DATA: {'role': 'Developer', 'status': <ApplicationStatus.APPLIED: 'applied'>, 'location': None, 'job_url': None, 'notes': None, 'company_id': 12, 'user_id': 2}
2026-06-19 23:59:55,016 | DEBUG | app.repos.application_repository | Repository application before add: <app.models.application.Application object at 0x0000015786928BD0>
2026-06-19 23:59:55,016 | DEBUG | app.repos.application_repository | has company_name property: False
2026-06-19 23:59:55,018 | DEBUG | app.repos.application_repository | Repository application after refresh: <app.models.application.Application object at 0x0000015786928BD0>
2026-06-19 23:59:55,018 | DEBUG | app.repos.application_repository | Company relation refresh after refresh: <app.models.company.Company object at 0x00000157869426D0>
2026-06-19 23:59:55,018 | DEBUG | app.repos.application_repository | company name after refresh: Company 9
2026-06-19 23:59:55,018 | DEBUG | app.services.application_service | Application company ID: 12
2026-06-19 23:59:55,018 | DEBUG | app.services.application_service | Application name attr: Company 9
2026-06-19 23:59:55,018 | DEBUG | app.api.applications | Route result: <app.models.application.Application object at 0x0000015786928BD0>
2026-06-19 23:59:55,025 | DEBUG | app.api.applications | Route result dictionary: {'_sa_instance_state': <sqlalchemy.orm.state.InstanceState object at 0x000001578691A9F0>, 'status': <ApplicationStatus.APPLIED: 'applied'>, 'created_at': datetime.datetime(2026, 6, 19, 21, 59, 55, 18191, tzinfo=zoneinfo.ZoneInfo(key='Africa/Johannesburg')), 'deadline': None, 'notes': None, 'company_id': 12, 'id': 12, 'role': 'Developer', 'location': None, 'job_url': None, 'updated_at': datetime.datetime(2026, 6, 19, 21, 59, 55, 18191, tzinfo=zoneinfo.ZoneInfo(key='Africa/Johannesburg')), 'follow_up_date': None, 'user_id': 2, 'company': <app.models.company.Company object at 0x00000157869426D0>}
2026-06-19 23:59:55,025 | DEBUG | app.api.applications | Route company: <app.models.company.Company object at 0x00000157869426D0>
2026-06-19 23:59:55,025 | DEBUG | app.api.applications | Route company_name: Company 9
2026-06-19 23:59:55,041 | DEBUG | app.services.application_service | Company Name: Company 10
2026-06-19 23:59:55,041 | DEBUG | app.services.application_service | Company Found: None
2026-06-19 23:59:55,049 | DEBUG | app.services.application_service | company CREATED: ID is 13, name=Company 10
2026-06-19 23:59:55,049 | DEBUG | app.services.application_service | FINAL APPLICATION DATA: {'role': 'Developer', 'status': <ApplicationStatus.APPLIED: 'applied'>, 'location': None, 'job_url': None, 'notes': None, 'company_id': 13, 'user_id': 2}
2026-06-19 23:59:55,049 | DEBUG | app.repos.application_repository | Repository application before add: <app.models.application.Application object at 0x0000015786923810>
2026-06-19 23:59:55,049 | DEBUG | app.repos.application_repository | has company_name property: False
2026-06-19 23:59:55,057 | DEBUG | app.repos.application_repository | Repository application after refresh: <app.models.application.Application object at 0x0000015786923810>
2026-06-19 23:59:55,059 | DEBUG | app.repos.application_repository | Company relation refresh after refresh: <app.models.company.Company object at 0x0000015786948ED0>
2026-06-19 23:59:55,059 | DEBUG | app.repos.application_repository | company name after refresh: Company 10
2026-06-19 23:59:55,059 | DEBUG | app.services.application_service | Application company ID: 13
2026-06-19 23:59:55,059 | DEBUG | app.services.application_service | Application name attr: Company 10
2026-06-19 23:59:55,059 | DEBUG | app.api.applications | Route result: <app.models.application.Application object at 0x0000015786923810>
2026-06-19 23:59:55,059 | DEBUG | app.api.applications | Route result dictionary: {'_sa_instance_state': <sqlalchemy.orm.state.InstanceState object at 0x000001578691AB70>, 'status': <ApplicationStatus.APPLIED: 'applied'>, 'created_at': datetime.datetime(2026, 6, 19, 21, 59, 55, 49384, tzinfo=zoneinfo.ZoneInfo(key='Africa/Johannesburg')), 'deadline': None, 'notes': None, 'company_id': 13, 'id': 13, 'role': 'Developer', 'location': None, 'job_url': None, 'updated_at': datetime.datetime(2026, 6, 19, 21, 59, 55, 49384, tzinfo=zoneinfo.ZoneInfo(key='Africa/Johannesburg')), 'follow_up_date': None, 'user_id': 2, 'company': <app.models.company.Company object at 0x0000015786948ED0>}
2026-06-19 23:59:55,059 | DEBUG | app.api.applications | Route company: <app.models.company.Company object at 0x0000015786948ED0>
2026-06-19 23:59:55,059 | DEBUG | app.api.applications | Route company_name: Company 10
2026-06-19 23:59:55,073 | DEBUG | app.services.application_service | Company Name: Company 11
2026-06-19 23:59:55,080 | DEBUG | app.services.application_service | Company Found: None
2026-06-19 23:59:55,082 | DEBUG | app.services.application_service | company CREATED: ID is 14, name=Company 11
2026-06-19 23:59:55,082 | DEBUG | app.services.application_service | FINAL APPLICATION DATA: {'role': 'Developer', 'status': <ApplicationStatus.APPLIED: 'applied'>, 'location': None, 'job_url': None, 'notes': None, 'company_id': 14, 'user_id': 2}
2026-06-19 23:59:55,082 | DEBUG | app.repos.application_repository | Repository application before add: <app.models.application.Application object at 0x0000015786941E10>
2026-06-19 23:59:55,082 | DEBUG | app.repos.application_repository | has company_name property: False
2026-06-19 23:59:55,090 | DEBUG | app.repos.application_repository | Repository application after refresh: <app.models.application.Application object at 0x0000015786941E10>
2026-06-19 23:59:55,090 | DEBUG | app.repos.application_repository | Company relation refresh after refresh: <app.models.company.Company object at 0x0000015786928290>
2026-06-19 23:59:55,090 | DEBUG | app.repos.application_repository | company name after refresh: Company 11
2026-06-19 23:59:55,090 | DEBUG | app.services.application_service | Application company ID: 14
2026-06-19 23:59:55,090 | DEBUG | app.services.application_service | Application name attr: Company 11
2026-06-19 23:59:55,090 | DEBUG | app.api.applications | Route result: <app.models.application.Application object at 0x0000015786941E10>
2026-06-19 23:59:55,090 | DEBUG | app.api.applications | Route result dictionary: {'_sa_instance_state': <sqlalchemy.orm.state.InstanceState object at 0x000001578691AE10>, 'status': <ApplicationStatus.APPLIED: 'applied'>, 'created_at': datetime.datetime(2026, 6, 19, 21, 59, 55, 88519, tzinfo=zoneinfo.ZoneInfo(key='Africa/Johannesburg')), 'deadline': None, 'notes': None, 'company_id': 14, 'id': 14, 'role': 'Developer', 'location': None, 'job_url': None, 'updated_at': datetime.datetime(2026, 6, 19, 21, 59, 55, 88519, tzinfo=zoneinfo.ZoneInfo(key='Africa/Johannesburg')), 'follow_up_date': None, 'user_id': 2, 'company': <app.models.company.Company object at 0x0000015786928290>}
2026-06-19 23:59:55,096 | DEBUG | app.api.applications | Route company: <app.models.company.Company object at 0x0000015786928290>
2026-06-19 23:59:55,097 | DEBUG | app.api.applications | Route company_name: Company 11
2026-06-19 23:59:55,113 | DEBUG | app.services.application_service | Company Name: Company 12
2026-06-19 23:59:55,115 | DEBUG | app.services.application_service | Company Found: None
2026-06-19 23:59:55,118 | DEBUG | app.services.application_service | company CREATED: ID is 15, name=Company 12
2026-06-19 23:59:55,118 | DEBUG | app.services.application_service | FINAL APPLICATION DATA: {'role': 'Developer', 'status': <ApplicationStatus.APPLIED: 'applied'>, 'location': None, 'job_url': None, 'notes': None, 'company_id': 15, 'user_id': 2}
2026-06-19 23:59:55,118 | DEBUG | app.repos.application_repository | Repository application before add: <app.models.application.Application object at 0x0000015786948A90>
2026-06-19 23:59:55,118 | DEBUG | app.repos.application_repository | has company_name property: False
2026-06-19 23:59:55,123 | DEBUG | app.repos.application_repository | Repository application after refresh: <app.models.application.Application object at 0x0000015786948A90>
2026-06-19 23:59:55,131 | DEBUG | app.repos.application_repository | Company relation refresh after refresh: <app.models.company.Company object at 0x0000015786949B10>
2026-06-19 23:59:55,131 | DEBUG | app.repos.application_repository | company name after refresh: Company 12
2026-06-19 23:59:55,131 | DEBUG | app.services.application_service | Application company ID: 15
2026-06-19 23:59:55,131 | DEBUG | app.services.application_service | Application name attr: Company 12
2026-06-19 23:59:55,131 | DEBUG | app.api.applications | Route result: <app.models.application.Application object at 0x0000015786948A90>
2026-06-19 23:59:55,131 | DEBUG | app.api.applications | Route result dictionary: {'_sa_instance_state': <sqlalchemy.orm.state.InstanceState object at 0x000001578691B170>, 'status': <ApplicationStatus.APPLIED: 'applied'>, 'created_at': datetime.datetime(2026, 6, 19, 21, 59, 55, 123358, tzinfo=zoneinfo.ZoneInfo(key='Africa/Johannesburg')), 'deadline': None, 'notes': None, 'company_id': 15, 'id': 15, 'role': 'Developer', 'location': None, 'job_url': None, 'updated_at': datetime.datetime(2026, 6, 19, 21, 59, 55, 123358, tzinfo=zoneinfo.ZoneInfo(key='Africa/Johannesburg')), 'follow_up_date': None, 'user_id': 2, 'company': <app.models.company.Company object at 0x0000015786949B10>}
2026-06-19 23:59:55,131 | DEBUG | app.api.applications | Route company: <app.models.company.Company object at 0x0000015786949B10>
2026-06-19 23:59:55,131 | DEBUG | app.api.applications | Route company_name: Company 12
2026-06-19 23:59:55,147 | DEBUG | app.services.application_service | Company Name: Company 13
2026-06-19 23:59:55,147 | DEBUG | app.services.application_service | Company Found: None
2026-06-19 23:59:55,152 | DEBUG | app.services.application_service | company CREATED: ID is 16, name=Company 13
2026-06-19 23:59:55,152 | DEBUG | app.services.application_service | FINAL APPLICATION DATA: {'role': 'Developer', 'status': <ApplicationStatus.APPLIED: 'applied'>, 'location': None, 'job_url': None, 'notes': None, 'company_id': 16, 'user_id': 2}
2026-06-19 23:59:55,152 | DEBUG | app.repos.application_repository | Repository application before add: <app.models.application.Application object at 0x0000015786941210>
2026-06-19 23:59:55,152 | DEBUG | app.repos.application_repository | has company_name property: False
2026-06-19 23:59:55,163 | DEBUG | app.repos.application_repository | Repository application after refresh: <app.models.application.Application object at 0x0000015786941210>
2026-06-19 23:59:55,167 | DEBUG | app.repos.application_repository | Company relation refresh after refresh: <app.models.company.Company object at 0x00000157864690D0>
2026-06-19 23:59:55,167 | DEBUG | app.repos.application_repository | company name after refresh: Company 13
2026-06-19 23:59:55,167 | DEBUG | app.services.application_service | Application company ID: 16
2026-06-19 23:59:55,168 | DEBUG | app.services.application_service | Application name attr: Company 13
2026-06-19 23:59:55,168 | DEBUG | app.api.applications | Route result: <app.models.application.Application object at 0x0000015786941210>
2026-06-19 23:59:55,168 | DEBUG | app.api.applications | Route result dictionary: {'_sa_instance_state': <sqlalchemy.orm.state.InstanceState object at 0x000001578691AB70>, 'status': <ApplicationStatus.APPLIED: 'applied'>, 'created_at': datetime.datetime(2026, 6, 19, 21, 59, 55, 158106, tzinfo=zoneinfo.ZoneInfo(key='Africa/Johannesburg')), 'deadline': None, 'notes': None, 'company_id': 16, 'id': 16, 'role': 'Developer', 'location': None, 'job_url': None, 'updated_at': datetime.datetime(2026, 6, 19, 21, 59, 55, 158106, tzinfo=zoneinfo.ZoneInfo(key='Africa/Johannesburg')), 'follow_up_date': None, 'user_id': 2, 'company': <app.models.company.Company object at 0x00000157864690D0>}
2026-06-19 23:59:55,168 | DEBUG | app.api.applications | Route company: <app.models.company.Company object at 0x00000157864690D0>
2026-06-19 23:59:55,168 | DEBUG | app.api.applications | Route company_name: Company 13
2026-06-19 23:59:55,182 | DEBUG | app.services.application_service | Company Name: Company 14
2026-06-19 23:59:55,182 | DEBUG | app.services.application_service | Company Found: None
2026-06-19 23:59:55,182 | DEBUG | app.services.application_service | company CREATED: ID is 17, name=Company 14
2026-06-19 23:59:55,182 | DEBUG | app.services.application_service | FINAL APPLICATION DATA: {'role': 'Developer', 'status': <ApplicationStatus.APPLIED: 'applied'>, 'location': None, 'job_url': None, 'notes': None, 'company_id': 17, 'user_id': 2}
2026-06-19 23:59:55,182 | DEBUG | app.repos.application_repository | Repository application before add: <app.models.application.Application object at 0x00000157868D4A10>
2026-06-19 23:59:55,182 | DEBUG | app.repos.application_repository | has company_name property: False
2026-06-19 23:59:55,199 | DEBUG | app.repos.application_repository | Repository application after refresh: <app.models.application.Application object at 0x00000157868D4A10>
2026-06-19 23:59:55,201 | DEBUG | app.repos.application_repository | Company relation refresh after refresh: <app.models.company.Company object at 0x000001578695DA10>
2026-06-19 23:59:55,201 | DEBUG | app.repos.application_repository | company name after refresh: Company 14
2026-06-19 23:59:55,201 | DEBUG | app.services.application_service | Application company ID: 17
2026-06-19 23:59:55,201 | DEBUG | app.services.application_service | Application name attr: Company 14
2026-06-19 23:59:55,201 | DEBUG | app.api.applications | Route result: <app.models.application.Application object at 0x00000157868D4A10>
2026-06-19 23:59:55,201 | DEBUG | app.api.applications | Route result dictionary: {'_sa_instance_state': <sqlalchemy.orm.state.InstanceState object at 0x000001578691B050>, 'status': <ApplicationStatus.APPLIED: 'applied'>, 'created_at': datetime.datetime(2026, 6, 19, 21, 59, 55, 193296, tzinfo=zoneinfo.ZoneInfo(key='Africa/Johannesburg')), 'deadline': None, 'notes': None, 'company_id': 17, 'id': 17, 'role': 'Developer', 'location': None, 'job_url': None, 'updated_at': datetime.datetime(2026, 6, 19, 21, 59, 55, 193296, tzinfo=zoneinfo.ZoneInfo(key='Africa/Johannesburg')), 'follow_up_date': None, 'user_id': 2, 'company': <app.models.company.Company object at 0x000001578695DA10>}
2026-06-19 23:59:55,201 | DEBUG | app.api.applications | Route company: <app.models.company.Company object at 0x000001578695DA10>
2026-06-19 23:59:55,201 | DEBUG | app.api.applications | Route company_name: Company 14
2026-06-19 23:59:55,983 | DEBUG | app.services.application_service | Company Name: Company 0
2026-06-19 23:59:55,986 | DEBUG | app.services.application_service | Company Found: None
2026-06-19 23:59:55,992 | DEBUG | app.services.application_service | company CREATED: ID is 18, name=Company 0
2026-06-19 23:59:55,992 | DEBUG | app.services.application_service | FINAL APPLICATION DATA: {'role': 'Developer', 'status': <ApplicationStatus.APPLIED: 'applied'>, 'location': None, 'job_url': None, 'notes': None, 'company_id': 18, 'user_id': 3}
2026-06-19 23:59:55,992 | DEBUG | app.repos.application_repository | Repository application before add: <app.models.application.Application object at 0x00000157864A9410>
2026-06-19 23:59:55,992 | DEBUG | app.repos.application_repository | has company_name property: False
2026-06-19 23:59:55,996 | DEBUG | app.repos.application_repository | Repository application after refresh: <app.models.application.Application object at 0x00000157864A9410>
2026-06-19 23:59:56,002 | DEBUG | app.repos.application_repository | Company relation refresh after refresh: <app.models.company.Company object at 0x000001578694AD50>
2026-06-19 23:59:56,002 | DEBUG | app.repos.application_repository | company name after refresh: Company 0
2026-06-19 23:59:56,002 | DEBUG | app.services.application_service | Application company ID: 18
2026-06-19 23:59:56,002 | DEBUG | app.services.application_service | Application name attr: Company 0
2026-06-19 23:59:56,002 | DEBUG | app.api.applications | Route result: <app.models.application.Application object at 0x00000157864A9410>
2026-06-19 23:59:56,002 | DEBUG | app.api.applications | Route result dictionary: {'_sa_instance_state': <sqlalchemy.orm.state.InstanceState object at 0x00000157868150D0>, 'status': <ApplicationStatus.APPLIED: 'applied'>, 'created_at': datetime.datetime(2026, 6, 19, 21, 59, 55, 992098, tzinfo=zoneinfo.ZoneInfo(key='Africa/Johannesburg')), 'deadline': None, 'notes': None, 'company_id': 18, 'id': 18, 'role': 'Developer', 'location': None, 'job_url': None, 'updated_at': datetime.datetime(2026, 6, 19, 21, 59, 55, 992098, tzinfo=zoneinfo.ZoneInfo(key='Africa/Johannesburg')), 'follow_up_date': None, 'user_id': 3, 'company': <app.models.company.Company object at 0x000001578694AD50>}
2026-06-19 23:59:56,002 | DEBUG | app.api.applications | Route company: <app.models.company.Company object at 0x000001578694AD50>
2026-06-19 23:59:56,002 | DEBUG | app.api.applications | Route company_name: Company 0
2026-06-19 23:59:56,021 | DEBUG | app.services.application_service | Company Name: Company 1
2026-06-19 23:59:56,021 | DEBUG | app.services.application_service | Company Found: None
2026-06-19 23:59:56,029 | DEBUG | app.services.application_service | company CREATED: ID is 19, name=Company 1
2026-06-19 23:59:56,029 | DEBUG | app.services.application_service | FINAL APPLICATION DATA: {'role': 'Developer', 'status': <ApplicationStatus.APPLIED: 'applied'>, 'location': None, 'job_url': None, 'notes': None, 'company_id': 19, 'user_id': 3}
2026-06-19 23:59:56,029 | DEBUG | app.repos.application_repository | Repository application before add: <app.models.application.Application object at 0x000001578692AB90>
2026-06-19 23:59:56,029 | DEBUG | app.repos.application_repository | has company_name property: False
2026-06-19 23:59:56,032 | DEBUG | app.repos.application_repository | Repository application after refresh: <app.models.application.Application object at 0x000001578692AB90>
2026-06-19 23:59:56,032 | DEBUG | app.repos.application_repository | Company relation refresh after refresh: <app.models.company.Company object at 0x000001578692B690>
2026-06-19 23:59:56,032 | DEBUG | app.repos.application_repository | company name after refresh: Company 1
2026-06-19 23:59:56,032 | DEBUG | app.services.application_service | Application company ID: 19
2026-06-19 23:59:56,032 | DEBUG | app.services.application_service | Application name attr: Company 1
2026-06-19 23:59:56,032 | DEBUG | app.api.applications | Route result: <app.models.application.Application object at 0x000001578692AB90>
2026-06-19 23:59:56,032 | DEBUG | app.api.applications | Route result dictionary: {'_sa_instance_state': <sqlalchemy.orm.state.InstanceState object at 0x0000015786919610>, 'status': <ApplicationStatus.APPLIED: 'applied'>, 'created_at': datetime.datetime(2026, 6, 19, 21, 59, 56, 32436, tzinfo=zoneinfo.ZoneInfo(key='Africa/Johannesburg')), 'deadline': None, 'notes': None, 'company_id': 19, 'id': 19, 'role': 'Developer', 'location': None, 'job_url': None, 'updated_at': datetime.datetime(2026, 6, 19, 21, 59, 56, 32436, tzinfo=zoneinfo.ZoneInfo(key='Africa/Johannesburg')), 'follow_up_date': None, 'user_id': 3, 'company': <app.models.company.Company object at 0x000001578692B690>}
2026-06-19 23:59:56,032 | DEBUG | app.api.applications | Route company: <app.models.company.Company object at 0x000001578692B690>
2026-06-19 23:59:56,032 | DEBUG | app.api.applications | Route company_name: Company 1
2026-06-19 23:59:56,053 | DEBUG | app.services.application_service | Company Name: Company 2
2026-06-19 23:59:56,057 | DEBUG | app.services.application_service | Company Found: None
2026-06-19 23:59:56,067 | DEBUG | app.services.application_service | company CREATED: ID is 20, name=Company 2
2026-06-19 23:59:56,067 | DEBUG | app.services.application_service | FINAL APPLICATION DATA: {'role': 'Developer', 'status': <ApplicationStatus.APPLIED: 'applied'>, 'location': None, 'job_url': None, 'notes': None, 'company_id': 20, 'user_id': 3}
2026-06-19 23:59:56,067 | DEBUG | app.repos.application_repository | Repository application before add: <app.models.application.Application object at 0x000001578692AD10>
2026-06-19 23:59:56,067 | DEBUG | app.repos.application_repository | has company_name property: False
2026-06-19 23:59:56,067 | DEBUG | app.repos.application_repository | Repository application after refresh: <app.models.application.Application object at 0x000001578692AD10>
2026-06-19 23:59:56,079 | DEBUG | app.repos.application_repository | Company relation refresh after refresh: <app.models.company.Company object at 0x000001578692BF90>
2026-06-19 23:59:56,079 | DEBUG | app.repos.application_repository | company name after refresh: Company 2
2026-06-19 23:59:56,079 | DEBUG | app.services.application_service | Application company ID: 20
2026-06-19 23:59:56,079 | DEBUG | app.services.application_service | Application name attr: Company 2
2026-06-19 23:59:56,079 | DEBUG | app.api.applications | Route result: <app.models.application.Application object at 0x000001578692AD10>
2026-06-19 23:59:56,079 | DEBUG | app.api.applications | Route result dictionary: {'_sa_instance_state': <sqlalchemy.orm.state.InstanceState object at 0x0000015786918110>, 'status': <ApplicationStatus.APPLIED: 'applied'>, 'created_at': datetime.datetime(2026, 6, 19, 21, 59, 56, 67386, tzinfo=zoneinfo.ZoneInfo(key='Africa/Johannesburg')), 'deadline': None, 'notes': None, 'company_id': 20, 'id': 20, 'role': 'Developer', 'location': None, 'job_url': None, 'updated_at': datetime.datetime(2026, 6, 19, 21, 59, 56, 67386, tzinfo=zoneinfo.ZoneInfo(key='Africa/Johannesburg')), 'follow_up_date': None, 'user_id': 3, 'company': <app.models.company.Company object at 0x000001578692BF90>}
2026-06-19 23:59:56,079 | DEBUG | app.api.applications | Route company: <app.models.company.Company object at 0x000001578692BF90>
2026-06-19 23:59:56,081 | DEBUG | app.api.applications | Route company_name: Company 2
2026-06-19 23:59:56,098 | DEBUG | app.services.application_service | Company Name: Company 3
2026-06-19 23:59:56,101 | DEBUG | app.services.application_service | Company Found: None
2026-06-19 23:59:56,108 | DEBUG | app.services.application_service | company CREATED: ID is 21, name=Company 3
2026-06-19 23:59:56,108 | DEBUG | app.services.application_service | FINAL APPLICATION DATA: {'role': 'Developer', 'status': <ApplicationStatus.APPLIED: 'applied'>, 'location': None, 'job_url': None, 'notes': None, 'company_id': 21, 'user_id': 3}
2026-06-19 23:59:56,108 | DEBUG | app.repos.application_repository | Repository application before add: <app.models.application.Application object at 0x0000015786948E50>
2026-06-19 23:59:56,108 | DEBUG | app.repos.application_repository | has company_name property: False
2026-06-19 23:59:56,112 | DEBUG | app.repos.application_repository | Repository application after refresh: <app.models.application.Application object at 0x0000015786948E50>
2026-06-19 23:59:56,112 | DEBUG | app.repos.application_repository | Company relation refresh after refresh: <app.models.company.Company object at 0x0000015786942890>
2026-06-19 23:59:56,112 | DEBUG | app.repos.application_repository | company name after refresh: Company 3
2026-06-19 23:59:56,112 | DEBUG | app.services.application_service | Application company ID: 21
2026-06-19 23:59:56,112 | DEBUG | app.services.application_service | Application name attr: Company 3
2026-06-19 23:59:56,112 | DEBUG | app.api.applications | Route result: <app.models.application.Application object at 0x0000015786948E50>
2026-06-19 23:59:56,112 | DEBUG | app.api.applications | Route result dictionary: {'_sa_instance_state': <sqlalchemy.orm.state.InstanceState object at 0x000001578691A3F0>, 'status': <ApplicationStatus.APPLIED: 'applied'>, 'created_at': datetime.datetime(2026, 6, 19, 21, 59, 56, 108778, tzinfo=zoneinfo.ZoneInfo(key='Africa/Johannesburg')), 'deadline': None, 'notes': None, 'company_id': 21, 'id': 21, 'role': 'Developer', 'location': None, 'job_url': None, 'updated_at': datetime.datetime(2026, 6, 19, 21, 59, 56, 108778, tzinfo=zoneinfo.ZoneInfo(key='Africa/Johannesburg')), 'follow_up_date': None, 'user_id': 3, 'company': <app.models.company.Company object at 0x0000015786942890>}
2026-06-19 23:59:56,112 | DEBUG | app.api.applications | Route company: <app.models.company.Company object at 0x0000015786942890>
2026-06-19 23:59:56,112 | DEBUG | app.api.applications | Route company_name: Company 3
2026-06-19 23:59:56,132 | DEBUG | app.services.application_service | Company Name: Company 4
2026-06-19 23:59:56,132 | DEBUG | app.services.application_service | Company Found: None
2026-06-19 23:59:56,141 | DEBUG | app.services.application_service | company CREATED: ID is 22, name=Company 4
2026-06-19 23:59:56,145 | DEBUG | app.services.application_service | FINAL APPLICATION DATA: {'role': 'Developer', 'status': <ApplicationStatus.APPLIED: 'applied'>, 'location': None, 'job_url': None, 'notes': None, 'company_id': 22, 'user_id': 3}
2026-06-19 23:59:56,145 | DEBUG | app.repos.application_repository | Repository application before add: <app.models.application.Application object at 0x0000015786942950>
2026-06-19 23:59:56,145 | DEBUG | app.repos.application_repository | has company_name property: False
2026-06-19 23:59:56,148 | DEBUG | app.repos.application_repository | Repository application after refresh: <app.models.application.Application object at 0x0000015786942950>
2026-06-19 23:59:56,148 | DEBUG | app.repos.application_repository | Company relation refresh after refresh: <app.models.company.Company object at 0x000001578694B090>
2026-06-19 23:59:56,148 | DEBUG | app.repos.application_repository | company name after refresh: Company 4
2026-06-19 23:59:56,148 | DEBUG | app.services.application_service | Application company ID: 22
2026-06-19 23:59:56,148 | DEBUG | app.services.application_service | Application name attr: Company 4
2026-06-19 23:59:56,148 | DEBUG | app.api.applications | Route result: <app.models.application.Application object at 0x0000015786942950>
2026-06-19 23:59:56,148 | DEBUG | app.api.applications | Route result dictionary: {'_sa_instance_state': <sqlalchemy.orm.state.InstanceState object at 0x00000157869188F0>, 'status': <ApplicationStatus.APPLIED: 'applied'>, 'created_at': datetime.datetime(2026, 6, 19, 21, 59, 56, 146099, tzinfo=zoneinfo.ZoneInfo(key='Africa/Johannesburg')), 'deadline': None, 'notes': None, 'company_id': 22, 'id': 22, 'role': 'Developer', 'location': None, 'job_url': None, 'updated_at': datetime.datetime(2026, 6, 19, 21, 59, 56, 146099, tzinfo=zoneinfo.ZoneInfo(key='Africa/Johannesburg')), 'follow_up_date': None, 'user_id': 3, 'company': <app.models.company.Company object at 0x000001578694B090>}
2026-06-19 23:59:56,148 | DEBUG | app.api.applications | Route company: <app.models.company.Company object at 0x000001578694B090>
2026-06-19 23:59:56,148 | DEBUG | app.api.applications | Route company_name: Company 4
2026-06-19 23:59:56,165 | DEBUG | app.services.application_service | Company Name: Company 5
2026-06-19 23:59:56,165 | DEBUG | app.services.application_service | Company Found: None
2026-06-19 23:59:56,181 | DEBUG | app.services.application_service | company CREATED: ID is 23, name=Company 5
2026-06-19 23:59:56,181 | DEBUG | app.services.application_service | FINAL APPLICATION DATA: {'role': 'Developer', 'status': <ApplicationStatus.APPLIED: 'applied'>, 'location': None, 'job_url': None, 'notes': None, 'company_id': 23, 'user_id': 3}
2026-06-19 23:59:56,181 | DEBUG | app.repos.application_repository | Repository application before add: <app.models.application.Application object at 0x0000015786948A90>
2026-06-19 23:59:56,181 | DEBUG | app.repos.application_repository | has company_name property: False
2026-06-19 23:59:56,184 | DEBUG | app.repos.application_repository | Repository application after refresh: <app.models.application.Application object at 0x0000015786948A90>
2026-06-19 23:59:56,184 | DEBUG | app.repos.application_repository | Company relation refresh after refresh: <app.models.company.Company object at 0x00000157868FA2D0>
2026-06-19 23:59:56,184 | DEBUG | app.repos.application_repository | company name after refresh: Company 5
2026-06-19 23:59:56,184 | DEBUG | app.services.application_service | Application company ID: 23
2026-06-19 23:59:56,184 | DEBUG | app.services.application_service | Application name attr: Company 5
2026-06-19 23:59:56,184 | DEBUG | app.api.applications | Route result: <app.models.application.Application object at 0x0000015786948A90>
2026-06-19 23:59:56,184 | DEBUG | app.api.applications | Route result dictionary: {'_sa_instance_state': <sqlalchemy.orm.state.InstanceState object at 0x000001578691AA50>, 'status': <ApplicationStatus.APPLIED: 'applied'>, 'created_at': datetime.datetime(2026, 6, 19, 21, 59, 56, 184653, tzinfo=zoneinfo.ZoneInfo(key='Africa/Johannesburg')), 'deadline': None, 'notes': None, 'company_id': 23, 'id': 23, 'role': 'Developer', 'location': None, 'job_url': None, 'updated_at': datetime.datetime(2026, 6, 19, 21, 59, 56, 184653, tzinfo=zoneinfo.ZoneInfo(key='Africa/Johannesburg')), 'follow_up_date': None, 'user_id': 3, 'company': <app.models.company.Company object at 0x00000157868FA2D0>}
2026-06-19 23:59:56,184 | DEBUG | app.api.applications | Route company: <app.models.company.Company object at 0x00000157868FA2D0>
2026-06-19 23:59:56,184 | DEBUG | app.api.applications | Route company_name: Company 5
2026-06-19 23:59:56,198 | DEBUG | app.services.application_service | Company Name: Company 6
2026-06-19 23:59:56,212 | DEBUG | app.services.application_service | Company Found: None
2026-06-19 23:59:56,218 | DEBUG | app.services.application_service | company CREATED: ID is 24, name=Company 6
2026-06-19 23:59:56,218 | DEBUG | app.services.application_service | FINAL APPLICATION DATA: {'role': 'Developer', 'status': <ApplicationStatus.APPLIED: 'applied'>, 'location': None, 'job_url': None, 'notes': None, 'company_id': 24, 'user_id': 3}
2026-06-19 23:59:56,218 | DEBUG | app.repos.application_repository | Repository application before add: <app.models.application.Application object at 0x000001578694B410>
2026-06-19 23:59:56,218 | DEBUG | app.repos.application_repository | has company_name property: False
2026-06-19 23:59:56,222 | DEBUG | app.repos.application_repository | Repository application after refresh: <app.models.application.Application object at 0x000001578694B410>
2026-06-19 23:59:56,222 | DEBUG | app.repos.application_repository | Company relation refresh after refresh: <app.models.company.Company object at 0x0000015786949CD0>
2026-06-19 23:59:56,226 | DEBUG | app.repos.application_repository | company name after refresh: Company 6
2026-06-19 23:59:56,226 | DEBUG | app.services.application_service | Application company ID: 24
2026-06-19 23:59:56,226 | DEBUG | app.services.application_service | Application name attr: Company 6
2026-06-19 23:59:56,226 | DEBUG | app.api.applications | Route result: <app.models.application.Application object at 0x000001578694B410>
2026-06-19 23:59:56,226 | DEBUG | app.api.applications | Route result dictionary: {'_sa_instance_state': <sqlalchemy.orm.state.InstanceState object at 0x0000015786918890>, 'status': <ApplicationStatus.APPLIED: 'applied'>, 'created_at': datetime.datetime(2026, 6, 19, 21, 59, 56, 218460, tzinfo=zoneinfo.ZoneInfo(key='Africa/Johannesburg')), 'deadline': None, 'notes': None, 'company_id': 24, 'id': 24, 'role': 'Developer', 'location': None, 'job_url': None, 'updated_at': datetime.datetime(2026, 6, 19, 21, 59, 56, 218460, tzinfo=zoneinfo.ZoneInfo(key='Africa/Johannesburg')), 'follow_up_date': None, 'user_id': 3, 'company': <app.models.company.Company object at 0x0000015786949CD0>}
2026-06-19 23:59:56,226 | DEBUG | app.api.applications | Route company: <app.models.company.Company object at 0x0000015786949CD0>
2026-06-19 23:59:56,226 | DEBUG | app.api.applications | Route company_name: Company 6
2026-06-19 23:59:56,246 | DEBUG | app.services.application_service | Company Name: Company 7
2026-06-19 23:59:56,249 | DEBUG | app.services.application_service | Company Found: None
2026-06-19 23:59:56,251 | DEBUG | app.services.application_service | company CREATED: ID is 25, name=Company 7
2026-06-19 23:59:56,251 | DEBUG | app.services.application_service | FINAL APPLICATION DATA: {'role': 'Developer', 'status': <ApplicationStatus.APPLIED: 'applied'>, 'location': None, 'job_url': None, 'notes': None, 'company_id': 25, 'user_id': 3}
2026-06-19 23:59:56,251 | DEBUG | app.repos.application_repository | Repository application before add: <app.models.application.Application object at 0x0000015786983910>
2026-06-19 23:59:56,251 | DEBUG | app.repos.application_repository | has company_name property: False
2026-06-19 23:59:56,264 | DEBUG | app.repos.application_repository | Repository application after refresh: <app.models.application.Application object at 0x0000015786983910>
2026-06-19 23:59:56,264 | DEBUG | app.repos.application_repository | Company relation refresh after refresh: <app.models.company.Company object at 0x000001578692B850>
2026-06-19 23:59:56,264 | DEBUG | app.repos.application_repository | company name after refresh: Company 7
2026-06-19 23:59:56,264 | DEBUG | app.services.application_service | Application company ID: 25
2026-06-19 23:59:56,264 | DEBUG | app.services.application_service | Application name attr: Company 7
2026-06-19 23:59:56,264 | DEBUG | app.api.applications | Route result: <app.models.application.Application object at 0x0000015786983910>
2026-06-19 23:59:56,264 | DEBUG | app.api.applications | Route result dictionary: {'_sa_instance_state': <sqlalchemy.orm.state.InstanceState object at 0x000001578691A870>, 'status': <ApplicationStatus.APPLIED: 'applied'>, 'created_at': datetime.datetime(2026, 6, 19, 21, 59, 56, 251603, tzinfo=zoneinfo.ZoneInfo(key='Africa/Johannesburg')), 'deadline': None, 'notes': None, 'company_id': 25, 'id': 25, 'role': 'Developer', 'location': None, 'job_url': None, 'updated_at': datetime.datetime(2026, 6, 19, 21, 59, 56, 251603, tzinfo=zoneinfo.ZoneInfo(key='Africa/Johannesburg')), 'follow_up_date': None, 'user_id': 3, 'company': <app.models.company.Company object at 0x000001578692B850>}
2026-06-19 23:59:56,264 | DEBUG | app.api.applications | Route company: <app.models.company.Company object at 0x000001578692B850>
2026-06-19 23:59:56,264 | DEBUG | app.api.applications | Route company_name: Company 7
2026-06-19 23:59:56,283 | DEBUG | app.services.application_service | Company Name: Company 8
2026-06-19 23:59:56,283 | DEBUG | app.services.application_service | Company Found: None
2026-06-19 23:59:56,283 | DEBUG | app.services.application_service | company CREATED: ID is 26, name=Company 8
2026-06-19 23:59:56,283 | DEBUG | app.services.application_service | FINAL APPLICATION DATA: {'role': 'Developer', 'status': <ApplicationStatus.APPLIED: 'applied'>, 'location': None, 'job_url': None, 'notes': None, 'company_id': 26, 'user_id': 3}
2026-06-19 23:59:56,283 | DEBUG | app.repos.application_repository | Repository application before add: <app.models.application.Application object at 0x0000015786949A90>
2026-06-19 23:59:56,283 | DEBUG | app.repos.application_repository | has company_name property: False
2026-06-19 23:59:56,299 | DEBUG | app.repos.application_repository | Repository application after refresh: <app.models.application.Application object at 0x0000015786949A90>
2026-06-19 23:59:56,299 | DEBUG | app.repos.application_repository | Company relation refresh after refresh: <app.models.company.Company object at 0x00000157869805D0>
2026-06-19 23:59:56,299 | DEBUG | app.repos.application_repository | company name after refresh: Company 8
2026-06-19 23:59:56,299 | DEBUG | app.services.application_service | Application company ID: 26
2026-06-19 23:59:56,299 | DEBUG | app.services.application_service | Application name attr: Company 8
2026-06-19 23:59:56,299 | DEBUG | app.api.applications | Route result: <app.models.application.Application object at 0x0000015786949A90>
2026-06-19 23:59:56,299 | DEBUG | app.api.applications | Route result dictionary: {'_sa_instance_state': <sqlalchemy.orm.state.InstanceState object at 0x000001578691AB10>, 'status': <ApplicationStatus.APPLIED: 'applied'>, 'created_at': datetime.datetime(2026, 6, 19, 21, 59, 56, 293499, tzinfo=zoneinfo.ZoneInfo(key='Africa/Johannesburg')), 'deadline': None, 'notes': None, 'company_id': 26, 'id': 26, 'role': 'Developer', 'location': None, 'job_url': None, 'updated_at': datetime.datetime(2026, 6, 19, 21, 59, 56, 293499, tzinfo=zoneinfo.ZoneInfo(key='Africa/Johannesburg')), 'follow_up_date': None, 'user_id': 3, 'company': <app.models.company.Company object at 0x00000157869805D0>}
2026-06-19 23:59:56,299 | DEBUG | app.api.applications | Route company: <app.models.company.Company object at 0x00000157869805D0>
2026-06-19 23:59:56,299 | DEBUG | app.api.applications | Route company_name: Company 8
2026-06-19 23:59:56,312 | DEBUG | app.services.application_service | Company Name: Company 9
2026-06-19 23:59:56,312 | DEBUG | app.services.application_service | Company Found: None
2026-06-19 23:59:56,331 | DEBUG | app.services.application_service | company CREATED: ID is 27, name=Company 9
2026-06-19 23:59:56,331 | DEBUG | app.services.application_service | FINAL APPLICATION DATA: {'role': 'Developer', 'status': <ApplicationStatus.APPLIED: 'applied'>, 'location': None, 'job_url': None, 'notes': None, 'company_id': 27, 'user_id': 3}
2026-06-19 23:59:56,333 | DEBUG | app.repos.application_repository | Repository application before add: <app.models.application.Application object at 0x00000157869483D0>
2026-06-19 23:59:56,333 | DEBUG | app.repos.application_repository | has company_name property: False
2026-06-19 23:59:56,333 | DEBUG | app.repos.application_repository | Repository application after refresh: <app.models.application.Application object at 0x00000157869483D0>
2026-06-19 23:59:56,341 | DEBUG | app.repos.application_repository | Company relation refresh after refresh: <app.models.company.Company object at 0x00000157869819D0>
2026-06-19 23:59:56,341 | DEBUG | app.repos.application_repository | company name after refresh: Company 9
2026-06-19 23:59:56,341 | DEBUG | app.services.application_service | Application company ID: 27
2026-06-19 23:59:56,341 | DEBUG | app.services.application_service | Application name attr: Company 9
2026-06-19 23:59:56,341 | DEBUG | app.api.applications | Route result: <app.models.application.Application object at 0x00000157869483D0>
2026-06-19 23:59:56,341 | DEBUG | app.api.applications | Route result dictionary: {'_sa_instance_state': <sqlalchemy.orm.state.InstanceState object at 0x000001578691AAB0>, 'status': <ApplicationStatus.APPLIED: 'applied'>, 'created_at': datetime.datetime(2026, 6, 19, 21, 59, 56, 333588, tzinfo=zoneinfo.ZoneInfo(key='Africa/Johannesburg')), 'deadline': None, 'notes': None, 'company_id': 27, 'id': 27, 'role': 'Developer', 'location': None, 'job_url': None, 'updated_at': datetime.datetime(2026, 6, 19, 21, 59, 56, 333588, tzinfo=zoneinfo.ZoneInfo(key='Africa/Johannesburg')), 'follow_up_date': None, 'user_id': 3, 'company': <app.models.company.Company object at 0x00000157869819D0>}
2026-06-19 23:59:56,341 | DEBUG | app.api.applications | Route company: <app.models.company.Company object at 0x00000157869819D0>
2026-06-19 23:59:56,341 | DEBUG | app.api.applications | Route company_name: Company 9
2026-06-19 23:59:56,357 | DEBUG | app.services.application_service | Company Name: Company 10
2026-06-19 23:59:56,364 | DEBUG | app.services.application_service | Company Found: None
2026-06-19 23:59:56,369 | DEBUG | app.services.application_service | company CREATED: ID is 28, name=Company 10
2026-06-19 23:59:56,369 | DEBUG | app.services.application_service | FINAL APPLICATION DATA: {'role': 'Developer', 'status': <ApplicationStatus.APPLIED: 'applied'>, 'location': None, 'job_url': None, 'notes': None, 'company_id': 28, 'user_id': 3}
2026-06-19 23:59:56,369 | DEBUG | app.repos.application_repository | Repository application before add: <app.models.application.Application object at 0x000001578692B850>
2026-06-19 23:59:56,369 | DEBUG | app.repos.application_repository | has company_name property: False
2026-06-19 23:59:56,378 | DEBUG | app.repos.application_repository | Repository application after refresh: <app.models.application.Application object at 0x000001578692B850>
2026-06-19 23:59:56,381 | DEBUG | app.repos.application_repository | Company relation refresh after refresh: <app.models.company.Company object at 0x000001578694A250>
2026-06-19 23:59:56,381 | DEBUG | app.repos.application_repository | company name after refresh: Company 10
2026-06-19 23:59:56,381 | DEBUG | app.services.application_service | Application company ID: 28
2026-06-19 23:59:56,381 | DEBUG | app.services.application_service | Application name attr: Company 10
2026-06-19 23:59:56,381 | DEBUG | app.api.applications | Route result: <app.models.application.Application object at 0x000001578692B850>
2026-06-19 23:59:56,381 | DEBUG | app.api.applications | Route result dictionary: {'_sa_instance_state': <sqlalchemy.orm.state.InstanceState object at 0x000001578691B110>, 'status': <ApplicationStatus.APPLIED: 'applied'>, 'created_at': datetime.datetime(2026, 6, 19, 21, 59, 56, 369129, tzinfo=zoneinfo.ZoneInfo(key='Africa/Johannesburg')), 'deadline': None, 'notes': None, 'company_id': 28, 'id': 28, 'role': 'Developer', 'location': None, 'job_url': None, 'updated_at': datetime.datetime(2026, 6, 19, 21, 59, 56, 369129, tzinfo=zoneinfo.ZoneInfo(key='Africa/Johannesburg')), 'follow_up_date': None, 'user_id': 3, 'company': <app.models.company.Company object at 0x000001578694A250>}
2026-06-19 23:59:56,383 | DEBUG | app.api.applications | Route company: <app.models.company.Company object at 0x000001578694A250>
2026-06-19 23:59:56,383 | DEBUG | app.api.applications | Route company_name: Company 10
2026-06-19 23:59:56,399 | DEBUG | app.services.application_service | Company Name: Company 11
2026-06-19 23:59:56,399 | DEBUG | app.services.application_service | Company Found: None
2026-06-19 23:59:56,409 | DEBUG | app.services.application_service | company CREATED: ID is 29, name=Company 11
2026-06-19 23:59:56,409 | DEBUG | app.services.application_service | FINAL APPLICATION DATA: {'role': 'Developer', 'status': <ApplicationStatus.APPLIED: 'applied'>, 'location': None, 'job_url': None, 'notes': None, 'company_id': 29, 'user_id': 3}
2026-06-19 23:59:56,409 | DEBUG | app.repos.application_repository | Repository application before add: <app.models.application.Application object at 0x000001578695C210>
2026-06-19 23:59:56,409 | DEBUG | app.repos.application_repository | has company_name property: False
2026-06-19 23:59:56,414 | DEBUG | app.repos.application_repository | Repository application after refresh: <app.models.application.Application object at 0x000001578695C210>
2026-06-19 23:59:56,414 | DEBUG | app.repos.application_repository | Company relation refresh after refresh: <app.models.company.Company object at 0x0000015786948D10>
2026-06-19 23:59:56,414 | DEBUG | app.repos.application_repository | company name after refresh: Company 11
2026-06-19 23:59:56,414 | DEBUG | app.services.application_service | Application company ID: 29
2026-06-19 23:59:56,414 | DEBUG | app.services.application_service | Application name attr: Company 11
2026-06-19 23:59:56,414 | DEBUG | app.api.applications | Route result: <app.models.application.Application object at 0x000001578695C210>
2026-06-19 23:59:56,414 | DEBUG | app.api.applications | Route result dictionary: {'_sa_instance_state': <sqlalchemy.orm.state.InstanceState object at 0x000001578691B0B0>, 'status': <ApplicationStatus.APPLIED: 'applied'>, 'created_at': datetime.datetime(2026, 6, 19, 21, 59, 56, 411565, tzinfo=zoneinfo.ZoneInfo(key='Africa/Johannesburg')), 'deadline': None, 'notes': None, 'company_id': 29, 'id': 29, 'role': 'Developer', 'location': None, 'job_url': None, 'updated_at': datetime.datetime(2026, 6, 19, 21, 59, 56, 411565, tzinfo=zoneinfo.ZoneInfo(key='Africa/Johannesburg')), 'follow_up_date': None, 'user_id': 3, 'company': <app.models.company.Company object at 0x0000015786948D10>}
2026-06-19 23:59:56,414 | DEBUG | app.api.applications | Route company: <app.models.company.Company object at 0x0000015786948D10>
2026-06-19 23:59:56,414 | DEBUG | app.api.applications | Route company_name: Company 11
2026-06-19 23:59:56,431 | DEBUG | app.services.application_service | Company Name: Company 12
2026-06-19 23:59:56,440 | DEBUG | app.services.application_service | Company Found: None
2026-06-19 23:59:56,447 | DEBUG | app.services.application_service | company CREATED: ID is 30, name=Company 12
2026-06-19 23:59:56,447 | DEBUG | app.services.application_service | FINAL APPLICATION DATA: {'role': 'Developer', 'status': <ApplicationStatus.APPLIED: 'applied'>, 'location': None, 'job_url': None, 'notes': None, 'company_id': 30, 'user_id': 3}
2026-06-19 23:59:56,447 | DEBUG | app.repos.application_repository | Repository application before add: <app.models.application.Application object at 0x000001578695CE10>
2026-06-19 23:59:56,447 | DEBUG | app.repos.application_repository | has company_name property: False
2026-06-19 23:59:56,456 | DEBUG | app.repos.application_repository | Repository application after refresh: <app.models.application.Application object at 0x000001578695CE10>
2026-06-19 23:59:56,457 | DEBUG | app.repos.application_repository | Company relation refresh after refresh: <app.models.company.Company object at 0x000001578695D090>
2026-06-19 23:59:56,457 | DEBUG | app.repos.application_repository | company name after refresh: Company 12
2026-06-19 23:59:56,457 | DEBUG | app.services.application_service | Application company ID: 30
2026-06-19 23:59:56,457 | DEBUG | app.services.application_service | Application name attr: Company 12
2026-06-19 23:59:56,457 | DEBUG | app.api.applications | Route result: <app.models.application.Application object at 0x000001578695CE10>
2026-06-19 23:59:56,457 | DEBUG | app.api.applications | Route result dictionary: {'_sa_instance_state': <sqlalchemy.orm.state.InstanceState object at 0x000001578691AE70>, 'status': <ApplicationStatus.APPLIED: 'applied'>, 'created_at': datetime.datetime(2026, 6, 19, 21, 59, 56, 447767, tzinfo=zoneinfo.ZoneInfo(key='Africa/Johannesburg')), 'deadline': None, 'notes': None, 'company_id': 30, 'id': 30, 'role': 'Developer', 'location': None, 'job_url': None, 'updated_at': datetime.datetime(2026, 6, 19, 21, 59, 56, 447767, tzinfo=zoneinfo.ZoneInfo(key='Africa/Johannesburg')), 'follow_up_date': None, 'user_id': 3, 'company': <app.models.company.Company object at 0x000001578695D090>}
2026-06-19 23:59:56,457 | DEBUG | app.api.applications | Route company: <app.models.company.Company object at 0x000001578695D090>
2026-06-19 23:59:56,457 | DEBUG | app.api.applications | Route company_name: Company 12
2026-06-19 23:59:56,465 | DEBUG | app.services.application_service | Company Name: Company 13
2026-06-19 23:59:56,481 | DEBUG | app.services.application_service | Company Found: None
2026-06-19 23:59:56,481 | DEBUG | app.services.application_service | company CREATED: ID is 31, name=Company 13
2026-06-19 23:59:56,481 | DEBUG | app.services.application_service | FINAL APPLICATION DATA: {'role': 'Developer', 'status': <ApplicationStatus.APPLIED: 'applied'>, 'location': None, 'job_url': None, 'notes': None, 'company_id': 31, 'user_id': 3}
2026-06-19 23:59:56,481 | DEBUG | app.repos.application_repository | Repository application before add: <app.models.application.Application object at 0x00000157868D76D0>
2026-06-19 23:59:56,481 | DEBUG | app.repos.application_repository | has company_name property: False
2026-06-19 23:59:56,481 | DEBUG | app.repos.application_repository | Repository application after refresh: <app.models.application.Application object at 0x00000157868D76D0>
2026-06-19 23:59:56,495 | DEBUG | app.repos.application_repository | Company relation refresh after refresh: <app.models.company.Company object at 0x000001578639E150>
2026-06-19 23:59:56,495 | DEBUG | app.repos.application_repository | company name after refresh: Company 13
2026-06-19 23:59:56,495 | DEBUG | app.services.application_service | Application company ID: 31
2026-06-19 23:59:56,495 | DEBUG | app.services.application_service | Application name attr: Company 13
2026-06-19 23:59:56,497 | DEBUG | app.api.applications | Route result: <app.models.application.Application object at 0x00000157868D76D0>
2026-06-19 23:59:56,497 | DEBUG | app.api.applications | Route result dictionary: {'_sa_instance_state': <sqlalchemy.orm.state.InstanceState object at 0x000001578691AC30>, 'status': <ApplicationStatus.APPLIED: 'applied'>, 'created_at': datetime.datetime(2026, 6, 19, 21, 59, 56, 481147, tzinfo=zoneinfo.ZoneInfo(key='Africa/Johannesburg')), 'deadline': None, 'notes': None, 'company_id': 31, 'id': 31, 'role': 'Developer', 'location': None, 'job_url': None, 'updated_at': datetime.datetime(2026, 6, 19, 21, 59, 56, 481147, tzinfo=zoneinfo.ZoneInfo(key='Africa/Johannesburg')), 'follow_up_date': None, 'user_id': 3, 'company': <app.models.company.Company object at 0x000001578639E150>}
2026-06-19 23:59:56,497 | DEBUG | app.api.applications | Route company: <app.models.company.Company object at 0x000001578639E150>
2026-06-19 23:59:56,497 | DEBUG | app.api.applications | Route company_name: Company 13
2026-06-19 23:59:56,512 | DEBUG | app.services.application_service | Company Name: Company 14
2026-06-19 23:59:56,514 | DEBUG | app.services.application_service | Company Found: None
2026-06-19 23:59:56,514 | DEBUG | app.services.application_service | company CREATED: ID is 32, name=Company 14
2026-06-19 23:59:56,514 | DEBUG | app.services.application_service | FINAL APPLICATION DATA: {'role': 'Developer', 'status': <ApplicationStatus.APPLIED: 'applied'>, 'location': None, 'job_url': None, 'notes': None, 'company_id': 32, 'user_id': 3}
2026-06-19 23:59:56,514 | DEBUG | app.repos.application_repository | Repository application before add: <app.models.application.Application object at 0x0000015786997810>
2026-06-19 23:59:56,514 | DEBUG | app.repos.application_repository | has company_name property: False
2026-06-19 23:59:56,525 | DEBUG | app.repos.application_repository | Repository application after refresh: <app.models.application.Application object at 0x0000015786997810>
2026-06-19 23:59:56,531 | DEBUG | app.repos.application_repository | Company relation refresh after refresh: <app.models.company.Company object at 0x000001578695F290>
2026-06-19 23:59:56,531 | DEBUG | app.repos.application_repository | company name after refresh: Company 14
2026-06-19 23:59:56,531 | DEBUG | app.services.application_service | Application company ID: 32
2026-06-19 23:59:56,531 | DEBUG | app.services.application_service | Application name attr: Company 14
2026-06-19 23:59:56,531 | DEBUG | app.api.applications | Route result: <app.models.application.Application object at 0x0000015786997810>
2026-06-19 23:59:56,531 | DEBUG | app.api.applications | Route result dictionary: {'_sa_instance_state': <sqlalchemy.orm.state.InstanceState object at 0x000001578691BEF0>, 'status': <ApplicationStatus.APPLIED: 'applied'>, 'created_at': datetime.datetime(2026, 6, 19, 21, 59, 56, 514370, tzinfo=zoneinfo.ZoneInfo(key='Africa/Johannesburg')), 'deadline': None, 'notes': None, 'company_id': 32, 'id': 32, 'role': 'Developer', 'location': None, 'job_url': None, 'updated_at': datetime.datetime(2026, 6, 19, 21, 59, 56, 514370, tzinfo=zoneinfo.ZoneInfo(key='Africa/Johannesburg')), 'follow_up_date': None, 'user_id': 3, 'company': <app.models.company.Company object at 0x000001578695F290>}
2026-06-19 23:59:56,531 | DEBUG | app.api.applications | Route company: <app.models.company.Company object at 0x000001578695F290>
2026-06-19 23:59:56,531 | DEBUG | app.api.applications | Route company_name: Company 14
2026-06-19 23:59:57,313 | DEBUG | app.services.application_service | Company Name: Google
2026-06-19 23:59:57,313 | DEBUG | app.services.application_service | Company Found: None
2026-06-19 23:59:57,323 | DEBUG | app.services.application_service | company CREATED: ID is 33, name=Google
2026-06-19 23:59:57,323 | DEBUG | app.services.application_service | FINAL APPLICATION DATA: {'role': 'Back-End Engineer', 'status': <ApplicationStatus.APPLIED: 'applied'>, 'location': None, 'job_url': None, 'notes': None, 'company_id': 33, 'user_id': 4}
2026-06-19 23:59:57,323 | DEBUG | app.repos.application_repository | Repository application before add: <app.models.application.Application object at 0x0000015786982A90>
2026-06-19 23:59:57,323 | DEBUG | app.repos.application_repository | has company_name property: False
2026-06-19 23:59:57,331 | DEBUG | app.repos.application_repository | Repository application after refresh: <app.models.application.Application object at 0x0000015786982A90>
2026-06-19 23:59:57,331 | DEBUG | app.repos.application_repository | Company relation refresh after refresh: <app.models.company.Company object at 0x0000015786980490>
2026-06-19 23:59:57,331 | DEBUG | app.repos.application_repository | company name after refresh: Google
2026-06-19 23:59:57,331 | DEBUG | app.services.application_service | Application company ID: 33
2026-06-19 23:59:57,331 | DEBUG | app.services.application_service | Application name attr: Google
2026-06-19 23:59:57,331 | DEBUG | app.api.applications | Route result: <app.models.application.Application object at 0x0000015786982A90>
2026-06-19 23:59:57,331 | DEBUG | app.api.applications | Route result dictionary: {'_sa_instance_state': <sqlalchemy.orm.state.InstanceState object at 0x00000157869186B0>, 'status': <ApplicationStatus.APPLIED: 'applied'>, 'created_at': datetime.datetime(2026, 6, 19, 21, 59, 57, 325799, tzinfo=zoneinfo.ZoneInfo(key='Africa/Johannesburg')), 'deadline': None, 'notes': None, 'company_id': 33, 'id': 33, 'role': 'Back-End Engineer', 'location': None, 'job_url': None, 'updated_at': datetime.datetime(2026, 6, 19, 21, 59, 57, 325799, tzinfo=zoneinfo.ZoneInfo(key='Africa/Johannesburg')), 'follow_up_date': None, 'user_id': 4, 'company': <app.models.company.Company object at 0x0000015786980490>}
2026-06-19 23:59:57,331 | DEBUG | app.api.applications | Route company: <app.models.company.Company object at 0x0000015786980490>
2026-06-19 23:59:57,331 | DEBUG | app.api.applications | Route company_name: Google
2026-06-19 23:59:57,344 | DEBUG | app.services.application_service | Company Name: Rock Star Games
2026-06-19 23:59:57,355 | DEBUG | app.services.application_service | Company Found: None
2026-06-19 23:59:57,364 | DEBUG | app.services.application_service | company CREATED: ID is 34, name=Rock Star Games
2026-06-19 23:59:57,364 | DEBUG | app.services.application_service | FINAL APPLICATION DATA: {'role': 'Game Developer', 'status': <ApplicationStatus.APPLIED: 'applied'>, 'location': None, 'job_url': None, 'notes': None, 'company_id': 34, 'user_id': 4}
2026-06-19 23:59:57,364 | DEBUG | app.repos.application_repository | Repository application before add: <app.models.application.Application object at 0x0000015786941E50>
2026-06-19 23:59:57,364 | DEBUG | app.repos.application_repository | has company_name property: False
2026-06-19 23:59:57,366 | DEBUG | app.repos.application_repository | Repository application after refresh: <app.models.application.Application object at 0x0000015786941E50>
2026-06-19 23:59:57,366 | DEBUG | app.repos.application_repository | Company relation refresh after refresh: <app.models.company.Company object at 0x000001578639E150>
2026-06-19 23:59:57,366 | DEBUG | app.repos.application_repository | company name after refresh: Rock Star Games
2026-06-19 23:59:57,366 | DEBUG | app.services.application_service | Application company ID: 34
2026-06-19 23:59:57,366 | DEBUG | app.services.application_service | Application name attr: Rock Star Games
2026-06-19 23:59:57,366 | DEBUG | app.api.applications | Route result: <app.models.application.Application object at 0x0000015786941E50>
2026-06-19 23:59:57,366 | DEBUG | app.api.applications | Route result dictionary: {'_sa_instance_state': <sqlalchemy.orm.state.InstanceState object at 0x0000015786918110>, 'status': <ApplicationStatus.APPLIED: 'applied'>, 'created_at': datetime.datetime(2026, 6, 19, 21, 59, 57, 366933, tzinfo=zoneinfo.ZoneInfo(key='Africa/Johannesburg')), 'deadline': None, 'notes': None, 'company_id': 34, 'id': 34, 'role': 'Game Developer', 'location': None, 'job_url': None, 'updated_at': datetime.datetime(2026, 6, 19, 21, 59, 57, 366933, tzinfo=zoneinfo.ZoneInfo(key='Africa/Johannesburg')), 'follow_up_date': None, 'user_id': 4, 'company': <app.models.company.Company object at 0x000001578639E150>}
2026-06-19 23:59:57,366 | DEBUG | app.api.applications | Route company: <app.models.company.Company object at 0x000001578639E150>
2026-06-19 23:59:57,366 | DEBUG | app.api.applications | Route company_name: Rock Star Games
2026-06-19 23:59:57,393 | DEBUG | app.services.application_service | Company Name: Meta
2026-06-19 23:59:57,397 | DEBUG | app.services.application_service | Company Found: None
2026-06-19 23:59:57,405 | DEBUG | app.services.application_service | company CREATED: ID is 35, name=Meta
2026-06-19 23:59:57,405 | DEBUG | app.services.application_service | FINAL APPLICATION DATA: {'role': 'Marketing Manager', 'status': <ApplicationStatus.WISHLIST: 'wishlist'>, 'location': None, 'job_url': None, 'notes': None, 'company_id': 35, 'user_id': 4}
2026-06-19 23:59:57,405 | DEBUG | app.repos.application_repository | Repository application before add: <app.models.application.Application object at 0x0000015786981B50>
2026-06-19 23:59:57,405 | DEBUG | app.repos.application_repository | has company_name property: False
2026-06-19 23:59:57,413 | DEBUG | app.repos.application_repository | Repository application after refresh: <app.models.application.Application object at 0x0000015786981B50>
2026-06-19 23:59:57,415 | DEBUG | app.repos.application_repository | Company relation refresh after refresh: <app.models.company.Company object at 0x0000015786983650>
2026-06-19 23:59:57,415 | DEBUG | app.repos.application_repository | company name after refresh: Meta
2026-06-19 23:59:57,415 | DEBUG | app.services.application_service | Application company ID: 35
2026-06-19 23:59:57,415 | DEBUG | app.services.application_service | Application name attr: Meta
2026-06-19 23:59:57,415 | DEBUG | app.api.applications | Route result: <app.models.application.Application object at 0x0000015786981B50>
2026-06-19 23:59:57,415 | DEBUG | app.api.applications | Route result dictionary: {'_sa_instance_state': <sqlalchemy.orm.state.InstanceState object at 0x0000015786918110>, 'status': <ApplicationStatus.WISHLIST: 'wishlist'>, 'created_at': datetime.datetime(2026, 6, 19, 21, 59, 57, 405151, tzinfo=zoneinfo.ZoneInfo(key='Africa/Johannesburg')), 'deadline': None, 'notes': None, 'company_id': 35, 'id': 35, 'role': 'Marketing Manager', 'location': None, 'job_url': None, 'updated_at': datetime.datetime(2026, 6, 19, 21, 59, 57, 405151, tzinfo=zoneinfo.ZoneInfo(key='Africa/Johannesburg')), 'follow_up_date': None, 'user_id': 4, 'company': <app.models.company.Company object at 0x0000015786983650>}
2026-06-19 23:59:57,417 | DEBUG | app.api.applications | Route company: <app.models.company.Company object at 0x0000015786983650>
2026-06-19 23:59:57,417 | DEBUG | app.api.applications | Route company_name: Meta
2026-06-19 23:59:58,181 | DEBUG | app.services.application_service | Company Name: Apple iOS
2026-06-19 23:59:58,183 | DEBUG | app.services.application_service | Company Found: None
2026-06-19 23:59:58,189 | DEBUG | app.services.application_service | company CREATED: ID is 36, name=Apple iOS
2026-06-19 23:59:58,189 | DEBUG | app.services.application_service | FINAL APPLICATION DATA: {'role': 'Developer', 'status': <ApplicationStatus.APPLIED: 'applied'>, 'location': None, 'job_url': None, 'notes': None, 'company_id': 36, 'user_id': 5}
2026-06-19 23:59:58,189 | DEBUG | app.repos.application_repository | Repository application before add: <app.models.application.Application object at 0x00000157868D4790>
2026-06-19 23:59:58,189 | DEBUG | app.repos.application_repository | has company_name property: False
2026-06-19 23:59:58,197 | DEBUG | app.repos.application_repository | Repository application after refresh: <app.models.application.Application object at 0x00000157868D4790>
2026-06-19 23:59:58,201 | DEBUG | app.repos.application_repository | Company relation refresh after refresh: <app.models.company.Company object at 0x000001578640E050>
2026-06-19 23:59:58,201 | DEBUG | app.repos.application_repository | company name after refresh: Apple iOS
2026-06-19 23:59:58,201 | DEBUG | app.services.application_service | Application company ID: 36
2026-06-19 23:59:58,201 | DEBUG | app.services.application_service | Application name attr: Apple iOS
2026-06-19 23:59:58,201 | DEBUG | app.api.applications | Route result: <app.models.application.Application object at 0x00000157868D4790>
2026-06-19 23:59:58,201 | DEBUG | app.api.applications | Route result dictionary: {'_sa_instance_state': <sqlalchemy.orm.state.InstanceState object at 0x0000015786919490>, 'status': <ApplicationStatus.APPLIED: 'applied'>, 'created_at': datetime.datetime(2026, 6, 19, 21, 59, 58, 191650, tzinfo=zoneinfo.ZoneInfo(key='Africa/Johannesburg')), 'deadline': None, 'notes': None, 'company_id': 36, 'id': 36, 'role': 'Developer', 'location': None, 'job_url': None, 'updated_at': datetime.datetime(2026, 6, 19, 21, 59, 58, 191650, tzinfo=zoneinfo.ZoneInfo(key='Africa/Johannesburg')), 'follow_up_date': None, 'user_id': 5, 'company': <app.models.company.Company object at 0x000001578640E050>}
2026-06-19 23:59:58,201 | DEBUG | app.api.applications | Route company: <app.models.company.Company object at 0x000001578640E050>
2026-06-19 23:59:58,201 | DEBUG | app.api.applications | Route company_name: Apple iOS
2026-06-20 00:00:00,230 | DEBUG | app.services.application_service | Company Name: Google
2026-06-20 00:00:00,238 | DEBUG | app.services.application_service | Company Found: None
2026-06-20 00:00:00,240 | DEBUG | app.services.application_service | company CREATED: ID is 37, name=Google
2026-06-20 00:00:00,240 | DEBUG | app.services.application_service | FINAL APPLICATION DATA: {'role': 'Developer', 'status': <ApplicationStatus.WISHLIST: 'wishlist'>, 'location': None, 'job_url': None, 'notes': None, 'company_id': 37, 'user_id': 5}
2026-06-20 00:00:00,240 | DEBUG | app.repos.application_repository | Repository application before add: <app.models.application.Application object at 0x00000157868A6710>
2026-06-20 00:00:00,240 | DEBUG | app.repos.application_repository | has company_name property: False
2026-06-20 00:00:00,264 | DEBUG | app.repos.application_repository | Repository application after refresh: <app.models.application.Application object at 0x00000157868A6710>
2026-06-20 00:00:00,270 | DEBUG | app.repos.application_repository | Company relation refresh after refresh: <app.models.company.Company object at 0x00000157868A7D50>
2026-06-20 00:00:00,274 | DEBUG | app.repos.application_repository | company name after refresh: Google
2026-06-20 00:00:00,274 | DEBUG | app.services.application_service | Application company ID: 37
2026-06-20 00:00:00,274 | DEBUG | app.services.application_service | Application name attr: Google
2026-06-20 00:00:00,274 | DEBUG | app.api.applications | Route result: <app.models.application.Application object at 0x00000157868A6710>
2026-06-20 00:00:00,276 | DEBUG | app.api.applications | Route result dictionary: {'_sa_instance_state': <sqlalchemy.orm.state.InstanceState object at 0x0000015786919490>, 'status': <ApplicationStatus.WISHLIST: 'wishlist'>, 'created_at': datetime.datetime(2026, 6, 19, 22, 0, 0, 240533, tzinfo=zoneinfo.ZoneInfo(key='Africa/Johannesburg')), 'deadline': None, 'notes': None, 'company_id': 37, 'id': 37, 'role': 'Developer', 'location': None, 'job_url': None, 'updated_at': datetime.datetime(2026, 6, 19, 22, 0, 0, 240533, tzinfo=zoneinfo.ZoneInfo(key='Africa/Johannesburg')), 'follow_up_date': None, 'user_id': 5, 'company': <app.models.company.Company object at 0x00000157868A7D50>}
2026-06-20 00:00:00,276 | DEBUG | app.api.applications | Route company: <app.models.company.Company object at 0x00000157868A7D50>
2026-06-20 00:00:00,276 | DEBUG | app.api.applications | Route company_name: Google
2026-06-20 00:00:01,042 | DEBUG | app.services.application_service | Company Name: Google
2026-06-20 00:00:01,042 | DEBUG | app.services.application_service | Company Found: None
2026-06-20 00:00:01,042 | DEBUG | app.services.application_service | company CREATED: ID is 38, name=Google
2026-06-20 00:00:01,042 | DEBUG | app.services.application_service | FINAL APPLICATION DATA: {'role': 'Software Developer', 'status': <ApplicationStatus.APPLIED: 'applied'>, 'location': 'Remote', 'job_url': 'https://example.com/job', 'notes': 'Dream job', 'company_id': 38, 'user_id': 6}
2026-06-20 00:00:01,042 | DEBUG | app.repos.application_repository | Repository application before add: <app.models.application.Application object at 0x000001578695F350>
2026-06-20 00:00:01,042 | DEBUG | app.repos.application_repository | has company_name property: False
2026-06-20 00:00:01,059 | DEBUG | app.repos.application_repository | Repository application after refresh: <app.models.application.Application object at 0x000001578695F350>
2026-06-20 00:00:01,062 | DEBUG | app.repos.application_repository | Company relation refresh after refresh: <app.models.company.Company object at 0x000001578695C210>
2026-06-20 00:00:01,062 | DEBUG | app.repos.application_repository | company name after refresh: Google
2026-06-20 00:00:01,062 | DEBUG | app.services.application_service | Application company ID: 38
2026-06-20 00:00:01,062 | DEBUG | app.services.application_service | Application name attr: Google
2026-06-20 00:00:01,062 | DEBUG | app.api.applications | Route result: <app.models.application.Application object at 0x000001578695F350>
2026-06-20 00:00:01,062 | DEBUG | app.api.applications | Route result dictionary: {'_sa_instance_state': <sqlalchemy.orm.state.InstanceState object at 0x000001578691BE90>, 'status': <ApplicationStatus.APPLIED: 'applied'>, 'created_at': datetime.datetime(2026, 6, 19, 22, 0, 1, 42582, tzinfo=zoneinfo.ZoneInfo(key='Africa/Johannesburg')), 'deadline': None, 'notes': 'Dream job', 'company_id': 38, 'id': 38, 'role': 'Software Developer', 'location': 'Remote', 'job_url': 'https://example.com/job', 'updated_at': datetime.datetime(2026, 6, 19, 22, 0, 1, 42582, tzinfo=zoneinfo.ZoneInfo(key='Africa/Johannesburg')), 'follow_up_date': None, 'user_id': 6, 'company': <app.models.company.Company object at 0x000001578695C210>}
2026-06-20 00:00:01,062 | DEBUG | app.api.applications | Route company: <app.models.company.Company object at 0x000001578695C210>
2026-06-20 00:00:01,062 | DEBUG | app.api.applications | Route company_name: Google
2026-06-20 00:00:01,791 | DEBUG | app.services.application_service | Company Name: Microsoft
2026-06-20 00:00:01,791 | DEBUG | app.services.application_service | Company Found: None
2026-06-20 00:00:01,802 | DEBUG | app.services.application_service | company CREATED: ID is 39, name=Microsoft
2026-06-20 00:00:01,805 | DEBUG | app.services.application_service | FINAL APPLICATION DATA: {'role': 'Data Scientist', 'status': <ApplicationStatus.OFFER: 'offer'>, 'location': None, 'job_url': None, 'notes': None, 'company_id': 39, 'user_id': 7}
2026-06-20 00:00:01,805 | DEBUG | app.repos.application_repository | Repository application before add: <app.models.application.Application object at 0x0000015786496BD0>
2026-06-20 00:00:01,806 | DEBUG | app.repos.application_repository | has company_name property: False
2026-06-20 00:00:01,808 | DEBUG | app.repos.application_repository | Repository application after refresh: <app.models.application.Application object at 0x0000015786496BD0>
2026-06-20 00:00:01,813 | DEBUG | app.repos.application_repository | Company relation refresh after refresh: <app.models.company.Company object at 0x0000015786982E90>
2026-06-20 00:00:01,813 | DEBUG | app.repos.application_repository | company name after refresh: Microsoft
2026-06-20 00:00:01,813 | DEBUG | app.services.application_service | Application company ID: 39
2026-06-20 00:00:01,813 | DEBUG | app.services.application_service | Application name attr: Microsoft
2026-06-20 00:00:01,816 | DEBUG | app.api.applications | Route result: <app.models.application.Application object at 0x0000015786496BD0>
2026-06-20 00:00:01,816 | DEBUG | app.api.applications | Route result dictionary: {'_sa_instance_state': <sqlalchemy.orm.state.InstanceState object at 0x000001578691A870>, 'status': <ApplicationStatus.OFFER: 'offer'>, 'created_at': datetime.datetime(2026, 6, 19, 22, 0, 1, 806109, tzinfo=zoneinfo.ZoneInfo(key='Africa/Johannesburg')), 'deadline': None, 'notes': None, 'company_id': 39, 'id': 39, 'role': 'Data Scientist', 'location': None, 'job_url': None, 'updated_at': datetime.datetime(2026, 6, 19, 22, 0, 1, 806109, tzinfo=zoneinfo.ZoneInfo(key='Africa/Johannesburg')), 'follow_up_date': None, 'user_id': 7, 'company': <app.models.company.Company object at 0x0000015786982E90>}
2026-06-20 00:00:01,816 | DEBUG | app.api.applications | Route company: <app.models.company.Company object at 0x0000015786982E90>
2026-06-20 00:00:01,816 | DEBUG | app.api.applications | Route company_name: Microsoft
2026-06-20 00:00:02,572 | DEBUG | app.services.application_service | Company Name: Amazon AWS
2026-06-20 00:00:02,572 | DEBUG | app.services.application_service | Company Found: None
2026-06-20 00:00:02,588 | DEBUG | app.services.application_service | company CREATED: ID is 40, name=Amazon AWS
2026-06-20 00:00:02,588 | DEBUG | app.services.application_service | FINAL APPLICATION DATA: {'role': 'Cloud Engineer', 'status': <ApplicationStatus.APPLIED: 'applied'>, 'location': None, 'job_url': None, 'notes': None, 'company_id': 40, 'user_id': 8}
2026-06-20 00:00:02,588 | DEBUG | app.repos.application_repository | Repository application before add: <app.models.application.Application object at 0x0000015786996390>
2026-06-20 00:00:02,590 | DEBUG | app.repos.application_repository | has company_name property: False
2026-06-20 00:00:02,590 | DEBUG | app.repos.application_repository | Repository application after refresh: <app.models.application.Application object at 0x0000015786996390>
2026-06-20 00:00:02,590 | DEBUG | app.repos.application_repository | Company relation refresh after refresh: <app.models.company.Company object at 0x0000015786997CD0>
2026-06-20 00:00:02,590 | DEBUG | app.repos.application_repository | company name after refresh: Amazon AWS
2026-06-20 00:00:02,590 | DEBUG | app.services.application_service | Application company ID: 40
2026-06-20 00:00:02,590 | DEBUG | app.services.application_service | Application name attr: Amazon AWS
2026-06-20 00:00:02,590 | DEBUG | app.api.applications | Route result: <app.models.application.Application object at 0x0000015786996390>
2026-06-20 00:00:02,599 | DEBUG | app.api.applications | Route result dictionary: {'_sa_instance_state': <sqlalchemy.orm.state.InstanceState object at 0x000001578691AE70>, 'status': <ApplicationStatus.APPLIED: 'applied'>, 'created_at': datetime.datetime(2026, 6, 19, 22, 0, 2, 590676, tzinfo=zoneinfo.ZoneInfo(key='Africa/Johannesburg')), 'deadline': None, 'notes': None, 'company_id': 40, 'id': 40, 'role': 'Cloud Engineer', 'location': None, 'job_url': None, 'updated_at': datetime.datetime(2026, 6, 19, 22, 0, 2, 590676, tzinfo=zoneinfo.ZoneInfo(key='Africa/Johannesburg')), 'follow_up_date': None, 'user_id': 8, 'company': <app.models.company.Company object at 0x0000015786997CD0>}
2026-06-20 00:00:02,599 | DEBUG | app.api.applications | Route company: <app.models.company.Company object at 0x0000015786997CD0>
2026-06-20 00:00:02,599 | DEBUG | app.api.applications | Route company_name: Amazon AWS
2026-06-20 00:00:03,383 | DEBUG | app.services.application_service | Company Name: Oracle
2026-06-20 00:00:03,390 | DEBUG | app.services.application_service | Company Found: None
2026-06-20 00:00:03,392 | DEBUG | app.services.application_service | company CREATED: ID is 41, name=Oracle
2026-06-20 00:00:03,392 | DEBUG | app.services.application_service | FINAL APPLICATION DATA: {'role': 'Database Manager', 'status': <ApplicationStatus.WISHLIST: 'wishlist'>, 'location': None, 'job_url': None, 'notes': None, 'company_id': 41, 'user_id': 9}
2026-06-20 00:00:03,392 | DEBUG | app.repos.application_repository | Repository application before add: <app.models.application.Application object at 0x0000015786997210>
2026-06-20 00:00:03,392 | DEBUG | app.repos.application_repository | has company_name property: False
2026-06-20 00:00:03,398 | DEBUG | app.repos.application_repository | Repository application after refresh: <app.models.application.Application object at 0x0000015786997210>
2026-06-20 00:00:03,406 | DEBUG | app.repos.application_repository | Company relation refresh after refresh: <app.models.company.Company object at 0x0000015786921E50>
2026-06-20 00:00:03,406 | DEBUG | app.repos.application_repository | company name after refresh: Oracle
2026-06-20 00:00:03,406 | DEBUG | app.services.application_service | Application company ID: 41
2026-06-20 00:00:03,406 | DEBUG | app.services.application_service | Application name attr: Oracle
2026-06-20 00:00:03,406 | DEBUG | app.api.applications | Route result: <app.models.application.Application object at 0x0000015786997210>
2026-06-20 00:00:03,406 | DEBUG | app.api.applications | Route result dictionary: {'_sa_instance_state': <sqlalchemy.orm.state.InstanceState object at 0x00000157869AC3B0>, 'status': <ApplicationStatus.WISHLIST: 'wishlist'>, 'created_at': datetime.datetime(2026, 6, 19, 22, 0, 3, 398107, tzinfo=zoneinfo.ZoneInfo(key='Africa/Johannesburg')), 'deadline': None, 'notes': None, 'company_id': 41, 'id': 41, 'role': 'Database Manager', 'location': None, 'job_url': None, 'updated_at': datetime.datetime(2026, 6, 19, 22, 0, 3, 398107, tzinfo=zoneinfo.ZoneInfo(key='Africa/Johannesburg')), 'follow_up_date': None, 'user_id': 9, 'company': <app.models.company.Company object at 0x0000015786921E50>}
2026-06-20 00:00:03,408 | DEBUG | app.api.applications | Route company: <app.models.company.Company object at 0x0000015786921E50>
2026-06-20 00:00:03,408 | DEBUG | app.api.applications | Route company_name: Oracle
2026-06-20 00:00:04,193 | DEBUG | app.services.application_service | Company Name: Codecademy
2026-06-20 00:00:04,193 | DEBUG | app.services.application_service | Company Found: None
2026-06-20 00:00:04,204 | DEBUG | app.services.application_service | company CREATED: ID is 42, name=Codecademy
2026-06-20 00:00:04,204 | DEBUG | app.services.application_service | FINAL APPLICATION DATA: {'role': 'Full-Stack Engineer', 'status': <ApplicationStatus.APPLIED: 'applied'>, 'location': None, 'job_url': None, 'notes': None, 'company_id': 42, 'user_id': 10}
2026-06-20 00:00:04,204 | DEBUG | app.repos.application_repository | Repository application before add: <app.models.application.Application object at 0x000001578699EB10>
2026-06-20 00:00:04,204 | DEBUG | app.repos.application_repository | has company_name property: False
2026-06-20 00:00:04,208 | DEBUG | app.repos.application_repository | Repository application after refresh: <app.models.application.Application object at 0x000001578699EB10>
2026-06-20 00:00:04,208 | DEBUG | app.repos.application_repository | Company relation refresh after refresh: <app.models.company.Company object at 0x00000157868A48D0>
2026-06-20 00:00:04,208 | DEBUG | app.repos.application_repository | company name after refresh: Codecademy
2026-06-20 00:00:04,208 | DEBUG | app.services.application_service | Application company ID: 42
2026-06-20 00:00:04,208 | DEBUG | app.services.application_service | Application name attr: Codecademy
2026-06-20 00:00:04,208 | DEBUG | app.api.applications | Route result: <app.models.application.Application object at 0x000001578699EB10>
2026-06-20 00:00:04,208 | DEBUG | app.api.applications | Route result dictionary: {'_sa_instance_state': <sqlalchemy.orm.state.InstanceState object at 0x00000157869AC770>, 'status': <ApplicationStatus.APPLIED: 'applied'>, 'created_at': datetime.datetime(2026, 6, 19, 22, 0, 4, 208295, tzinfo=zoneinfo.ZoneInfo(key='Africa/Johannesburg')), 'deadline': None, 'notes': None, 'company_id': 42, 'id': 42, 'role': 'Full-Stack Engineer', 'location': None, 'job_url': None, 'updated_at': datetime.datetime(2026, 6, 19, 22, 0, 4, 208295, tzinfo=zoneinfo.ZoneInfo(key='Africa/Johannesburg')), 'follow_up_date': None, 'user_id': 10, 'company': <app.models.company.Company object at 0x00000157868A48D0>}
2026-06-20 00:00:04,208 | DEBUG | app.api.applications | Route company: <app.models.company.Company object at 0x00000157868A48D0>
2026-06-20 00:00:04,208 | DEBUG | app.api.applications | Route company_name: Codecademy
2026-06-20 00:00:08,629 | DEBUG | app.services.application_service | Company Name: Test Company
2026-06-20 00:00:08,631 | DEBUG | app.services.application_service | Company Found: None
2026-06-20 00:00:08,637 | DEBUG | app.services.application_service | company CREATED: ID is 43, name=Test Company
2026-06-20 00:00:08,637 | DEBUG | app.services.application_service | FINAL APPLICATION DATA: {'role': 'Developer', 'status': <ApplicationStatus.WISHLIST: 'wishlist'>, 'location': None, 'job_url': None, 'notes': None, 'company_id': 43, 'user_id': 16}
2026-06-20 00:00:08,637 | DEBUG | app.repos.application_repository | Repository application before add: <app.models.application.Application object at 0x0000015786378BD0>
2026-06-20 00:00:08,637 | DEBUG | app.repos.application_repository | has company_name property: False
2026-06-20 00:00:08,641 | DEBUG | app.repos.application_repository | Repository application after refresh: <app.models.application.Application object at 0x0000015786378BD0>
2026-06-20 00:00:08,648 | DEBUG | app.repos.application_repository | Company relation refresh after refresh: <app.models.company.Company object at 0x0000015786997710>
2026-06-20 00:00:08,650 | DEBUG | app.repos.application_repository | company name after refresh: Test Company
2026-06-20 00:00:08,650 | DEBUG | app.services.application_service | Application company ID: 43
2026-06-20 00:00:08,650 | DEBUG | app.services.application_service | Application name attr: Test Company
2026-06-20 00:00:08,650 | DEBUG | app.api.applications | Route result: <app.models.application.Application object at 0x0000015786378BD0>
2026-06-20 00:00:08,650 | DEBUG | app.api.applications | Route result dictionary: {'_sa_instance_state': <sqlalchemy.orm.state.InstanceState object at 0x00000157869AD4F0>, 'status': <ApplicationStatus.WISHLIST: 'wishlist'>, 'created_at': datetime.datetime(2026, 6, 19, 22, 0, 8, 641027, tzinfo=zoneinfo.ZoneInfo(key='Africa/Johannesburg')), 'deadline': None, 'notes': None, 'company_id': 43, 'id': 43, 'role': 'Developer', 'location': None, 'job_url': None, 'updated_at': datetime.datetime(2026, 6, 19, 22, 0, 8, 641027, tzinfo=zoneinfo.ZoneInfo(key='Africa/Johannesburg')), 'follow_up_date': None, 'user_id': 16, 'company': <app.models.company.Company object at 0x0000015786997710>}
2026-06-20 00:00:08,650 | DEBUG | app.api.applications | Route company: <app.models.company.Company object at 0x0000015786997710>
2026-06-20 00:00:08,650 | DEBUG | app.api.applications | Route company_name: Test Company
2026-06-20 00:00:08,664 | DEBUG | app.services.application_service | Company Name: Test Company
2026-06-20 00:00:08,668 | DEBUG | app.services.application_service | Company Found: <app.models.company.Company object at 0x0000015786A549D0>
2026-06-20 00:00:08,668 | DEBUG | app.services.application_service | FINAL APPLICATION DATA: {'role': 'Developer', 'status': <ApplicationStatus.APPLIED: 'applied'>, 'location': None, 'job_url': None, 'notes': None, 'company_id': 43, 'user_id': 16}
2026-06-20 00:00:08,668 | DEBUG | app.repos.application_repository | Repository application before add: <app.models.application.Application object at 0x00000157869429D0>
2026-06-20 00:00:08,668 | DEBUG | app.repos.application_repository | has company_name property: False
2026-06-20 00:00:08,671 | DEBUG | app.repos.application_repository | Repository application after refresh: <app.models.application.Application object at 0x00000157869429D0>
2026-06-20 00:00:08,671 | DEBUG | app.repos.application_repository | Company relation refresh after refresh: <app.models.company.Company object at 0x0000015786A549D0>
2026-06-20 00:00:08,671 | DEBUG | app.repos.application_repository | company name after refresh: Test Company
2026-06-20 00:00:08,671 | DEBUG | app.services.application_service | Application company ID: 43
2026-06-20 00:00:08,671 | DEBUG | app.services.application_service | Application name attr: Test Company
2026-06-20 00:00:08,678 | DEBUG | app.api.applications | Route result: <app.models.application.Application object at 0x00000157869429D0>
2026-06-20 00:00:08,678 | DEBUG | app.api.applications | Route result dictionary: {'_sa_instance_state': <sqlalchemy.orm.state.InstanceState object at 0x00000157869AD4F0>, 'status': <ApplicationStatus.APPLIED: 'applied'>, 'created_at': datetime.datetime(2026, 6, 19, 22, 0, 8, 671281, tzinfo=zoneinfo.ZoneInfo(key='Africa/Johannesburg')), 'deadline': None, 'notes': None, 'company_id': 43, 'id': 44, 'role': 'Developer', 'location': None, 'job_url': None, 'updated_at': datetime.datetime(2026, 6, 19, 22, 0, 8, 671281, tzinfo=zoneinfo.ZoneInfo(key='Africa/Johannesburg')), 'follow_up_date': None, 'user_id': 16, 'company': <app.models.company.Company object at 0x0000015786A549D0>}
2026-06-20 00:00:08,678 | DEBUG | app.api.applications | Route company: <app.models.company.Company object at 0x0000015786A549D0>
2026-06-20 00:00:08,678 | DEBUG | app.api.applications | Route company_name: Test Company
2026-06-20 00:00:08,697 | DEBUG | app.services.application_service | Company Name: Test Company
2026-06-20 00:00:08,699 | DEBUG | app.services.application_service | Company Found: <app.models.company.Company object at 0x0000015786A48590>
2026-06-20 00:00:08,699 | DEBUG | app.services.application_service | FINAL APPLICATION DATA: {'role': 'Developer', 'status': <ApplicationStatus.INTERVIEW: 'interview'>, 'location': None, 'job_url': None, 'notes': None, 'company_id': 43, 'user_id': 16}
2026-06-20 00:00:08,699 | DEBUG | app.repos.application_repository | Repository application before add: <app.models.application.Application object at 0x0000015786997250>
2026-06-20 00:00:08,699 | DEBUG | app.repos.application_repository | has company_name property: False
2026-06-20 00:00:08,699 | DEBUG | app.repos.application_repository | Repository application after refresh: <app.models.application.Application object at 0x0000015786997250>
2026-06-20 00:00:08,699 | DEBUG | app.repos.application_repository | Company relation refresh after refresh: <app.models.company.Company object at 0x0000015786A48590>
2026-06-20 00:00:08,699 | DEBUG | app.repos.application_repository | company name after refresh: Test Company
2026-06-20 00:00:08,699 | DEBUG | app.services.application_service | Application company ID: 43
2026-06-20 00:00:08,699 | DEBUG | app.services.application_service | Application name attr: Test Company
2026-06-20 00:00:08,699 | DEBUG | app.api.applications | Route result: <app.models.application.Application object at 0x0000015786997250>
2026-06-20 00:00:08,699 | DEBUG | app.api.applications | Route result dictionary: {'_sa_instance_state': <sqlalchemy.orm.state.InstanceState object at 0x00000157869AD850>, 'status': <ApplicationStatus.INTERVIEW: 'interview'>, 'created_at': datetime.datetime(2026, 6, 19, 22, 0, 8, 699878, tzinfo=zoneinfo.ZoneInfo(key='Africa/Johannesburg')), 'deadline': None, 'notes': None, 'company_id': 43, 'id': 45, 'role': 'Developer', 'location': None, 'job_url': None, 'updated_at': datetime.datetime(2026, 6, 19, 22, 0, 8, 699878, tzinfo=zoneinfo.ZoneInfo(key='Africa/Johannesburg')), 'follow_up_date': None, 'user_id': 16, 'company': <app.models.company.Company object at 0x0000015786A48590>}
2026-06-20 00:00:08,699 | DEBUG | app.api.applications | Route company: <app.models.company.Company object at 0x0000015786A48590>
2026-06-20 00:00:08,699 | DEBUG | app.api.applications | Route company_name: Test Company
2026-06-20 00:00:08,723 | DEBUG | app.services.application_service | Company Name: Test Company
2026-06-20 00:00:08,728 | DEBUG | app.services.application_service | Company Found: <app.models.company.Company object at 0x0000015786A48B10>
2026-06-20 00:00:08,728 | DEBUG | app.services.application_service | FINAL APPLICATION DATA: {'role': 'Developer', 'status': <ApplicationStatus.APPLIED: 'applied'>, 'location': None, 'job_url': None, 'notes': None, 'company_id': 43, 'user_id': 16}
2026-06-20 00:00:08,728 | DEBUG | app.repos.application_repository | Repository application before add: <app.models.application.Application object at 0x000001578694BCD0>
2026-06-20 00:00:08,728 | DEBUG | app.repos.application_repository | has company_name property: False
2026-06-20 00:00:08,737 | DEBUG | app.repos.application_repository | Repository application after refresh: <app.models.application.Application object at 0x000001578694BCD0>
2026-06-20 00:00:08,739 | DEBUG | app.repos.application_repository | Company relation refresh after refresh: <app.models.company.Company object at 0x0000015786A48B10>
2026-06-20 00:00:08,739 | DEBUG | app.repos.application_repository | company name after refresh: Test Company
2026-06-20 00:00:08,739 | DEBUG | app.services.application_service | Application company ID: 43
2026-06-20 00:00:08,739 | DEBUG | app.services.application_service | Application name attr: Test Company
2026-06-20 00:00:08,739 | DEBUG | app.api.applications | Route result: <app.models.application.Application object at 0x000001578694BCD0>
2026-06-20 00:00:08,739 | DEBUG | app.api.applications | Route result dictionary: {'_sa_instance_state': <sqlalchemy.orm.state.InstanceState object at 0x00000157869ADAF0>, 'status': <ApplicationStatus.APPLIED: 'applied'>, 'created_at': datetime.datetime(2026, 6, 19, 22, 0, 8, 731189, tzinfo=zoneinfo.ZoneInfo(key='Africa/Johannesburg')), 'deadline': None, 'notes': None, 'company_id': 43, 'id': 46, 'role': 'Developer', 'location': None, 'job_url': None, 'updated_at': datetime.datetime(2026, 6, 19, 22, 0, 8, 731189, tzinfo=zoneinfo.ZoneInfo(key='Africa/Johannesburg')), 'follow_up_date': None, 'user_id': 16, 'company': <app.models.company.Company object at 0x0000015786A48B10>}
2026-06-20 00:00:08,739 | DEBUG | app.api.applications | Route company: <app.models.company.Company object at 0x0000015786A48B10>
2026-06-20 00:00:08,739 | DEBUG | app.api.applications | Route company_name: Test Company
2026-06-20 00:00:08,758 | DEBUG | app.services.application_service | Company Name: Test Company
2026-06-20 00:00:08,760 | DEBUG | app.services.application_service | Company Found: <app.models.company.Company object at 0x0000015786A49C50>
2026-06-20 00:00:08,760 | DEBUG | app.services.application_service | FINAL APPLICATION DATA: {'role': 'Developer', 'status': <ApplicationStatus.OFFER: 'offer'>, 'location': None, 'job_url': None, 'notes': None, 'company_id': 43, 'user_id': 16}
2026-06-20 00:00:08,760 | DEBUG | app.repos.application_repository | Repository application before add: <app.models.application.Application object at 0x000001578694B050>
2026-06-20 00:00:08,760 | DEBUG | app.repos.application_repository | has company_name property: False
2026-06-20 00:00:08,764 | DEBUG | app.repos.application_repository | Repository application after refresh: <app.models.application.Application object at 0x000001578694B050>
2026-06-20 00:00:08,764 | DEBUG | app.repos.application_repository | Company relation refresh after refresh: <app.models.company.Company object at 0x0000015786A49C50>
2026-06-20 00:00:08,764 | DEBUG | app.repos.application_repository | company name after refresh: Test Company
2026-06-20 00:00:08,764 | DEBUG | app.services.application_service | Application company ID: 43
2026-06-20 00:00:08,764 | DEBUG | app.services.application_service | Application name attr: Test Company
2026-06-20 00:00:08,764 | DEBUG | app.api.applications | Route result: <app.models.application.Application object at 0x000001578694B050>
2026-06-20 00:00:08,764 | DEBUG | app.api.applications | Route result dictionary: {'_sa_instance_state': <sqlalchemy.orm.state.InstanceState object at 0x00000157869ADD90>, 'status': <ApplicationStatus.OFFER: 'offer'>, 'created_at': datetime.datetime(2026, 6, 19, 22, 0, 8, 763645, tzinfo=zoneinfo.ZoneInfo(key='Africa/Johannesburg')), 'deadline': None, 'notes': None, 'company_id': 43, 'id': 47, 'role': 'Developer', 'location': None, 'job_url': None, 'updated_at': datetime.datetime(2026, 6, 19, 22, 0, 8, 763645, tzinfo=zoneinfo.ZoneInfo(key='Africa/Johannesburg')), 'follow_up_date': None, 'user_id': 16, 'company': <app.models.company.Company object at 0x0000015786A49C50>}
2026-06-20 00:00:08,764 | DEBUG | app.api.applications | Route company: <app.models.company.Company object at 0x0000015786A49C50>
2026-06-20 00:00:08,764 | DEBUG | app.api.applications | Route company_name: Test Company
2026-06-20 00:00:08,790 | DEBUG | app.services.application_service | Company Name: Test Company
2026-06-20 00:00:08,790 | DEBUG | app.services.application_service | Company Found: <app.models.company.Company object at 0x0000015786A486D0>
2026-06-20 00:00:08,790 | DEBUG | app.services.application_service | FINAL APPLICATION DATA: {'role': 'Developer', 'status': <ApplicationStatus.REJECTED: 'rejected'>, 'location': None, 'job_url': None, 'notes': None, 'company_id': 43, 'user_id': 16}
2026-06-20 00:00:08,790 | DEBUG | app.repos.application_repository | Repository application before add: <app.models.application.Application object at 0x0000015786941B50>
2026-06-20 00:00:08,790 | DEBUG | app.repos.application_repository | has company_name property: False
2026-06-20 00:00:08,799 | DEBUG | app.repos.application_repository | Repository application after refresh: <app.models.application.Application object at 0x0000015786941B50>
2026-06-20 00:00:08,799 | DEBUG | app.repos.application_repository | Company relation refresh after refresh: <app.models.company.Company object at 0x0000015786A486D0>
2026-06-20 00:00:08,799 | DEBUG | app.repos.application_repository | company name after refresh: Test Company
2026-06-20 00:00:08,799 | DEBUG | app.services.application_service | Application company ID: 43
2026-06-20 00:00:08,799 | DEBUG | app.services.application_service | Application name attr: Test Company
2026-06-20 00:00:08,799 | DEBUG | app.api.applications | Route result: <app.models.application.Application object at 0x0000015786941B50>
2026-06-20 00:00:08,799 | DEBUG | app.api.applications | Route result dictionary: {'_sa_instance_state': <sqlalchemy.orm.state.InstanceState object at 0x00000157869ADDF0>, 'status': <ApplicationStatus.REJECTED: 'rejected'>, 'created_at': datetime.datetime(2026, 6, 19, 22, 0, 8, 794206, tzinfo=zoneinfo.ZoneInfo(key='Africa/Johannesburg')), 'deadline': None, 'notes': None, 'company_id': 43, 'id': 48, 'role': 'Developer', 'location': None, 'job_url': None, 'updated_at': datetime.datetime(2026, 6, 19, 22, 0, 8, 794206, tzinfo=zoneinfo.ZoneInfo(key='Africa/Johannesburg')), 'follow_up_date': None, 'user_id': 16, 'company': <app.models.company.Company object at 0x0000015786A486D0>}
2026-06-20 00:00:08,799 | DEBUG | app.api.applications | Route company: <app.models.company.Company object at 0x0000015786A486D0>
2026-06-20 00:00:08,799 | DEBUG | app.api.applications | Route company_name: Test Company
2026-06-20 00:23:02,320 | DEBUG | app.services.application_service | Company Name: Codecademy
2026-06-20 00:23:02,330 | DEBUG | app.services.application_service | Company Found: None
2026-06-20 00:23:02,341 | DEBUG | app.services.application_service | company CREATED: ID is 1, name=Codecademy
2026-06-20 00:23:02,341 | DEBUG | app.services.application_service | FINAL APPLICATION DATA: {'role': 'Full-Stack Engineer', 'status': <ApplicationStatus.APPLIED: 'applied'>, 'location': None, 'job_url': None, 'notes': None, 'company_id': 1, 'user_id': 1}
2026-06-20 00:23:02,341 | DEBUG | app.repos.application_repository | Repository application before add: <app.models.application.Application object at 0x000001C352AE9210>
2026-06-20 00:23:02,341 | DEBUG | app.repos.application_repository | has company_name property: False
2026-06-20 00:23:02,354 | DEBUG | app.repos.application_repository | Repository application after refresh: <app.models.application.Application object at 0x000001C352AE9210>
2026-06-20 00:23:02,354 | DEBUG | app.repos.application_repository | Company relation refresh after refresh: <app.models.company.Company object at 0x000001C3525E5CD0>
2026-06-20 00:23:02,354 | DEBUG | app.repos.application_repository | company name after refresh: Codecademy
2026-06-20 00:23:02,361 | DEBUG | app.services.application_service | Application company ID: 1
2026-06-20 00:23:02,361 | DEBUG | app.services.application_service | Application name attr: Codecademy
2026-06-20 00:23:02,361 | DEBUG | app.api.applications | Route result: <app.models.application.Application object at 0x000001C352AE9210>
2026-06-20 00:23:02,361 | DEBUG | app.api.applications | Route result dictionary: {'_sa_instance_state': <sqlalchemy.orm.state.InstanceState object at 0x000001C352B09730>, 'location': None, 'created_at': datetime.datetime(2026, 6, 19, 22, 23, 2, 345395, tzinfo=zoneinfo.ZoneInfo(key='Africa/Johannesburg')), 'deadline': None, 'notes': None, 'company_id': 1, 'role': 'Full-Stack Engineer', 'id': 1, 'status': <ApplicationStatus.APPLIED: 'applied'>, 'job_url': None, 'updated_at': datetime.datetime(2026, 6, 19, 22, 23, 2, 345395, tzinfo=zoneinfo.ZoneInfo(key='Africa/Johannesburg')), 'follow_up_date': None, 'user_id': 1, 'company': <app.models.company.Company object at 0x000001C3525E5CD0>}
2026-06-20 00:23:02,361 | DEBUG | app.api.applications | Route company: <app.models.company.Company object at 0x000001C3525E5CD0>
2026-06-20 00:23:02,361 | DEBUG | app.api.applications | Route company_name: Codecademy
2026-06-20 00:23:02,377 | DEBUG | app.api.applications | Route application_id=1, current_user_id: 1
2026-06-20 00:23:02,381 | DEBUG | app.repos.application_repository | Get by user and id result: <app.models.application.Application object at 0x000001C352B617D0>
2026-06-20 00:23:02,381 | DEBUG | app.services.application_service | Application found for delete: <app.models.application.Application object at 0x000001C352B617D0>
2026-06-20 00:23:02,396 | DEBUG | app.services.application_service | DELETE SUCCESS
2026-06-20 00:23:02,411 | DEBUG | app.repos.application_repository | Get by user and id result: None
2026-06-20 00:23:13,826 | DEBUG | app.services.application_service | Company Name: Microsoft
2026-06-20 00:23:13,834 | DEBUG | app.services.application_service | Company Found: None
2026-06-20 00:23:13,841 | DEBUG | app.services.application_service | company CREATED: ID is 1, name=Microsoft
2026-06-20 00:23:13,841 | DEBUG | app.services.application_service | FINAL APPLICATION DATA: {'role': 'Software Engineer', 'status': <ApplicationStatus.REJECTED: 'rejected'>, 'location': None, 'job_url': None, 'notes': None, 'company_id': 1, 'user_id': 1}
2026-06-20 00:23:13,847 | DEBUG | app.repos.application_repository | Repository application before add: <app.models.application.Application object at 0x0000015FF41C1210>
2026-06-20 00:23:13,847 | DEBUG | app.repos.application_repository | has company_name property: False
2026-06-20 00:23:13,855 | DEBUG | app.repos.application_repository | Repository application after refresh: <app.models.application.Application object at 0x0000015FF41C1210>
2026-06-20 00:23:13,865 | DEBUG | app.repos.application_repository | Company relation refresh after refresh: <app.models.company.Company object at 0x0000015FF41BAE50>
2026-06-20 00:23:13,865 | DEBUG | app.repos.application_repository | company name after refresh: Microsoft
2026-06-20 00:23:13,865 | DEBUG | app.services.application_service | Application company ID: 1
2026-06-20 00:23:13,865 | DEBUG | app.services.application_service | Application name attr: Microsoft
2026-06-20 00:23:13,865 | DEBUG | app.api.applications | Route result: <app.models.application.Application object at 0x0000015FF41C1210>
2026-06-20 00:23:13,865 | DEBUG | app.api.applications | Route result dictionary: {'_sa_instance_state': <sqlalchemy.orm.state.InstanceState object at 0x0000015FF46F13D0>, 'location': None, 'created_at': datetime.datetime(2026, 6, 19, 22, 23, 13, 850562, tzinfo=zoneinfo.ZoneInfo(key='Africa/Johannesburg')), 'deadline': None, 'notes': None, 'company_id': 1, 'role': 'Software Engineer', 'id': 1, 'status': <ApplicationStatus.REJECTED: 'rejected'>, 'job_url': None, 'updated_at': datetime.datetime(2026, 6, 19, 22, 23, 13, 850562, tzinfo=zoneinfo.ZoneInfo(key='Africa/Johannesburg')), 'follow_up_date': None, 'user_id': 1, 'company': <app.models.company.Company object at 0x0000015FF41BAE50>}
2026-06-20 00:23:13,865 | DEBUG | app.api.applications | Route company: <app.models.company.Company object at 0x0000015FF41BAE50>
2026-06-20 00:23:13,865 | DEBUG | app.api.applications | Route company_name: Microsoft
2026-06-20 00:23:13,882 | DEBUG | app.services.application_service | Company Name: Amazon
2026-06-20 00:23:13,882 | DEBUG | app.services.application_service | Company Found: None
2026-06-20 00:23:13,887 | DEBUG | app.services.application_service | company CREATED: ID is 2, name=Amazon
2026-06-20 00:23:13,887 | DEBUG | app.services.application_service | FINAL APPLICATION DATA: {'role': 'Cloud Developer', 'status': <ApplicationStatus.INTERVIEW: 'interview'>, 'location': None, 'job_url': None, 'notes': None, 'company_id': 2, 'user_id': 1}
2026-06-20 00:23:13,887 | DEBUG | app.repos.application_repository | Repository application before add: <app.models.application.Application object at 0x0000015FF4708810>
2026-06-20 00:23:13,887 | DEBUG | app.repos.application_repository | has company_name property: False
2026-06-20 00:23:13,887 | DEBUG | app.repos.application_repository | Repository application after refresh: <app.models.application.Application object at 0x0000015FF4708810>
2026-06-20 00:23:13,887 | DEBUG | app.repos.application_repository | Company relation refresh after refresh: <app.models.company.Company object at 0x0000015FF4708B10>
2026-06-20 00:23:13,887 | DEBUG | app.repos.application_repository | company name after refresh: Amazon
2026-06-20 00:23:13,887 | DEBUG | app.services.application_service | Application company ID: 2
2026-06-20 00:23:13,887 | DEBUG | app.services.application_service | Application name attr: Amazon
2026-06-20 00:23:13,887 | DEBUG | app.api.applications | Route result: <app.models.application.Application object at 0x0000015FF4708810>
2026-06-20 00:23:13,887 | DEBUG | app.api.applications | Route result dictionary: {'_sa_instance_state': <sqlalchemy.orm.state.InstanceState object at 0x0000015FF46F16D0>, 'location': None, 'created_at': datetime.datetime(2026, 6, 19, 22, 23, 13, 887781, tzinfo=zoneinfo.ZoneInfo(key='Africa/Johannesburg')), 'deadline': None, 'notes': None, 'company_id': 2, 'role': 'Cloud Developer', 'id': 2, 'status': <ApplicationStatus.INTERVIEW: 'interview'>, 'job_url': None, 'updated_at': datetime.datetime(2026, 6, 19, 22, 23, 13, 887781, tzinfo=zoneinfo.ZoneInfo(key='Africa/Johannesburg')), 'follow_up_date': None, 'user_id': 1, 'company': <app.models.company.Company object at 0x0000015FF4708B10>}
2026-06-20 00:23:13,887 | DEBUG | app.api.applications | Route company: <app.models.company.Company object at 0x0000015FF4708B10>
2026-06-20 00:23:13,887 | DEBUG | app.api.applications | Route company_name: Amazon
2026-06-20 00:23:13,935 | DEBUG | app.repos.application_repository | Base count: 2
2026-06-20 00:23:13,935 | DEBUG | app.repos.application_repository | SEARCHING COMPANY NAME FOR: goo
2026-06-20 00:23:13,951 | DEBUG | app.repos.application_repository | AFTER SEARCH FILTER: 0
2026-06-20 00:23:13,951 | DEBUG | app.repos.application_repository | Final result count: 0
2026-06-20 00:23:13,951 | DEBUG | app.repos.application_repository | Final results: []
2026-06-20 00:23:13,970 | DEBUG | app.repos.application_repository | Base count: 2
2026-06-20 00:23:13,970 | DEBUG | app.repos.application_repository | SEARCHING COMPANY NAME FOR: mic
2026-06-20 00:23:13,979 | DEBUG | app.repos.application_repository | AFTER SEARCH FILTER: 1
2026-06-20 00:23:13,983 | DEBUG | app.repos.application_repository | Final result count: 1
2026-06-20 00:23:13,983 | DEBUG | app.repos.application_repository | Final results: ['Microsoft']
2026-06-20 00:23:45,796 | DEBUG | app.services.application_service | Company Name: Microsoft
2026-06-20 00:23:45,806 | DEBUG | app.services.application_service | Company Found: None
2026-06-20 00:23:45,820 | DEBUG | app.services.application_service | company CREATED: ID is 1, name=Microsoft
2026-06-20 00:23:45,820 | DEBUG | app.services.application_service | FINAL APPLICATION DATA: {'role': 'Software Engineer', 'status': <ApplicationStatus.REJECTED: 'rejected'>, 'location': None, 'job_url': None, 'notes': None, 'company_id': 1, 'user_id': 1}
2026-06-20 00:23:45,820 | DEBUG | app.repos.application_repository | Repository application before add: <app.models.application.Application object at 0x0000028301EC5410>
2026-06-20 00:23:45,822 | DEBUG | app.repos.application_repository | has company_name property: False
2026-06-20 00:23:45,838 | DEBUG | app.repos.application_repository | Repository application after refresh: <app.models.application.Application object at 0x0000028301EC5410>
2026-06-20 00:23:45,842 | DEBUG | app.repos.application_repository | Company relation refresh after refresh: <app.models.company.Company object at 0x0000028301E978D0>
2026-06-20 00:23:45,848 | DEBUG | app.repos.application_repository | company name after refresh: Microsoft
2026-06-20 00:23:45,848 | DEBUG | app.services.application_service | Application company ID: 1
2026-06-20 00:23:45,848 | DEBUG | app.services.application_service | Application name attr: Microsoft
2026-06-20 00:23:45,848 | DEBUG | app.api.applications | Route result: <app.models.application.Application object at 0x0000028301EC5410>
2026-06-20 00:23:45,848 | DEBUG | app.api.applications | Route result dictionary: {'_sa_instance_state': <sqlalchemy.orm.state.InstanceState object at 0x0000028301E8B9B0>, 'status': <ApplicationStatus.REJECTED: 'rejected'>, 'created_at': datetime.datetime(2026, 6, 19, 22, 23, 45, 824119, tzinfo=zoneinfo.ZoneInfo(key='Africa/Johannesburg')), 'deadline': None, 'notes': None, 'company_id': 1, 'id': 1, 'role': 'Software Engineer', 'location': None, 'job_url': None, 'updated_at': datetime.datetime(2026, 6, 19, 22, 23, 45, 824119, tzinfo=zoneinfo.ZoneInfo(key='Africa/Johannesburg')), 'follow_up_date': None, 'user_id': 1, 'company': <app.models.company.Company object at 0x0000028301E978D0>}
2026-06-20 00:23:45,848 | DEBUG | app.api.applications | Route company: <app.models.company.Company object at 0x0000028301E978D0>
2026-06-20 00:23:45,848 | DEBUG | app.api.applications | Route company_name: Microsoft
2026-06-20 00:23:45,868 | DEBUG | app.services.application_service | Company Name: Amazon
2026-06-20 00:23:45,872 | DEBUG | app.services.application_service | Company Found: None
2026-06-20 00:23:45,882 | DEBUG | app.services.application_service | company CREATED: ID is 2, name=Amazon
2026-06-20 00:23:45,884 | DEBUG | app.services.application_service | FINAL APPLICATION DATA: {'role': 'Cloud Developer', 'status': <ApplicationStatus.INTERVIEW: 'interview'>, 'location': None, 'job_url': None, 'notes': None, 'company_id': 2, 'user_id': 1}
2026-06-20 00:23:45,884 | DEBUG | app.repos.application_repository | Repository application before add: <app.models.application.Application object at 0x0000028301A213D0>
2026-06-20 00:23:45,884 | DEBUG | app.repos.application_repository | has company_name property: False
2026-06-20 00:23:45,892 | DEBUG | app.repos.application_repository | Repository application after refresh: <app.models.application.Application object at 0x0000028301A213D0>
2026-06-20 00:23:45,896 | DEBUG | app.repos.application_repository | Company relation refresh after refresh: <app.models.company.Company object at 0x0000028301EF73D0>
2026-06-20 00:23:45,896 | DEBUG | app.repos.application_repository | company name after refresh: Amazon
2026-06-20 00:23:45,896 | DEBUG | app.services.application_service | Application company ID: 2
2026-06-20 00:23:45,896 | DEBUG | app.services.application_service | Application name attr: Amazon
2026-06-20 00:23:45,896 | DEBUG | app.api.applications | Route result: <app.models.application.Application object at 0x0000028301A213D0>
2026-06-20 00:23:45,896 | DEBUG | app.api.applications | Route result dictionary: {'_sa_instance_state': <sqlalchemy.orm.state.InstanceState object at 0x0000028301E8BCB0>, 'status': <ApplicationStatus.INTERVIEW: 'interview'>, 'created_at': datetime.datetime(2026, 6, 19, 22, 23, 45, 886381, tzinfo=zoneinfo.ZoneInfo(key='Africa/Johannesburg')), 'deadline': None, 'notes': None, 'company_id': 2, 'id': 2, 'role': 'Cloud Developer', 'location': None, 'job_url': None, 'updated_at': datetime.datetime(2026, 6, 19, 22, 23, 45, 886381, tzinfo=zoneinfo.ZoneInfo(key='Africa/Johannesburg')), 'follow_up_date': None, 'user_id': 1, 'company': <app.models.company.Company object at 0x0000028301EF73D0>}
2026-06-20 00:23:45,898 | DEBUG | app.api.applications | Route company: <app.models.company.Company object at 0x0000028301EF73D0>
2026-06-20 00:23:45,898 | DEBUG | app.api.applications | Route company_name: Amazon
2026-06-20 00:23:45,997 | DEBUG | app.repos.application_repository | Base count: 2
2026-06-20 00:23:45,997 | DEBUG | app.repos.application_repository | SEARCHING COMPANY NAME FOR: goo
2026-06-20 00:23:46,007 | DEBUG | app.repos.application_repository | AFTER SEARCH FILTER: 0
2026-06-20 00:23:46,016 | DEBUG | app.repos.application_repository | Final result count: 0
2026-06-20 00:23:46,016 | DEBUG | app.repos.application_repository | Final results: []
2026-06-20 00:23:46,040 | DEBUG | app.repos.application_repository | Base count: 2
2026-06-20 00:23:46,040 | DEBUG | app.repos.application_repository | SEARCHING COMPANY NAME FOR: mic
2026-06-20 00:23:46,048 | DEBUG | app.repos.application_repository | AFTER SEARCH FILTER: 1
2026-06-20 00:23:46,052 | DEBUG | app.repos.application_repository | Final result count: 1
2026-06-20 00:23:46,056 | DEBUG | app.repos.application_repository | Final results: ['Microsoft']
2026-06-20 00:23:47,167 | DEBUG | app.services.application_service | Company Name: Company 0
2026-06-20 00:23:47,171 | DEBUG | app.services.application_service | Company Found: None
2026-06-20 00:23:47,185 | DEBUG | app.services.application_service | company CREATED: ID is 3, name=Company 0
2026-06-20 00:23:47,185 | DEBUG | app.services.application_service | FINAL APPLICATION DATA: {'role': 'Developer', 'status': <ApplicationStatus.APPLIED: 'applied'>, 'location': None, 'job_url': None, 'notes': None, 'company_id': 3, 'user_id': 2}
2026-06-20 00:23:47,185 | DEBUG | app.repos.application_repository | Repository application before add: <app.models.application.Application object at 0x0000028301F37450>
2026-06-20 00:23:47,187 | DEBUG | app.repos.application_repository | has company_name property: False
2026-06-20 00:23:47,195 | DEBUG | app.repos.application_repository | Repository application after refresh: <app.models.application.Application object at 0x0000028301F37450>
2026-06-20 00:23:47,197 | DEBUG | app.repos.application_repository | Company relation refresh after refresh: <app.models.company.Company object at 0x0000028301F0A1D0>
2026-06-20 00:23:47,199 | DEBUG | app.repos.application_repository | company name after refresh: Company 0
2026-06-20 00:23:47,199 | DEBUG | app.services.application_service | Application company ID: 3
2026-06-20 00:23:47,199 | DEBUG | app.services.application_service | Application name attr: Company 0
2026-06-20 00:23:47,199 | DEBUG | app.api.applications | Route result: <app.models.application.Application object at 0x0000028301F37450>
2026-06-20 00:23:47,199 | DEBUG | app.api.applications | Route result dictionary: {'_sa_instance_state': <sqlalchemy.orm.state.InstanceState object at 0x0000028301E8AED0>, 'status': <ApplicationStatus.APPLIED: 'applied'>, 'created_at': datetime.datetime(2026, 6, 19, 22, 23, 47, 187405, tzinfo=zoneinfo.ZoneInfo(key='Africa/Johannesburg')), 'deadline': None, 'notes': None, 'company_id': 3, 'id': 3, 'role': 'Developer', 'location': None, 'job_url': None, 'updated_at': datetime.datetime(2026, 6, 19, 22, 23, 47, 187405, tzinfo=zoneinfo.ZoneInfo(key='Africa/Johannesburg')), 'follow_up_date': None, 'user_id': 2, 'company': <app.models.company.Company object at 0x0000028301F0A1D0>}
2026-06-20 00:23:47,199 | DEBUG | app.api.applications | Route company: <app.models.company.Company object at 0x0000028301F0A1D0>
2026-06-20 00:23:47,199 | DEBUG | app.api.applications | Route company_name: Company 0
2026-06-20 00:23:47,256 | DEBUG | app.services.application_service | Company Name: Company 1
2026-06-20 00:23:47,260 | DEBUG | app.services.application_service | Company Found: None
2026-06-20 00:23:47,268 | DEBUG | app.services.application_service | company CREATED: ID is 4, name=Company 1
2026-06-20 00:23:47,268 | DEBUG | app.services.application_service | FINAL APPLICATION DATA: {'role': 'Developer', 'status': <ApplicationStatus.APPLIED: 'applied'>, 'location': None, 'job_url': None, 'notes': None, 'company_id': 4, 'user_id': 2}
2026-06-20 00:23:47,268 | DEBUG | app.repos.application_repository | Repository application before add: <app.models.application.Application object at 0x000002830191D650>
2026-06-20 00:23:47,268 | DEBUG | app.repos.application_repository | has company_name property: False
2026-06-20 00:23:47,280 | DEBUG | app.repos.application_repository | Repository application after refresh: <app.models.application.Application object at 0x000002830191D650>
2026-06-20 00:23:47,282 | DEBUG | app.repos.application_repository | Company relation refresh after refresh: <app.models.company.Company object at 0x000002830191CF90>
2026-06-20 00:23:47,282 | DEBUG | app.repos.application_repository | company name after refresh: Company 1
2026-06-20 00:23:47,282 | DEBUG | app.services.application_service | Application company ID: 4
2026-06-20 00:23:47,282 | DEBUG | app.services.application_service | Application name attr: Company 1
2026-06-20 00:23:47,282 | DEBUG | app.api.applications | Route result: <app.models.application.Application object at 0x000002830191D650>
2026-06-20 00:23:47,284 | DEBUG | app.api.applications | Route result dictionary: {'_sa_instance_state': <sqlalchemy.orm.state.InstanceState object at 0x0000028301EFE930>, 'status': <ApplicationStatus.APPLIED: 'applied'>, 'created_at': datetime.datetime(2026, 6, 19, 22, 23, 47, 270317, tzinfo=zoneinfo.ZoneInfo(key='Africa/Johannesburg')), 'deadline': None, 'notes': None, 'company_id': 4, 'id': 4, 'role': 'Developer', 'location': None, 'job_url': None, 'updated_at': datetime.datetime(2026, 6, 19, 22, 23, 47, 270317, tzinfo=zoneinfo.ZoneInfo(key='Africa/Johannesburg')), 'follow_up_date': None, 'user_id': 2, 'company': <app.models.company.Company object at 0x000002830191CF90>}
2026-06-20 00:23:47,284 | DEBUG | app.api.applications | Route company: <app.models.company.Company object at 0x000002830191CF90>
2026-06-20 00:23:47,284 | DEBUG | app.api.applications | Route company_name: Company 1
2026-06-20 00:23:47,302 | DEBUG | app.services.application_service | Company Name: Company 2
2026-06-20 00:23:47,304 | DEBUG | app.services.application_service | Company Found: None
2026-06-20 00:23:47,314 | DEBUG | app.services.application_service | company CREATED: ID is 5, name=Company 2
2026-06-20 00:23:47,314 | DEBUG | app.services.application_service | FINAL APPLICATION DATA: {'role': 'Developer', 'status': <ApplicationStatus.APPLIED: 'applied'>, 'location': None, 'job_url': None, 'notes': None, 'company_id': 5, 'user_id': 2}
2026-06-20 00:23:47,314 | DEBUG | app.repos.application_repository | Repository application before add: <app.models.application.Application object at 0x0000028301F43F10>
2026-06-20 00:23:47,314 | DEBUG | app.repos.application_repository | has company_name property: False
2026-06-20 00:23:47,322 | DEBUG | app.repos.application_repository | Repository application after refresh: <app.models.application.Application object at 0x0000028301F43F10>
2026-06-20 00:23:47,324 | DEBUG | app.repos.application_repository | Company relation refresh after refresh: <app.models.company.Company object at 0x0000028301F41D90>
2026-06-20 00:23:47,324 | DEBUG | app.repos.application_repository | company name after refresh: Company 2
2026-06-20 00:23:47,326 | DEBUG | app.services.application_service | Application company ID: 5
2026-06-20 00:23:47,326 | DEBUG | app.services.application_service | Application name attr: Company 2
2026-06-20 00:23:47,326 | DEBUG | app.api.applications | Route result: <app.models.application.Application object at 0x0000028301F43F10>
2026-06-20 00:23:47,326 | DEBUG | app.api.applications | Route result dictionary: {'_sa_instance_state': <sqlalchemy.orm.state.InstanceState object at 0x0000028301EFEA50>, 'status': <ApplicationStatus.APPLIED: 'applied'>, 'created_at': datetime.datetime(2026, 6, 19, 22, 23, 47, 316060, tzinfo=zoneinfo.ZoneInfo(key='Africa/Johannesburg')), 'deadline': None, 'notes': None, 'company_id': 5, 'id': 5, 'role': 'Developer', 'location': None, 'job_url': None, 'updated_at': datetime.datetime(2026, 6, 19, 22, 23, 47, 316060, tzinfo=zoneinfo.ZoneInfo(key='Africa/Johannesburg')), 'follow_up_date': None, 'user_id': 2, 'company': <app.models.company.Company object at 0x0000028301F41D90>}
2026-06-20 00:23:47,326 | DEBUG | app.api.applications | Route company: <app.models.company.Company object at 0x0000028301F41D90>
2026-06-20 00:23:47,326 | DEBUG | app.api.applications | Route company_name: Company 2
2026-06-20 00:23:47,348 | DEBUG | app.services.application_service | Company Name: Company 3
2026-06-20 00:23:47,352 | DEBUG | app.services.application_service | Company Found: None
2026-06-20 00:23:47,358 | DEBUG | app.services.application_service | company CREATED: ID is 6, name=Company 3
2026-06-20 00:23:47,358 | DEBUG | app.services.application_service | FINAL APPLICATION DATA: {'role': 'Developer', 'status': <ApplicationStatus.APPLIED: 'applied'>, 'location': None, 'job_url': None, 'notes': None, 'company_id': 6, 'user_id': 2}
2026-06-20 00:23:47,360 | DEBUG | app.repos.application_repository | Repository application before add: <app.models.application.Application object at 0x000002830196AF10>
2026-06-20 00:23:47,360 | DEBUG | app.repos.application_repository | has company_name property: False
2026-06-20 00:23:47,366 | DEBUG | app.repos.application_repository | Repository application after refresh: <app.models.application.Application object at 0x000002830196AF10>
2026-06-20 00:23:47,370 | DEBUG | app.repos.application_repository | Company relation refresh after refresh: <app.models.company.Company object at 0x0000028301F40310>
2026-06-20 00:23:47,370 | DEBUG | app.repos.application_repository | company name after refresh: Company 3
2026-06-20 00:23:47,370 | DEBUG | app.services.application_service | Application company ID: 6
2026-06-20 00:23:47,370 | DEBUG | app.services.application_service | Application name attr: Company 3
2026-06-20 00:23:47,370 | DEBUG | app.api.applications | Route result: <app.models.application.Application object at 0x000002830196AF10>
2026-06-20 00:23:47,370 | DEBUG | app.api.applications | Route result dictionary: {'_sa_instance_state': <sqlalchemy.orm.state.InstanceState object at 0x0000028301EFEA50>, 'status': <ApplicationStatus.APPLIED: 'applied'>, 'created_at': datetime.datetime(2026, 6, 19, 22, 23, 47, 360479, tzinfo=zoneinfo.ZoneInfo(key='Africa/Johannesburg')), 'deadline': None, 'notes': None, 'company_id': 6, 'id': 6, 'role': 'Developer', 'location': None, 'job_url': None, 'updated_at': datetime.datetime(2026, 6, 19, 22, 23, 47, 360479, tzinfo=zoneinfo.ZoneInfo(key='Africa/Johannesburg')), 'follow_up_date': None, 'user_id': 2, 'company': <app.models.company.Company object at 0x0000028301F40310>}
2026-06-20 00:23:47,370 | DEBUG | app.api.applications | Route company: <app.models.company.Company object at 0x0000028301F40310>
2026-06-20 00:23:47,370 | DEBUG | app.api.applications | Route company_name: Company 3
2026-06-20 00:23:47,397 | DEBUG | app.services.application_service | Company Name: Company 4
2026-06-20 00:23:47,399 | DEBUG | app.services.application_service | Company Found: None
2026-06-20 00:23:47,405 | DEBUG | app.services.application_service | company CREATED: ID is 7, name=Company 4
2026-06-20 00:23:47,405 | DEBUG | app.services.application_service | FINAL APPLICATION DATA: {'role': 'Developer', 'status': <ApplicationStatus.APPLIED: 'applied'>, 'location': None, 'job_url': None, 'notes': None, 'company_id': 7, 'user_id': 2}
2026-06-20 00:23:47,411 | DEBUG | app.repos.application_repository | Repository application before add: <app.models.application.Application object at 0x0000028301F5B290>
2026-06-20 00:23:47,411 | DEBUG | app.repos.application_repository | has company_name property: False
2026-06-20 00:23:47,417 | DEBUG | app.repos.application_repository | Repository application after refresh: <app.models.application.Application object at 0x0000028301F5B290>
2026-06-20 00:23:47,421 | DEBUG | app.repos.application_repository | Company relation refresh after refresh: <app.models.company.Company object at 0x000002830191F290>
2026-06-20 00:23:47,421 | DEBUG | app.repos.application_repository | company name after refresh: Company 4
2026-06-20 00:23:47,421 | DEBUG | app.services.application_service | Application company ID: 7
2026-06-20 00:23:47,421 | DEBUG | app.services.application_service | Application name attr: Company 4
2026-06-20 00:23:47,421 | DEBUG | app.api.applications | Route result: <app.models.application.Application object at 0x0000028301F5B290>
2026-06-20 00:23:47,421 | DEBUG | app.api.applications | Route result dictionary: {'_sa_instance_state': <sqlalchemy.orm.state.InstanceState object at 0x0000028301EFEDB0>, 'status': <ApplicationStatus.APPLIED: 'applied'>, 'created_at': datetime.datetime(2026, 6, 19, 22, 23, 47, 411667, tzinfo=zoneinfo.ZoneInfo(key='Africa/Johannesburg')), 'deadline': None, 'notes': None, 'company_id': 7, 'id': 7, 'role': 'Developer', 'location': None, 'job_url': None, 'updated_at': datetime.datetime(2026, 6, 19, 22, 23, 47, 411667, tzinfo=zoneinfo.ZoneInfo(key='Africa/Johannesburg')), 'follow_up_date': None, 'user_id': 2, 'company': <app.models.company.Company object at 0x000002830191F290>}
2026-06-20 00:23:47,421 | DEBUG | app.api.applications | Route company: <app.models.company.Company object at 0x000002830191F290>
2026-06-20 00:23:47,423 | DEBUG | app.api.applications | Route company_name: Company 4
2026-06-20 00:23:47,447 | DEBUG | app.services.application_service | Company Name: Company 5
2026-06-20 00:23:47,449 | DEBUG | app.services.application_service | Company Found: None
2026-06-20 00:23:47,457 | DEBUG | app.services.application_service | company CREATED: ID is 8, name=Company 5
2026-06-20 00:23:47,457 | DEBUG | app.services.application_service | FINAL APPLICATION DATA: {'role': 'Developer', 'status': <ApplicationStatus.APPLIED: 'applied'>, 'location': None, 'job_url': None, 'notes': None, 'company_id': 8, 'user_id': 2}
2026-06-20 00:23:47,457 | DEBUG | app.repos.application_repository | Repository application before add: <app.models.application.Application object at 0x0000028301A59D10>
2026-06-20 00:23:47,457 | DEBUG | app.repos.application_repository | has company_name property: False
2026-06-20 00:23:47,467 | DEBUG | app.repos.application_repository | Repository application after refresh: <app.models.application.Application object at 0x0000028301A59D10>
2026-06-20 00:23:47,478 | DEBUG | app.repos.application_repository | Company relation refresh after refresh: <app.models.company.Company object at 0x0000028301A876D0>
2026-06-20 00:23:47,478 | DEBUG | app.repos.application_repository | company name after refresh: Company 5
2026-06-20 00:23:47,478 | DEBUG | app.services.application_service | Application company ID: 8
2026-06-20 00:23:47,478 | DEBUG | app.services.application_service | Application name attr: Company 5
2026-06-20 00:23:47,478 | DEBUG | app.api.applications | Route result: <app.models.application.Application object at 0x0000028301A59D10>
2026-06-20 00:23:47,478 | DEBUG | app.api.applications | Route result dictionary: {'_sa_instance_state': <sqlalchemy.orm.state.InstanceState object at 0x0000028301EFECF0>, 'status': <ApplicationStatus.APPLIED: 'applied'>, 'created_at': datetime.datetime(2026, 6, 19, 22, 23, 47, 459684, tzinfo=zoneinfo.ZoneInfo(key='Africa/Johannesburg')), 'deadline': None, 'notes': None, 'company_id': 8, 'id': 8, 'role': 'Developer', 'location': None, 'job_url': None, 'updated_at': datetime.datetime(2026, 6, 19, 22, 23, 47, 459684, tzinfo=zoneinfo.ZoneInfo(key='Africa/Johannesburg')), 'follow_up_date': None, 'user_id': 2, 'company': <app.models.company.Company object at 0x0000028301A876D0>}
2026-06-20 00:23:47,478 | DEBUG | app.api.applications | Route company: <app.models.company.Company object at 0x0000028301A876D0>
2026-06-20 00:23:47,478 | DEBUG | app.api.applications | Route company_name: Company 5
2026-06-20 00:23:47,499 | DEBUG | app.services.application_service | Company Name: Company 6
2026-06-20 00:23:47,503 | DEBUG | app.services.application_service | Company Found: None
2026-06-20 00:23:47,513 | DEBUG | app.services.application_service | company CREATED: ID is 9, name=Company 6
2026-06-20 00:23:47,513 | DEBUG | app.services.application_service | FINAL APPLICATION DATA: {'role': 'Developer', 'status': <ApplicationStatus.APPLIED: 'applied'>, 'location': None, 'job_url': None, 'notes': None, 'company_id': 9, 'user_id': 2}
2026-06-20 00:23:47,515 | DEBUG | app.repos.application_repository | Repository application before add: <app.models.application.Application object at 0x0000028301E96990>
2026-06-20 00:23:47,515 | DEBUG | app.repos.application_repository | has company_name property: False
2026-06-20 00:23:47,522 | DEBUG | app.repos.application_repository | Repository application after refresh: <app.models.application.Application object at 0x0000028301E96990>
2026-06-20 00:23:47,524 | DEBUG | app.repos.application_repository | Company relation refresh after refresh: <app.models.company.Company object at 0x0000028301EF7710>
2026-06-20 00:23:47,524 | DEBUG | app.repos.application_repository | company name after refresh: Company 6
2026-06-20 00:23:47,524 | DEBUG | app.services.application_service | Application company ID: 9
2026-06-20 00:23:47,524 | DEBUG | app.services.application_service | Application name attr: Company 6
2026-06-20 00:23:47,524 | DEBUG | app.api.applications | Route result: <app.models.application.Application object at 0x0000028301E96990>
2026-06-20 00:23:47,526 | DEBUG | app.api.applications | Route result dictionary: {'_sa_instance_state': <sqlalchemy.orm.state.InstanceState object at 0x0000028301EFEFF0>, 'status': <ApplicationStatus.APPLIED: 'applied'>, 'created_at': datetime.datetime(2026, 6, 19, 22, 23, 47, 516045, tzinfo=zoneinfo.ZoneInfo(key='Africa/Johannesburg')), 'deadline': None, 'notes': None, 'company_id': 9, 'id': 9, 'role': 'Developer', 'location': None, 'job_url': None, 'updated_at': datetime.datetime(2026, 6, 19, 22, 23, 47, 516045, tzinfo=zoneinfo.ZoneInfo(key='Africa/Johannesburg')), 'follow_up_date': None, 'user_id': 2, 'company': <app.models.company.Company object at 0x0000028301EF7710>}
2026-06-20 00:23:47,526 | DEBUG | app.api.applications | Route company: <app.models.company.Company object at 0x0000028301EF7710>
2026-06-20 00:23:47,526 | DEBUG | app.api.applications | Route company_name: Company 6
2026-06-20 00:23:47,546 | DEBUG | app.services.application_service | Company Name: Company 7
2026-06-20 00:23:47,550 | DEBUG | app.services.application_service | Company Found: None
2026-06-20 00:23:47,556 | DEBUG | app.services.application_service | company CREATED: ID is 10, name=Company 7
2026-06-20 00:23:47,556 | DEBUG | app.services.application_service | FINAL APPLICATION DATA: {'role': 'Developer', 'status': <ApplicationStatus.APPLIED: 'applied'>, 'location': None, 'job_url': None, 'notes': None, 'company_id': 10, 'user_id': 2}
2026-06-20 00:23:47,558 | DEBUG | app.repos.application_repository | Repository application before add: <app.models.application.Application object at 0x0000028301F59B10>
2026-06-20 00:23:47,558 | DEBUG | app.repos.application_repository | has company_name property: False
2026-06-20 00:23:47,564 | DEBUG | app.repos.application_repository | Repository application after refresh: <app.models.application.Application object at 0x0000028301F59B10>
2026-06-20 00:23:47,568 | DEBUG | app.repos.application_repository | Company relation refresh after refresh: <app.models.company.Company object at 0x0000028301F08AD0>
2026-06-20 00:23:47,568 | DEBUG | app.repos.application_repository | company name after refresh: Company 7
2026-06-20 00:23:47,568 | DEBUG | app.services.application_service | Application company ID: 10
2026-06-20 00:23:47,568 | DEBUG | app.services.application_service | Application name attr: Company 7
2026-06-20 00:23:47,568 | DEBUG | app.api.applications | Route result: <app.models.application.Application object at 0x0000028301F59B10>
2026-06-20 00:23:47,568 | DEBUG | app.api.applications | Route result dictionary: {'_sa_instance_state': <sqlalchemy.orm.state.InstanceState object at 0x0000028301EFF170>, 'status': <ApplicationStatus.APPLIED: 'applied'>, 'created_at': datetime.datetime(2026, 6, 19, 22, 23, 47, 558493, tzinfo=zoneinfo.ZoneInfo(key='Africa/Johannesburg')), 'deadline': None, 'notes': None, 'company_id': 10, 'id': 10, 'role': 'Developer', 'location': None, 'job_url': None, 'updated_at': datetime.datetime(2026, 6, 19, 22, 23, 47, 558493, tzinfo=zoneinfo.ZoneInfo(key='Africa/Johannesburg')), 'follow_up_date': None, 'user_id': 2, 'company': <app.models.company.Company object at 0x0000028301F08AD0>}
2026-06-20 00:23:47,568 | DEBUG | app.api.applications | Route company: <app.models.company.Company object at 0x0000028301F08AD0>
2026-06-20 00:23:47,568 | DEBUG | app.api.applications | Route company_name: Company 7
2026-06-20 00:23:47,590 | DEBUG | app.services.application_service | Company Name: Company 8
2026-06-20 00:23:47,594 | DEBUG | app.services.application_service | Company Found: None
2026-06-20 00:23:47,600 | DEBUG | app.services.application_service | company CREATED: ID is 11, name=Company 8
2026-06-20 00:23:47,600 | DEBUG | app.services.application_service | FINAL APPLICATION DATA: {'role': 'Developer', 'status': <ApplicationStatus.APPLIED: 'applied'>, 'location': None, 'job_url': None, 'notes': None, 'company_id': 11, 'user_id': 2}
2026-06-20 00:23:47,600 | DEBUG | app.repos.application_repository | Repository application before add: <app.models.application.Application object at 0x0000028301E96FD0>
2026-06-20 00:23:47,600 | DEBUG | app.repos.application_repository | has company_name property: False
2026-06-20 00:23:47,610 | DEBUG | app.repos.application_repository | Repository application after refresh: <app.models.application.Application object at 0x0000028301E96FD0>
2026-06-20 00:23:47,614 | DEBUG | app.repos.application_repository | Company relation refresh after refresh: <app.models.company.Company object at 0x0000028301F59110>
2026-06-20 00:23:47,614 | DEBUG | app.repos.application_repository | company name after refresh: Company 8
2026-06-20 00:23:47,614 | DEBUG | app.services.application_service | Application company ID: 11
2026-06-20 00:23:47,614 | DEBUG | app.services.application_service | Application name attr: Company 8
2026-06-20 00:23:47,614 | DEBUG | app.api.applications | Route result: <app.models.application.Application object at 0x0000028301E96FD0>
2026-06-20 00:23:47,614 | DEBUG | app.api.applications | Route result dictionary: {'_sa_instance_state': <sqlalchemy.orm.state.InstanceState object at 0x0000028301EFE930>, 'status': <ApplicationStatus.APPLIED: 'applied'>, 'created_at': datetime.datetime(2026, 6, 19, 22, 23, 47, 602433, tzinfo=zoneinfo.ZoneInfo(key='Africa/Johannesburg')), 'deadline': None, 'notes': None, 'company_id': 11, 'id': 11, 'role': 'Developer', 'location': None, 'job_url': None, 'updated_at': datetime.datetime(2026, 6, 19, 22, 23, 47, 602433, tzinfo=zoneinfo.ZoneInfo(key='Africa/Johannesburg')), 'follow_up_date': None, 'user_id': 2, 'company': <app.models.company.Company object at 0x0000028301F59110>}
2026-06-20 00:23:47,614 | DEBUG | app.api.applications | Route company: <app.models.company.Company object at 0x0000028301F59110>
2026-06-20 00:23:47,614 | DEBUG | app.api.applications | Route company_name: Company 8
2026-06-20 00:23:47,636 | DEBUG | app.services.application_service | Company Name: Company 9
2026-06-20 00:23:47,638 | DEBUG | app.services.application_service | Company Found: None
2026-06-20 00:23:47,649 | DEBUG | app.services.application_service | company CREATED: ID is 12, name=Company 9
2026-06-20 00:23:47,649 | DEBUG | app.services.application_service | FINAL APPLICATION DATA: {'role': 'Developer', 'status': <ApplicationStatus.APPLIED: 'applied'>, 'location': None, 'job_url': None, 'notes': None, 'company_id': 12, 'user_id': 2}
2026-06-20 00:23:47,651 | DEBUG | app.repos.application_repository | Repository application before add: <app.models.application.Application object at 0x0000028301F67550>
2026-06-20 00:23:47,651 | DEBUG | app.repos.application_repository | has company_name property: False
2026-06-20 00:23:47,659 | DEBUG | app.repos.application_repository | Repository application after refresh: <app.models.application.Application object at 0x0000028301F67550>
2026-06-20 00:23:47,661 | DEBUG | app.repos.application_repository | Company relation refresh after refresh: <app.models.company.Company object at 0x0000028301F5AD10>
2026-06-20 00:23:47,661 | DEBUG | app.repos.application_repository | company name after refresh: Company 9
2026-06-20 00:23:47,661 | DEBUG | app.services.application_service | Application company ID: 12
2026-06-20 00:23:47,661 | DEBUG | app.services.application_service | Application name attr: Company 9
2026-06-20 00:23:47,661 | DEBUG | app.api.applications | Route result: <app.models.application.Application object at 0x0000028301F67550>
2026-06-20 00:23:47,663 | DEBUG | app.api.applications | Route result dictionary: {'_sa_instance_state': <sqlalchemy.orm.state.InstanceState object at 0x0000028301EFF530>, 'status': <ApplicationStatus.APPLIED: 'applied'>, 'created_at': datetime.datetime(2026, 6, 19, 22, 23, 47, 651035, tzinfo=zoneinfo.ZoneInfo(key='Africa/Johannesburg')), 'deadline': None, 'notes': None, 'company_id': 12, 'id': 12, 'role': 'Developer', 'location': None, 'job_url': None, 'updated_at': datetime.datetime(2026, 6, 19, 22, 23, 47, 651035, tzinfo=zoneinfo.ZoneInfo(key='Africa/Johannesburg')), 'follow_up_date': None, 'user_id': 2, 'company': <app.models.company.Company object at 0x0000028301F5AD10>}
2026-06-20 00:23:47,663 | DEBUG | app.api.applications | Route company: <app.models.company.Company object at 0x0000028301F5AD10>
2026-06-20 00:23:47,663 | DEBUG | app.api.applications | Route company_name: Company 9
2026-06-20 00:23:47,689 | DEBUG | app.services.application_service | Company Name: Company 10
2026-06-20 00:23:47,693 | DEBUG | app.services.application_service | Company Found: None
2026-06-20 00:23:47,699 | DEBUG | app.services.application_service | company CREATED: ID is 13, name=Company 10
2026-06-20 00:23:47,699 | DEBUG | app.services.application_service | FINAL APPLICATION DATA: {'role': 'Developer', 'status': <ApplicationStatus.APPLIED: 'applied'>, 'location': None, 'job_url': None, 'notes': None, 'company_id': 13, 'user_id': 2}
2026-06-20 00:23:47,699 | DEBUG | app.repos.application_repository | Repository application before add: <app.models.application.Application object at 0x0000028301F5AF10>
2026-06-20 00:23:47,699 | DEBUG | app.repos.application_repository | has company_name property: False
2026-06-20 00:23:47,711 | DEBUG | app.repos.application_repository | Repository application after refresh: <app.models.application.Application object at 0x0000028301F5AF10>
2026-06-20 00:23:47,713 | DEBUG | app.repos.application_repository | Company relation refresh after refresh: <app.models.company.Company object at 0x0000028301A77010>
2026-06-20 00:23:47,713 | DEBUG | app.repos.application_repository | company name after refresh: Company 10
2026-06-20 00:23:47,713 | DEBUG | app.services.application_service | Application company ID: 13
2026-06-20 00:23:47,715 | DEBUG | app.services.application_service | Application name attr: Company 10
2026-06-20 00:23:47,715 | DEBUG | app.api.applications | Route result: <app.models.application.Application object at 0x0000028301F5AF10>
2026-06-20 00:23:47,715 | DEBUG | app.api.applications | Route result dictionary: {'_sa_instance_state': <sqlalchemy.orm.state.InstanceState object at 0x0000028301EFE930>, 'status': <ApplicationStatus.APPLIED: 'applied'>, 'created_at': datetime.datetime(2026, 6, 19, 22, 23, 47, 701804, tzinfo=zoneinfo.ZoneInfo(key='Africa/Johannesburg')), 'deadline': None, 'notes': None, 'company_id': 13, 'id': 13, 'role': 'Developer', 'location': None, 'job_url': None, 'updated_at': datetime.datetime(2026, 6, 19, 22, 23, 47, 701804, tzinfo=zoneinfo.ZoneInfo(key='Africa/Johannesburg')), 'follow_up_date': None, 'user_id': 2, 'company': <app.models.company.Company object at 0x0000028301A77010>}
2026-06-20 00:23:47,715 | DEBUG | app.api.applications | Route company: <app.models.company.Company object at 0x0000028301A77010>
2026-06-20 00:23:47,715 | DEBUG | app.api.applications | Route company_name: Company 10
2026-06-20 00:23:47,735 | DEBUG | app.services.application_service | Company Name: Company 11
2026-06-20 00:23:47,739 | DEBUG | app.services.application_service | Company Found: None
2026-06-20 00:23:47,749 | DEBUG | app.services.application_service | company CREATED: ID is 14, name=Company 11
2026-06-20 00:23:47,749 | DEBUG | app.services.application_service | FINAL APPLICATION DATA: {'role': 'Developer', 'status': <ApplicationStatus.APPLIED: 'applied'>, 'location': None, 'job_url': None, 'notes': None, 'company_id': 14, 'user_id': 2}
2026-06-20 00:23:47,749 | DEBUG | app.repos.application_repository | Repository application before add: <app.models.application.Application object at 0x0000028301F435D0>
2026-06-20 00:23:47,749 | DEBUG | app.repos.application_repository | has company_name property: False
2026-06-20 00:23:47,757 | DEBUG | app.repos.application_repository | Repository application after refresh: <app.models.application.Application object at 0x0000028301F435D0>
2026-06-20 00:23:47,761 | DEBUG | app.repos.application_repository | Company relation refresh after refresh: <app.models.company.Company object at 0x0000028301E967D0>
2026-06-20 00:23:47,761 | DEBUG | app.repos.application_repository | company name after refresh: Company 11
2026-06-20 00:23:47,761 | DEBUG | app.services.application_service | Application company ID: 14
2026-06-20 00:23:47,761 | DEBUG | app.services.application_service | Application name attr: Company 11
2026-06-20 00:23:47,761 | DEBUG | app.api.applications | Route result: <app.models.application.Application object at 0x0000028301F435D0>
2026-06-20 00:23:47,761 | DEBUG | app.api.applications | Route result dictionary: {'_sa_instance_state': <sqlalchemy.orm.state.InstanceState object at 0x0000028301EFFB30>, 'status': <ApplicationStatus.APPLIED: 'applied'>, 'created_at': datetime.datetime(2026, 6, 19, 22, 23, 47, 751441, tzinfo=zoneinfo.ZoneInfo(key='Africa/Johannesburg')), 'deadline': None, 'notes': None, 'company_id': 14, 'id': 14, 'role': 'Developer', 'location': None, 'job_url': None, 'updated_at': datetime.datetime(2026, 6, 19, 22, 23, 47, 751441, tzinfo=zoneinfo.ZoneInfo(key='Africa/Johannesburg')), 'follow_up_date': None, 'user_id': 2, 'company': <app.models.company.Company object at 0x0000028301E967D0>}
2026-06-20 00:23:47,763 | DEBUG | app.api.applications | Route company: <app.models.company.Company object at 0x0000028301E967D0>
2026-06-20 00:23:47,763 | DEBUG | app.api.applications | Route company_name: Company 11
2026-06-20 00:23:47,783 | DEBUG | app.services.application_service | Company Name: Company 12
2026-06-20 00:23:47,785 | DEBUG | app.services.application_service | Company Found: None
2026-06-20 00:23:47,793 | DEBUG | app.services.application_service | company CREATED: ID is 15, name=Company 12
2026-06-20 00:23:47,793 | DEBUG | app.services.application_service | FINAL APPLICATION DATA: {'role': 'Developer', 'status': <ApplicationStatus.APPLIED: 'applied'>, 'location': None, 'job_url': None, 'notes': None, 'company_id': 15, 'user_id': 2}
2026-06-20 00:23:47,793 | DEBUG | app.repos.application_repository | Repository application before add: <app.models.application.Application object at 0x0000028301F095D0>
2026-06-20 00:23:47,793 | DEBUG | app.repos.application_repository | has company_name property: False
2026-06-20 00:23:47,799 | DEBUG | app.repos.application_repository | Repository application after refresh: <app.models.application.Application object at 0x0000028301F095D0>
2026-06-20 00:23:47,804 | DEBUG | app.repos.application_repository | Company relation refresh after refresh: <app.models.company.Company object at 0x0000028301F42090>
2026-06-20 00:23:47,804 | DEBUG | app.repos.application_repository | company name after refresh: Company 12
2026-06-20 00:23:47,804 | DEBUG | app.services.application_service | Application company ID: 15
2026-06-20 00:23:47,804 | DEBUG | app.services.application_service | Application name attr: Company 12
2026-06-20 00:23:47,804 | DEBUG | app.api.applications | Route result: <app.models.application.Application object at 0x0000028301F095D0>
2026-06-20 00:23:47,804 | DEBUG | app.api.applications | Route result dictionary: {'_sa_instance_state': <sqlalchemy.orm.state.InstanceState object at 0x0000028301EFFE30>, 'status': <ApplicationStatus.APPLIED: 'applied'>, 'created_at': datetime.datetime(2026, 6, 19, 22, 23, 47, 793968, tzinfo=zoneinfo.ZoneInfo(key='Africa/Johannesburg')), 'deadline': None, 'notes': None, 'company_id': 15, 'id': 15, 'role': 'Developer', 'location': None, 'job_url': None, 'updated_at': datetime.datetime(2026, 6, 19, 22, 23, 47, 793968, tzinfo=zoneinfo.ZoneInfo(key='Africa/Johannesburg')), 'follow_up_date': None, 'user_id': 2, 'company': <app.models.company.Company object at 0x0000028301F42090>}
2026-06-20 00:23:47,804 | DEBUG | app.api.applications | Route company: <app.models.company.Company object at 0x0000028301F42090>
2026-06-20 00:23:47,804 | DEBUG | app.api.applications | Route company_name: Company 12
2026-06-20 00:23:47,826 | DEBUG | app.services.application_service | Company Name: Company 13
2026-06-20 00:23:47,828 | DEBUG | app.services.application_service | Company Found: None
2026-06-20 00:23:47,834 | DEBUG | app.services.application_service | company CREATED: ID is 16, name=Company 13
2026-06-20 00:23:47,836 | DEBUG | app.services.application_service | FINAL APPLICATION DATA: {'role': 'Developer', 'status': <ApplicationStatus.APPLIED: 'applied'>, 'location': None, 'job_url': None, 'notes': None, 'company_id': 16, 'user_id': 2}
2026-06-20 00:23:47,836 | DEBUG | app.repos.application_repository | Repository application before add: <app.models.application.Application object at 0x0000028301F7FB10>
2026-06-20 00:23:47,836 | DEBUG | app.repos.application_repository | has company_name property: False
2026-06-20 00:23:47,846 | DEBUG | app.repos.application_repository | Repository application after refresh: <app.models.application.Application object at 0x0000028301F7FB10>
2026-06-20 00:23:47,850 | DEBUG | app.repos.application_repository | Company relation refresh after refresh: <app.models.company.Company object at 0x0000028301F64A50>
2026-06-20 00:23:47,850 | DEBUG | app.repos.application_repository | company name after refresh: Company 13
2026-06-20 00:23:47,850 | DEBUG | app.services.application_service | Application company ID: 16
2026-06-20 00:23:47,850 | DEBUG | app.services.application_service | Application name attr: Company 13
2026-06-20 00:23:47,850 | DEBUG | app.api.applications | Route result: <app.models.application.Application object at 0x0000028301F7FB10>
2026-06-20 00:23:47,850 | DEBUG | app.api.applications | Route result dictionary: {'_sa_instance_state': <sqlalchemy.orm.state.InstanceState object at 0x0000028301EFFAD0>, 'status': <ApplicationStatus.APPLIED: 'applied'>, 'created_at': datetime.datetime(2026, 6, 19, 22, 23, 47, 836111, tzinfo=zoneinfo.ZoneInfo(key='Africa/Johannesburg')), 'deadline': None, 'notes': None, 'company_id': 16, 'id': 16, 'role': 'Developer', 'location': None, 'job_url': None, 'updated_at': datetime.datetime(2026, 6, 19, 22, 23, 47, 836111, tzinfo=zoneinfo.ZoneInfo(key='Africa/Johannesburg')), 'follow_up_date': None, 'user_id': 2, 'company': <app.models.company.Company object at 0x0000028301F64A50>}
2026-06-20 00:23:47,850 | DEBUG | app.api.applications | Route company: <app.models.company.Company object at 0x0000028301F64A50>
2026-06-20 00:23:47,850 | DEBUG | app.api.applications | Route company_name: Company 13
2026-06-20 00:23:47,868 | DEBUG | app.services.application_service | Company Name: Company 14
2026-06-20 00:23:47,875 | DEBUG | app.services.application_service | Company Found: None
2026-06-20 00:23:47,882 | DEBUG | app.services.application_service | company CREATED: ID is 17, name=Company 14
2026-06-20 00:23:47,882 | DEBUG | app.services.application_service | FINAL APPLICATION DATA: {'role': 'Developer', 'status': <ApplicationStatus.APPLIED: 'applied'>, 'location': None, 'job_url': None, 'notes': None, 'company_id': 17, 'user_id': 2}
2026-06-20 00:23:47,882 | DEBUG | app.repos.application_repository | Repository application before add: <app.models.application.Application object at 0x0000028301F40150>
2026-06-20 00:23:47,882 | DEBUG | app.repos.application_repository | has company_name property: False
2026-06-20 00:23:47,890 | DEBUG | app.repos.application_repository | Repository application after refresh: <app.models.application.Application object at 0x0000028301F40150>
2026-06-20 00:23:47,892 | DEBUG | app.repos.application_repository | Company relation refresh after refresh: <app.models.company.Company object at 0x0000028301F670D0>
2026-06-20 00:23:47,892 | DEBUG | app.repos.application_repository | company name after refresh: Company 14
2026-06-20 00:23:47,894 | DEBUG | app.services.application_service | Application company ID: 17
2026-06-20 00:23:47,894 | DEBUG | app.services.application_service | Application name attr: Company 14
2026-06-20 00:23:47,894 | DEBUG | app.api.applications | Route result: <app.models.application.Application object at 0x0000028301F40150>
2026-06-20 00:23:47,894 | DEBUG | app.api.applications | Route result dictionary: {'_sa_instance_state': <sqlalchemy.orm.state.InstanceState object at 0x0000028301EFF8F0>, 'status': <ApplicationStatus.APPLIED: 'applied'>, 'created_at': datetime.datetime(2026, 6, 19, 22, 23, 47, 884624, tzinfo=zoneinfo.ZoneInfo(key='Africa/Johannesburg')), 'deadline': None, 'notes': None, 'company_id': 17, 'id': 17, 'role': 'Developer', 'location': None, 'job_url': None, 'updated_at': datetime.datetime(2026, 6, 19, 22, 23, 47, 884624, tzinfo=zoneinfo.ZoneInfo(key='Africa/Johannesburg')), 'follow_up_date': None, 'user_id': 2, 'company': <app.models.company.Company object at 0x0000028301F670D0>}
2026-06-20 00:23:47,894 | DEBUG | app.api.applications | Route company: <app.models.company.Company object at 0x0000028301F670D0>
2026-06-20 00:23:47,894 | DEBUG | app.api.applications | Route company_name: Company 14
2026-06-20 00:23:47,920 | DEBUG | app.repos.application_repository | Base count: 15
2026-06-20 00:23:47,928 | DEBUG | app.repos.application_repository | Final result count: 10
2026-06-20 00:23:47,953 | DEBUG | app.repos.application_repository | Final results: ['Company 14', 'Company 13', 'Company 12', 'Company 11', 'Company 10', 'Company 9', 'Company 8', 'Company 7', 'Company 6', 'Company 5']
2026-06-20 00:23:50,628 | DEBUG | app.services.application_service | Company Name: Company 0
2026-06-20 00:23:50,630 | DEBUG | app.services.application_service | Company Found: None
2026-06-20 00:23:50,644 | DEBUG | app.services.application_service | company CREATED: ID is 18, name=Company 0
2026-06-20 00:23:50,644 | DEBUG | app.services.application_service | FINAL APPLICATION DATA: {'role': 'Developer', 'status': <ApplicationStatus.APPLIED: 'applied'>, 'location': None, 'job_url': None, 'notes': None, 'company_id': 18, 'user_id': 3}
2026-06-20 00:23:50,644 | DEBUG | app.repos.application_repository | Repository application before add: <app.models.application.Application object at 0x0000028301E97CD0>
2026-06-20 00:23:50,646 | DEBUG | app.repos.application_repository | has company_name property: False
2026-06-20 00:23:50,652 | DEBUG | app.repos.application_repository | Repository application after refresh: <app.models.application.Application object at 0x0000028301E97CD0>
2026-06-20 00:23:50,682 | DEBUG | app.repos.application_repository | Company relation refresh after refresh: <app.models.company.Company object at 0x0000028301F65950>
2026-06-20 00:23:50,682 | DEBUG | app.repos.application_repository | company name after refresh: Company 0
2026-06-20 00:23:50,682 | DEBUG | app.services.application_service | Application company ID: 18
2026-06-20 00:23:50,682 | DEBUG | app.services.application_service | Application name attr: Company 0
2026-06-20 00:23:50,684 | DEBUG | app.api.applications | Route result: <app.models.application.Application object at 0x0000028301E97CD0>
2026-06-20 00:23:50,684 | DEBUG | app.api.applications | Route result dictionary: {'_sa_instance_state': <sqlalchemy.orm.state.InstanceState object at 0x0000028301EFDAF0>, 'status': <ApplicationStatus.APPLIED: 'applied'>, 'created_at': datetime.datetime(2026, 6, 19, 22, 23, 50, 646104, tzinfo=zoneinfo.ZoneInfo(key='Africa/Johannesburg')), 'deadline': None, 'notes': None, 'company_id': 18, 'id': 18, 'role': 'Developer', 'location': None, 'job_url': None, 'updated_at': datetime.datetime(2026, 6, 19, 22, 23, 50, 646104, tzinfo=zoneinfo.ZoneInfo(key='Africa/Johannesburg')), 'follow_up_date': None, 'user_id': 3, 'company': <app.models.company.Company object at 0x0000028301F65950>}
2026-06-20 00:23:50,684 | DEBUG | app.api.applications | Route company: <app.models.company.Company object at 0x0000028301F65950>
2026-06-20 00:23:50,684 | DEBUG | app.api.applications | Route company_name: Company 0
2026-06-20 00:23:50,981 | DEBUG | app.services.application_service | Company Name: Company 1
2026-06-20 00:23:50,985 | DEBUG | app.services.application_service | Company Found: None
2026-06-20 00:23:50,995 | DEBUG | app.services.application_service | company CREATED: ID is 19, name=Company 1
2026-06-20 00:23:50,995 | DEBUG | app.services.application_service | FINAL APPLICATION DATA: {'role': 'Developer', 'status': <ApplicationStatus.APPLIED: 'applied'>, 'location': None, 'job_url': None, 'notes': None, 'company_id': 19, 'user_id': 3}
2026-06-20 00:23:50,997 | DEBUG | app.repos.application_repository | Repository application before add: <app.models.application.Application object at 0x0000028301EE9750>
2026-06-20 00:23:50,997 | DEBUG | app.repos.application_repository | has company_name property: False
2026-06-20 00:23:51,009 | DEBUG | app.repos.application_repository | Repository application after refresh: <app.models.application.Application object at 0x0000028301EE9750>
2026-06-20 00:23:51,014 | DEBUG | app.repos.application_repository | Company relation refresh after refresh: <app.models.company.Company object at 0x0000028301F64190>
2026-06-20 00:23:51,014 | DEBUG | app.repos.application_repository | company name after refresh: Company 1
2026-06-20 00:23:51,014 | DEBUG | app.services.application_service | Application company ID: 19
2026-06-20 00:23:51,014 | DEBUG | app.services.application_service | Application name attr: Company 1
2026-06-20 00:23:51,014 | DEBUG | app.api.applications | Route result: <app.models.application.Application object at 0x0000028301EE9750>
2026-06-20 00:23:51,016 | DEBUG | app.api.applications | Route result dictionary: {'_sa_instance_state': <sqlalchemy.orm.state.InstanceState object at 0x0000028301EFEC90>, 'status': <ApplicationStatus.APPLIED: 'applied'>, 'created_at': datetime.datetime(2026, 6, 19, 22, 23, 50, 997716, tzinfo=zoneinfo.ZoneInfo(key='Africa/Johannesburg')), 'deadline': None, 'notes': None, 'company_id': 19, 'id': 19, 'role': 'Developer', 'location': None, 'job_url': None, 'updated_at': datetime.datetime(2026, 6, 19, 22, 23, 50, 997716, tzinfo=zoneinfo.ZoneInfo(key='Africa/Johannesburg')), 'follow_up_date': None, 'user_id': 3, 'company': <app.models.company.Company object at 0x0000028301F64190>}
2026-06-20 00:23:51,016 | DEBUG | app.api.applications | Route company: <app.models.company.Company object at 0x0000028301F64190>
2026-06-20 00:23:51,016 | DEBUG | app.api.applications | Route company_name: Company 1
2026-06-20 00:23:51,050 | DEBUG | app.services.application_service | Company Name: Company 2
2026-06-20 00:23:51,052 | DEBUG | app.services.application_service | Company Found: None
2026-06-20 00:23:51,163 | DEBUG | app.services.application_service | company CREATED: ID is 20, name=Company 2
2026-06-20 00:23:51,163 | DEBUG | app.services.application_service | FINAL APPLICATION DATA: {'role': 'Developer', 'status': <ApplicationStatus.APPLIED: 'applied'>, 'location': None, 'job_url': None, 'notes': None, 'company_id': 20, 'user_id': 3}
2026-06-20 00:23:51,163 | DEBUG | app.repos.application_repository | Repository application before add: <app.models.application.Application object at 0x0000028301F64190>
2026-06-20 00:23:51,163 | DEBUG | app.repos.application_repository | has company_name property: False
2026-06-20 00:23:51,180 | DEBUG | app.repos.application_repository | Repository application after refresh: <app.models.application.Application object at 0x0000028301F64190>
2026-06-20 00:23:51,182 | DEBUG | app.repos.application_repository | Company relation refresh after refresh: <app.models.company.Company object at 0x0000028301F671D0>
2026-06-20 00:23:51,182 | DEBUG | app.repos.application_repository | company name after refresh: Company 2
2026-06-20 00:23:51,184 | DEBUG | app.services.application_service | Application company ID: 20
2026-06-20 00:23:51,184 | DEBUG | app.services.application_service | Application name attr: Company 2
2026-06-20 00:23:51,184 | DEBUG | app.api.applications | Route result: <app.models.application.Application object at 0x0000028301F64190>
2026-06-20 00:23:51,184 | DEBUG | app.api.applications | Route result dictionary: {'_sa_instance_state': <sqlalchemy.orm.state.InstanceState object at 0x0000028301EFEC30>, 'status': <ApplicationStatus.APPLIED: 'applied'>, 'created_at': datetime.datetime(2026, 6, 19, 22, 23, 51, 165252, tzinfo=zoneinfo.ZoneInfo(key='Africa/Johannesburg')), 'deadline': None, 'notes': None, 'company_id': 20, 'id': 20, 'role': 'Developer', 'location': None, 'job_url': None, 'updated_at': datetime.datetime(2026, 6, 19, 22, 23, 51, 165252, tzinfo=zoneinfo.ZoneInfo(key='Africa/Johannesburg')), 'follow_up_date': None, 'user_id': 3, 'company': <app.models.company.Company object at 0x0000028301F671D0>}
2026-06-20 00:23:51,184 | DEBUG | app.api.applications | Route company: <app.models.company.Company object at 0x0000028301F671D0>
2026-06-20 00:23:51,184 | DEBUG | app.api.applications | Route company_name: Company 2
2026-06-20 00:23:51,212 | DEBUG | app.services.application_service | Company Name: Company 3
2026-06-20 00:23:51,216 | DEBUG | app.services.application_service | Company Found: None
2026-06-20 00:23:51,412 | DEBUG | app.services.application_service | company CREATED: ID is 21, name=Company 3
2026-06-20 00:23:51,412 | DEBUG | app.services.application_service | FINAL APPLICATION DATA: {'role': 'Developer', 'status': <ApplicationStatus.APPLIED: 'applied'>, 'location': None, 'job_url': None, 'notes': None, 'company_id': 21, 'user_id': 3}
2026-06-20 00:23:51,414 | DEBUG | app.repos.application_repository | Repository application before add: <app.models.application.Application object at 0x0000028301F7CBD0>
2026-06-20 00:23:51,414 | DEBUG | app.repos.application_repository | has company_name property: False
2026-06-20 00:23:51,426 | DEBUG | app.repos.application_repository | Repository application after refresh: <app.models.application.Application object at 0x0000028301F7CBD0>
2026-06-20 00:23:51,430 | DEBUG | app.repos.application_repository | Company relation refresh after refresh: <app.models.company.Company object at 0x0000028301F676D0>
2026-06-20 00:23:51,430 | DEBUG | app.repos.application_repository | company name after refresh: Company 3
2026-06-20 00:23:51,430 | DEBUG | app.services.application_service | Application company ID: 21
2026-06-20 00:23:51,430 | DEBUG | app.services.application_service | Application name attr: Company 3
2026-06-20 00:23:51,430 | DEBUG | app.api.applications | Route result: <app.models.application.Application object at 0x0000028301F7CBD0>
2026-06-20 00:23:51,432 | DEBUG | app.api.applications | Route result dictionary: {'_sa_instance_state': <sqlalchemy.orm.state.InstanceState object at 0x0000028301EFDB50>, 'status': <ApplicationStatus.APPLIED: 'applied'>, 'created_at': datetime.datetime(2026, 6, 19, 22, 23, 51, 414399, tzinfo=zoneinfo.ZoneInfo(key='Africa/Johannesburg')), 'deadline': None, 'notes': None, 'company_id': 21, 'id': 21, 'role': 'Developer', 'location': None, 'job_url': None, 'updated_at': datetime.datetime(2026, 6, 19, 22, 23, 51, 414399, tzinfo=zoneinfo.ZoneInfo(key='Africa/Johannesburg')), 'follow_up_date': None, 'user_id': 3, 'company': <app.models.company.Company object at 0x0000028301F676D0>}
2026-06-20 00:23:51,432 | DEBUG | app.api.applications | Route company: <app.models.company.Company object at 0x0000028301F676D0>
2026-06-20 00:23:51,432 | DEBUG | app.api.applications | Route company_name: Company 3
2026-06-20 00:23:53,500 | DEBUG | app.services.application_service | Company Name: Company 4
2026-06-20 00:23:53,506 | DEBUG | app.services.application_service | Company Found: None
2026-06-20 00:23:53,512 | DEBUG | app.services.application_service | company CREATED: ID is 22, name=Company 4
2026-06-20 00:23:53,512 | DEBUG | app.services.application_service | FINAL APPLICATION DATA: {'role': 'Developer', 'status': <ApplicationStatus.APPLIED: 'applied'>, 'location': None, 'job_url': None, 'notes': None, 'company_id': 22, 'user_id': 3}
2026-06-20 00:23:53,512 | DEBUG | app.repos.application_repository | Repository application before add: <app.models.application.Application object at 0x0000028301F64E90>
2026-06-20 00:23:53,512 | DEBUG | app.repos.application_repository | has company_name property: False
2026-06-20 00:23:53,524 | DEBUG | app.repos.application_repository | Repository application after refresh: <app.models.application.Application object at 0x0000028301F64E90>
2026-06-20 00:23:53,526 | DEBUG | app.repos.application_repository | Company relation refresh after refresh: <app.models.company.Company object at 0x0000028301F7C290>
2026-06-20 00:23:53,526 | DEBUG | app.repos.application_repository | company name after refresh: Company 4
2026-06-20 00:23:53,526 | DEBUG | app.services.application_service | Application company ID: 22
2026-06-20 00:23:53,526 | DEBUG | app.services.application_service | Application name attr: Company 4
2026-06-20 00:23:53,526 | DEBUG | app.api.applications | Route result: <app.models.application.Application object at 0x0000028301F64E90>
2026-06-20 00:23:53,528 | DEBUG | app.api.applications | Route result dictionary: {'_sa_instance_state': <sqlalchemy.orm.state.InstanceState object at 0x0000028301EFEF90>, 'status': <ApplicationStatus.APPLIED: 'applied'>, 'created_at': datetime.datetime(2026, 6, 19, 22, 23, 53, 514083, tzinfo=zoneinfo.ZoneInfo(key='Africa/Johannesburg')), 'deadline': None, 'notes': None, 'company_id': 22, 'id': 22, 'role': 'Developer', 'location': None, 'job_url': None, 'updated_at': datetime.datetime(2026, 6, 19, 22, 23, 53, 514083, tzinfo=zoneinfo.ZoneInfo(key='Africa/Johannesburg')), 'follow_up_date': None, 'user_id': 3, 'company': <app.models.company.Company object at 0x0000028301F7C290>}
2026-06-20 00:23:53,528 | DEBUG | app.api.applications | Route company: <app.models.company.Company object at 0x0000028301F7C290>
2026-06-20 00:23:53,528 | DEBUG | app.api.applications | Route company_name: Company 4
2026-06-20 00:23:53,613 | DEBUG | app.services.application_service | Company Name: Company 5
2026-06-20 00:23:53,615 | DEBUG | app.services.application_service | Company Found: None
2026-06-20 00:23:53,625 | DEBUG | app.services.application_service | company CREATED: ID is 23, name=Company 5
2026-06-20 00:23:53,625 | DEBUG | app.services.application_service | FINAL APPLICATION DATA: {'role': 'Developer', 'status': <ApplicationStatus.APPLIED: 'applied'>, 'location': None, 'job_url': None, 'notes': None, 'company_id': 23, 'user_id': 3}
2026-06-20 00:23:53,625 | DEBUG | app.repos.application_repository | Repository application before add: <app.models.application.Application object at 0x00000283019CAD50>
2026-06-20 00:23:53,625 | DEBUG | app.repos.application_repository | has company_name property: False
2026-06-20 00:23:53,637 | DEBUG | app.repos.application_repository | Repository application after refresh: <app.models.application.Application object at 0x00000283019CAD50>
2026-06-20 00:23:53,639 | DEBUG | app.repos.application_repository | Company relation refresh after refresh: <app.models.company.Company object at 0x0000028301A76110>
2026-06-20 00:23:53,641 | DEBUG | app.repos.application_repository | company name after refresh: Company 5
2026-06-20 00:23:53,641 | DEBUG | app.services.application_service | Application company ID: 23
2026-06-20 00:23:53,641 | DEBUG | app.services.application_service | Application name attr: Company 5
2026-06-20 00:23:53,641 | DEBUG | app.api.applications | Route result: <app.models.application.Application object at 0x00000283019CAD50>
2026-06-20 00:23:53,641 | DEBUG | app.api.applications | Route result dictionary: {'_sa_instance_state': <sqlalchemy.orm.state.InstanceState object at 0x0000028301EFF350>, 'status': <ApplicationStatus.APPLIED: 'applied'>, 'created_at': datetime.datetime(2026, 6, 19, 22, 23, 53, 627348, tzinfo=zoneinfo.ZoneInfo(key='Africa/Johannesburg')), 'deadline': None, 'notes': None, 'company_id': 23, 'id': 23, 'role': 'Developer', 'location': None, 'job_url': None, 'updated_at': datetime.datetime(2026, 6, 19, 22, 23, 53, 627348, tzinfo=zoneinfo.ZoneInfo(key='Africa/Johannesburg')), 'follow_up_date': None, 'user_id': 3, 'company': <app.models.company.Company object at 0x0000028301A76110>}
2026-06-20 00:23:53,641 | DEBUG | app.api.applications | Route company: <app.models.company.Company object at 0x0000028301A76110>
2026-06-20 00:23:53,641 | DEBUG | app.api.applications | Route company_name: Company 5
2026-06-20 00:23:53,661 | DEBUG | app.services.application_service | Company Name: Company 6
2026-06-20 00:23:53,668 | DEBUG | app.services.application_service | Company Found: None
2026-06-20 00:23:53,673 | DEBUG | app.services.application_service | company CREATED: ID is 24, name=Company 6
2026-06-20 00:23:53,675 | DEBUG | app.services.application_service | FINAL APPLICATION DATA: {'role': 'Developer', 'status': <ApplicationStatus.APPLIED: 'applied'>, 'location': None, 'job_url': None, 'notes': None, 'company_id': 24, 'user_id': 3}
2026-06-20 00:23:53,675 | DEBUG | app.repos.application_repository | Repository application before add: <app.models.application.Application object at 0x0000028301F435D0>
2026-06-20 00:23:53,675 | DEBUG | app.repos.application_repository | has company_name property: False
2026-06-20 00:23:53,681 | DEBUG | app.repos.application_repository | Repository application after refresh: <app.models.application.Application object at 0x0000028301F435D0>
2026-06-20 00:23:53,685 | DEBUG | app.repos.application_repository | Company relation refresh after refresh: <app.models.company.Company object at 0x0000028301F416D0>
2026-06-20 00:23:53,685 | DEBUG | app.repos.application_repository | company name after refresh: Company 6
2026-06-20 00:23:53,685 | DEBUG | app.services.application_service | Application company ID: 24
2026-06-20 00:23:53,685 | DEBUG | app.services.application_service | Application name attr: Company 6
2026-06-20 00:23:53,685 | DEBUG | app.api.applications | Route result: <app.models.application.Application object at 0x0000028301F435D0>
2026-06-20 00:23:53,687 | DEBUG | app.api.applications | Route result dictionary: {'_sa_instance_state': <sqlalchemy.orm.state.InstanceState object at 0x0000028301EFF1D0>, 'status': <ApplicationStatus.APPLIED: 'applied'>, 'created_at': datetime.datetime(2026, 6, 19, 22, 23, 53, 675911, tzinfo=zoneinfo.ZoneInfo(key='Africa/Johannesburg')), 'deadline': None, 'notes': None, 'company_id': 24, 'id': 24, 'role': 'Developer', 'location': None, 'job_url': None, 'updated_at': datetime.datetime(2026, 6, 19, 22, 23, 53, 675911, tzinfo=zoneinfo.ZoneInfo(key='Africa/Johannesburg')), 'follow_up_date': None, 'user_id': 3, 'company': <app.models.company.Company object at 0x0000028301F416D0>}
2026-06-20 00:23:53,687 | DEBUG | app.api.applications | Route company: <app.models.company.Company object at 0x0000028301F416D0>
2026-06-20 00:23:53,687 | DEBUG | app.api.applications | Route company_name: Company 6
2026-06-20 00:23:53,710 | DEBUG | app.services.application_service | Company Name: Company 7
2026-06-20 00:23:53,712 | DEBUG | app.services.application_service | Company Found: None
2026-06-20 00:23:53,720 | DEBUG | app.services.application_service | company CREATED: ID is 25, name=Company 7
2026-06-20 00:23:53,720 | DEBUG | app.services.application_service | FINAL APPLICATION DATA: {'role': 'Developer', 'status': <ApplicationStatus.APPLIED: 'applied'>, 'location': None, 'job_url': None, 'notes': None, 'company_id': 25, 'user_id': 3}
2026-06-20 00:23:53,720 | DEBUG | app.repos.application_repository | Repository application before add: <app.models.application.Application object at 0x0000028301F64690>
2026-06-20 00:23:53,720 | DEBUG | app.repos.application_repository | has company_name property: False
2026-06-20 00:23:53,733 | DEBUG | app.repos.application_repository | Repository application after refresh: <app.models.application.Application object at 0x0000028301F64690>
2026-06-20 00:23:53,736 | DEBUG | app.repos.application_repository | Company relation refresh after refresh: <app.models.company.Company object at 0x0000028301F40A50>
2026-06-20 00:23:53,736 | DEBUG | app.repos.application_repository | company name after refresh: Company 7
2026-06-20 00:23:53,736 | DEBUG | app.services.application_service | Application company ID: 25
2026-06-20 00:23:53,736 | DEBUG | app.services.application_service | Application name attr: Company 7
2026-06-20 00:23:53,736 | DEBUG | app.api.applications | Route result: <app.models.application.Application object at 0x0000028301F64690>
2026-06-20 00:23:53,736 | DEBUG | app.api.applications | Route result dictionary: {'_sa_instance_state': <sqlalchemy.orm.state.InstanceState object at 0x0000028301EFF590>, 'status': <ApplicationStatus.APPLIED: 'applied'>, 'created_at': datetime.datetime(2026, 6, 19, 22, 23, 53, 722567, tzinfo=zoneinfo.ZoneInfo(key='Africa/Johannesburg')), 'deadline': None, 'notes': None, 'company_id': 25, 'id': 25, 'role': 'Developer', 'location': None, 'job_url': None, 'updated_at': datetime.datetime(2026, 6, 19, 22, 23, 53, 722567, tzinfo=zoneinfo.ZoneInfo(key='Africa/Johannesburg')), 'follow_up_date': None, 'user_id': 3, 'company': <app.models.company.Company object at 0x0000028301F40A50>}
2026-06-20 00:23:53,738 | DEBUG | app.api.applications | Route company: <app.models.company.Company object at 0x0000028301F40A50>
2026-06-20 00:23:53,738 | DEBUG | app.api.applications | Route company_name: Company 7
2026-06-20 00:23:53,758 | DEBUG | app.services.application_service | Company Name: Company 8
2026-06-20 00:23:53,764 | DEBUG | app.services.application_service | Company Found: None
2026-06-20 00:23:53,773 | DEBUG | app.services.application_service | company CREATED: ID is 26, name=Company 8
2026-06-20 00:23:53,773 | DEBUG | app.services.application_service | FINAL APPLICATION DATA: {'role': 'Developer', 'status': <ApplicationStatus.APPLIED: 'applied'>, 'location': None, 'job_url': None, 'notes': None, 'company_id': 26, 'user_id': 3}
2026-06-20 00:23:53,773 | DEBUG | app.repos.application_repository | Repository application before add: <app.models.application.Application object at 0x0000028301F58150>
2026-06-20 00:23:53,773 | DEBUG | app.repos.application_repository | has company_name property: False
2026-06-20 00:23:53,783 | DEBUG | app.repos.application_repository | Repository application after refresh: <app.models.application.Application object at 0x0000028301F58150>
2026-06-20 00:23:53,785 | DEBUG | app.repos.application_repository | Company relation refresh after refresh: <app.models.company.Company object at 0x0000028301F43050>
2026-06-20 00:23:53,785 | DEBUG | app.repos.application_repository | company name after refresh: Company 8
2026-06-20 00:23:53,787 | DEBUG | app.services.application_service | Application company ID: 26
2026-06-20 00:23:53,787 | DEBUG | app.services.application_service | Application name attr: Company 8
2026-06-20 00:23:53,787 | DEBUG | app.api.applications | Route result: <app.models.application.Application object at 0x0000028301F58150>
2026-06-20 00:23:53,787 | DEBUG | app.api.applications | Route result dictionary: {'_sa_instance_state': <sqlalchemy.orm.state.InstanceState object at 0x0000028301EFF3B0>, 'status': <ApplicationStatus.APPLIED: 'applied'>, 'created_at': datetime.datetime(2026, 6, 19, 22, 23, 53, 775418, tzinfo=zoneinfo.ZoneInfo(key='Africa/Johannesburg')), 'deadline': None, 'notes': None, 'company_id': 26, 'id': 26, 'role': 'Developer', 'location': None, 'job_url': None, 'updated_at': datetime.datetime(2026, 6, 19, 22, 23, 53, 775418, tzinfo=zoneinfo.ZoneInfo(key='Africa/Johannesburg')), 'follow_up_date': None, 'user_id': 3, 'company': <app.models.company.Company object at 0x0000028301F43050>}
2026-06-20 00:23:53,787 | DEBUG | app.api.applications | Route company: <app.models.company.Company object at 0x0000028301F43050>
2026-06-20 00:23:53,787 | DEBUG | app.api.applications | Route company_name: Company 8
2026-06-20 00:23:53,811 | DEBUG | app.services.application_service | Company Name: Company 9
2026-06-20 00:23:53,813 | DEBUG | app.services.application_service | Company Found: None
2026-06-20 00:23:53,821 | DEBUG | app.services.application_service | company CREATED: ID is 27, name=Company 9
2026-06-20 00:23:53,821 | DEBUG | app.services.application_service | FINAL APPLICATION DATA: {'role': 'Developer', 'status': <ApplicationStatus.APPLIED: 'applied'>, 'location': None, 'job_url': None, 'notes': None, 'company_id': 27, 'user_id': 3}
2026-06-20 00:23:53,821 | DEBUG | app.repos.application_repository | Repository application before add: <app.models.application.Application object at 0x0000028301F59A90>
2026-06-20 00:23:53,821 | DEBUG | app.repos.application_repository | has company_name property: False
2026-06-20 00:23:53,829 | DEBUG | app.repos.application_repository | Repository application after refresh: <app.models.application.Application object at 0x0000028301F59A90>
2026-06-20 00:23:53,831 | DEBUG | app.repos.application_repository | Company relation refresh after refresh: <app.models.company.Company object at 0x0000028301F43590>
2026-06-20 00:23:53,831 | DEBUG | app.repos.application_repository | company name after refresh: Company 9
2026-06-20 00:23:53,831 | DEBUG | app.services.application_service | Application company ID: 27
2026-06-20 00:23:53,837 | DEBUG | app.services.application_service | Application name attr: Company 9
2026-06-20 00:23:53,837 | DEBUG | app.api.applications | Route result: <app.models.application.Application object at 0x0000028301F59A90>
2026-06-20 00:23:53,837 | DEBUG | app.api.applications | Route result dictionary: {'_sa_instance_state': <sqlalchemy.orm.state.InstanceState object at 0x0000028301EFF470>, 'status': <ApplicationStatus.APPLIED: 'applied'>, 'created_at': datetime.datetime(2026, 6, 19, 22, 23, 53, 823470, tzinfo=zoneinfo.ZoneInfo(key='Africa/Johannesburg')), 'deadline': None, 'notes': None, 'company_id': 27, 'id': 27, 'role': 'Developer', 'location': None, 'job_url': None, 'updated_at': datetime.datetime(2026, 6, 19, 22, 23, 53, 823470, tzinfo=zoneinfo.ZoneInfo(key='Africa/Johannesburg')), 'follow_up_date': None, 'user_id': 3, 'company': <app.models.company.Company object at 0x0000028301F43590>}
2026-06-20 00:23:53,837 | DEBUG | app.api.applications | Route company: <app.models.company.Company object at 0x0000028301F43590>
2026-06-20 00:23:53,837 | DEBUG | app.api.applications | Route company_name: Company 9
2026-06-20 00:23:53,859 | DEBUG | app.services.application_service | Company Name: Company 10
2026-06-20 00:23:53,861 | DEBUG | app.services.application_service | Company Found: None
2026-06-20 00:23:53,869 | DEBUG | app.services.application_service | company CREATED: ID is 28, name=Company 10
2026-06-20 00:23:53,871 | DEBUG | app.services.application_service | FINAL APPLICATION DATA: {'role': 'Developer', 'status': <ApplicationStatus.APPLIED: 'applied'>, 'location': None, 'job_url': None, 'notes': None, 'company_id': 28, 'user_id': 3}
2026-06-20 00:23:53,871 | DEBUG | app.repos.application_repository | Repository application before add: <app.models.application.Application object at 0x0000028301978210>
2026-06-20 00:23:53,871 | DEBUG | app.repos.application_repository | has company_name property: False
2026-06-20 00:23:53,879 | DEBUG | app.repos.application_repository | Repository application after refresh: <app.models.application.Application object at 0x0000028301978210>
2026-06-20 00:23:53,881 | DEBUG | app.repos.application_repository | Company relation refresh after refresh: <app.models.company.Company object at 0x0000028301F34CD0>
2026-06-20 00:23:53,883 | DEBUG | app.repos.application_repository | company name after refresh: Company 10
2026-06-20 00:23:53,883 | DEBUG | app.services.application_service | Application company ID: 28
2026-06-20 00:23:53,883 | DEBUG | app.services.application_service | Application name attr: Company 10
2026-06-20 00:23:53,883 | DEBUG | app.api.applications | Route result: <app.models.application.Application object at 0x0000028301978210>
2026-06-20 00:23:53,883 | DEBUG | app.api.applications | Route result dictionary: {'_sa_instance_state': <sqlalchemy.orm.state.InstanceState object at 0x0000028301EFF770>, 'status': <ApplicationStatus.APPLIED: 'applied'>, 'created_at': datetime.datetime(2026, 6, 19, 22, 23, 53, 873505, tzinfo=zoneinfo.ZoneInfo(key='Africa/Johannesburg')), 'deadline': None, 'notes': None, 'company_id': 28, 'id': 28, 'role': 'Developer', 'location': None, 'job_url': None, 'updated_at': datetime.datetime(2026, 6, 19, 22, 23, 53, 873505, tzinfo=zoneinfo.ZoneInfo(key='Africa/Johannesburg')), 'follow_up_date': None, 'user_id': 3, 'company': <app.models.company.Company object at 0x0000028301F34CD0>}
2026-06-20 00:23:53,883 | DEBUG | app.api.applications | Route company: <app.models.company.Company object at 0x0000028301F34CD0>
2026-06-20 00:23:53,885 | DEBUG | app.api.applications | Route company_name: Company 10
2026-06-20 00:23:53,905 | DEBUG | app.services.application_service | Company Name: Company 11
2026-06-20 00:23:53,907 | DEBUG | app.services.application_service | Company Found: None
2026-06-20 00:23:53,915 | DEBUG | app.services.application_service | company CREATED: ID is 29, name=Company 11
2026-06-20 00:23:53,915 | DEBUG | app.services.application_service | FINAL APPLICATION DATA: {'role': 'Developer', 'status': <ApplicationStatus.APPLIED: 'applied'>, 'location': None, 'job_url': None, 'notes': None, 'company_id': 29, 'user_id': 3}
2026-06-20 00:23:53,915 | DEBUG | app.repos.application_repository | Repository application before add: <app.models.application.Application object at 0x0000028301F59C90>
2026-06-20 00:23:53,915 | DEBUG | app.repos.application_repository | has company_name property: False
2026-06-20 00:23:53,923 | DEBUG | app.repos.application_repository | Repository application after refresh: <app.models.application.Application object at 0x0000028301F59C90>
2026-06-20 00:23:53,925 | DEBUG | app.repos.application_repository | Company relation refresh after refresh: <app.models.company.Company object at 0x0000028301A9D750>
2026-06-20 00:23:53,925 | DEBUG | app.repos.application_repository | company name after refresh: Company 11
2026-06-20 00:23:53,925 | DEBUG | app.services.application_service | Application company ID: 29
2026-06-20 00:23:53,925 | DEBUG | app.services.application_service | Application name attr: Company 11
2026-06-20 00:23:53,925 | DEBUG | app.api.applications | Route result: <app.models.application.Application object at 0x0000028301F59C90>
2026-06-20 00:23:53,929 | DEBUG | app.api.applications | Route result dictionary: {'_sa_instance_state': <sqlalchemy.orm.state.InstanceState object at 0x0000028301EFFFB0>, 'status': <ApplicationStatus.APPLIED: 'applied'>, 'created_at': datetime.datetime(2026, 6, 19, 22, 23, 53, 917699, tzinfo=zoneinfo.ZoneInfo(key='Africa/Johannesburg')), 'deadline': None, 'notes': None, 'company_id': 29, 'id': 29, 'role': 'Developer', 'location': None, 'job_url': None, 'updated_at': datetime.datetime(2026, 6, 19, 22, 23, 53, 917699, tzinfo=zoneinfo.ZoneInfo(key='Africa/Johannesburg')), 'follow_up_date': None, 'user_id': 3, 'company': <app.models.company.Company object at 0x0000028301A9D750>}
2026-06-20 00:23:53,929 | DEBUG | app.api.applications | Route company: <app.models.company.Company object at 0x0000028301A9D750>
2026-06-20 00:23:53,929 | DEBUG | app.api.applications | Route company_name: Company 11
2026-06-20 00:23:53,953 | DEBUG | app.services.application_service | Company Name: Company 12
2026-06-20 00:23:53,957 | DEBUG | app.services.application_service | Company Found: None
2026-06-20 00:23:53,967 | DEBUG | app.services.application_service | company CREATED: ID is 30, name=Company 12
2026-06-20 00:23:53,967 | DEBUG | app.services.application_service | FINAL APPLICATION DATA: {'role': 'Developer', 'status': <ApplicationStatus.APPLIED: 'applied'>, 'location': None, 'job_url': None, 'notes': None, 'company_id': 30, 'user_id': 3}
2026-06-20 00:23:53,969 | DEBUG | app.repos.application_repository | Repository application before add: <app.models.application.Application object at 0x0000028301F96A90>
2026-06-20 00:23:53,969 | DEBUG | app.repos.application_repository | has company_name property: False
2026-06-20 00:23:53,977 | DEBUG | app.repos.application_repository | Repository application after refresh: <app.models.application.Application object at 0x0000028301F96A90>
2026-06-20 00:23:53,979 | DEBUG | app.repos.application_repository | Company relation refresh after refresh: <app.models.company.Company object at 0x0000028301F67910>
2026-06-20 00:23:53,979 | DEBUG | app.repos.application_repository | company name after refresh: Company 12
2026-06-20 00:23:53,979 | DEBUG | app.services.application_service | Application company ID: 30
2026-06-20 00:23:53,979 | DEBUG | app.services.application_service | Application name attr: Company 12
2026-06-20 00:23:53,981 | DEBUG | app.api.applications | Route result: <app.models.application.Application object at 0x0000028301F96A90>
2026-06-20 00:23:53,981 | DEBUG | app.api.applications | Route result dictionary: {'_sa_instance_state': <sqlalchemy.orm.state.InstanceState object at 0x0000028301EFFBF0>, 'status': <ApplicationStatus.APPLIED: 'applied'>, 'created_at': datetime.datetime(2026, 6, 19, 22, 23, 53, 971890, tzinfo=zoneinfo.ZoneInfo(key='Africa/Johannesburg')), 'deadline': None, 'notes': None, 'company_id': 30, 'id': 30, 'role': 'Developer', 'location': None, 'job_url': None, 'updated_at': datetime.datetime(2026, 6, 19, 22, 23, 53, 971890, tzinfo=zoneinfo.ZoneInfo(key='Africa/Johannesburg')), 'follow_up_date': None, 'user_id': 3, 'company': <app.models.company.Company object at 0x0000028301F67910>}
2026-06-20 00:23:53,981 | DEBUG | app.api.applications | Route company: <app.models.company.Company object at 0x0000028301F67910>
2026-06-20 00:23:53,981 | DEBUG | app.api.applications | Route company_name: Company 12
2026-06-20 00:23:54,004 | DEBUG | app.services.application_service | Company Name: Company 13
2026-06-20 00:23:54,008 | DEBUG | app.services.application_service | Company Found: None
2026-06-20 00:23:54,014 | DEBUG | app.services.application_service | company CREATED: ID is 31, name=Company 13
2026-06-20 00:23:54,014 | DEBUG | app.services.application_service | FINAL APPLICATION DATA: {'role': 'Developer', 'status': <ApplicationStatus.APPLIED: 'applied'>, 'location': None, 'job_url': None, 'notes': None, 'company_id': 31, 'user_id': 3}
2026-06-20 00:23:54,014 | DEBUG | app.repos.application_repository | Repository application before add: <app.models.application.Application object at 0x0000028301F59410>
2026-06-20 00:23:54,014 | DEBUG | app.repos.application_repository | has company_name property: False
2026-06-20 00:23:54,022 | DEBUG | app.repos.application_repository | Repository application after refresh: <app.models.application.Application object at 0x0000028301F59410>
2026-06-20 00:23:54,024 | DEBUG | app.repos.application_repository | Company relation refresh after refresh: <app.models.company.Company object at 0x0000028301F64290>
2026-06-20 00:23:54,024 | DEBUG | app.repos.application_repository | company name after refresh: Company 13
2026-06-20 00:23:54,024 | DEBUG | app.services.application_service | Application company ID: 31
2026-06-20 00:23:54,024 | DEBUG | app.services.application_service | Application name attr: Company 13
2026-06-20 00:23:54,024 | DEBUG | app.api.applications | Route result: <app.models.application.Application object at 0x0000028301F59410>
2026-06-20 00:23:54,028 | DEBUG | app.api.applications | Route result dictionary: {'_sa_instance_state': <sqlalchemy.orm.state.InstanceState object at 0x0000028301E001D0>, 'status': <ApplicationStatus.APPLIED: 'applied'>, 'created_at': datetime.datetime(2026, 6, 19, 22, 23, 54, 16078, tzinfo=zoneinfo.ZoneInfo(key='Africa/Johannesburg')), 'deadline': None, 'notes': None, 'company_id': 31, 'id': 31, 'role': 'Developer', 'location': None, 'job_url': None, 'updated_at': datetime.datetime(2026, 6, 19, 22, 23, 54, 16078, tzinfo=zoneinfo.ZoneInfo(key='Africa/Johannesburg')), 'follow_up_date': None, 'user_id': 3, 'company': <app.models.company.Company object at 0x0000028301F64290>}
2026-06-20 00:23:54,028 | DEBUG | app.api.applications | Route company: <app.models.company.Company object at 0x0000028301F64290>
2026-06-20 00:23:54,028 | DEBUG | app.api.applications | Route company_name: Company 13
2026-06-20 00:23:54,048 | DEBUG | app.services.application_service | Company Name: Company 14
2026-06-20 00:23:54,052 | DEBUG | app.services.application_service | Company Found: None
2026-06-20 00:23:54,058 | DEBUG | app.services.application_service | company CREATED: ID is 32, name=Company 14
2026-06-20 00:23:54,058 | DEBUG | app.services.application_service | FINAL APPLICATION DATA: {'role': 'Developer', 'status': <ApplicationStatus.APPLIED: 'applied'>, 'location': None, 'job_url': None, 'notes': None, 'company_id': 32, 'user_id': 3}
2026-06-20 00:23:54,058 | DEBUG | app.repos.application_repository | Repository application before add: <app.models.application.Application object at 0x0000028301F7FE10>
2026-06-20 00:23:54,063 | DEBUG | app.repos.application_repository | has company_name property: False
2026-06-20 00:23:54,071 | DEBUG | app.repos.application_repository | Repository application after refresh: <app.models.application.Application object at 0x0000028301F7FE10>
2026-06-20 00:23:54,073 | DEBUG | app.repos.application_repository | Company relation refresh after refresh: <app.models.company.Company object at 0x0000028301F94710>
2026-06-20 00:23:54,075 | DEBUG | app.repos.application_repository | company name after refresh: Company 14
2026-06-20 00:23:54,075 | DEBUG | app.services.application_service | Application company ID: 32
2026-06-20 00:23:54,075 | DEBUG | app.services.application_service | Application name attr: Company 14
2026-06-20 00:23:54,075 | DEBUG | app.api.applications | Route result: <app.models.application.Application object at 0x0000028301F7FE10>
2026-06-20 00:23:54,075 | DEBUG | app.api.applications | Route result dictionary: {'_sa_instance_state': <sqlalchemy.orm.state.InstanceState object at 0x0000028301E02E10>, 'status': <ApplicationStatus.APPLIED: 'applied'>, 'created_at': datetime.datetime(2026, 6, 19, 22, 23, 54, 63172, tzinfo=zoneinfo.ZoneInfo(key='Africa/Johannesburg')), 'deadline': None, 'notes': None, 'company_id': 32, 'id': 32, 'role': 'Developer', 'location': None, 'job_url': None, 'updated_at': datetime.datetime(2026, 6, 19, 22, 23, 54, 63172, tzinfo=zoneinfo.ZoneInfo(key='Africa/Johannesburg')), 'follow_up_date': None, 'user_id': 3, 'company': <app.models.company.Company object at 0x0000028301F94710>}
2026-06-20 00:23:54,075 | DEBUG | app.api.applications | Route company: <app.models.company.Company object at 0x0000028301F94710>
2026-06-20 00:23:54,075 | DEBUG | app.api.applications | Route company_name: Company 14
2026-06-20 00:23:54,103 | DEBUG | app.repos.application_repository | Base count: 15
2026-06-20 00:23:54,108 | DEBUG | app.repos.application_repository | Final result count: 10
2026-06-20 00:23:54,130 | DEBUG | app.repos.application_repository | Final results: ['Company 14', 'Company 13', 'Company 12', 'Company 11', 'Company 10', 'Company 9', 'Company 8', 'Company 7', 'Company 6', 'Company 5']
2026-06-20 00:23:55,327 | DEBUG | app.services.application_service | Company Name: Google
2026-06-20 00:23:55,329 | DEBUG | app.services.application_service | Company Found: None
2026-06-20 00:23:55,341 | DEBUG | app.services.application_service | company CREATED: ID is 33, name=Google
2026-06-20 00:23:55,341 | DEBUG | app.services.application_service | FINAL APPLICATION DATA: {'role': 'Back-End Engineer', 'status': <ApplicationStatus.APPLIED: 'applied'>, 'location': None, 'job_url': None, 'notes': None, 'company_id': 33, 'user_id': 4}
2026-06-20 00:23:55,343 | DEBUG | app.repos.application_repository | Repository application before add: <app.models.application.Application object at 0x00000283019CAA90>
2026-06-20 00:23:55,343 | DEBUG | app.repos.application_repository | has company_name property: False
2026-06-20 00:23:55,351 | DEBUG | app.repos.application_repository | Repository application after refresh: <app.models.application.Application object at 0x00000283019CAA90>
2026-06-20 00:23:55,353 | DEBUG | app.repos.application_repository | Company relation refresh after refresh: <app.models.company.Company object at 0x0000028301A85110>
2026-06-20 00:23:55,355 | DEBUG | app.repos.application_repository | company name after refresh: Google
2026-06-20 00:23:55,355 | DEBUG | app.services.application_service | Application company ID: 33
2026-06-20 00:23:55,355 | DEBUG | app.services.application_service | Application name attr: Google
2026-06-20 00:23:55,355 | DEBUG | app.api.applications | Route result: <app.models.application.Application object at 0x00000283019CAA90>
2026-06-20 00:23:55,355 | DEBUG | app.api.applications | Route result dictionary: {'_sa_instance_state': <sqlalchemy.orm.state.InstanceState object at 0x0000028301EFD190>, 'status': <ApplicationStatus.APPLIED: 'applied'>, 'created_at': datetime.datetime(2026, 6, 19, 22, 23, 55, 343766, tzinfo=zoneinfo.ZoneInfo(key='Africa/Johannesburg')), 'deadline': None, 'notes': None, 'company_id': 33, 'id': 33, 'role': 'Back-End Engineer', 'location': None, 'job_url': None, 'updated_at': datetime.datetime(2026, 6, 19, 22, 23, 55, 343766, tzinfo=zoneinfo.ZoneInfo(key='Africa/Johannesburg')), 'follow_up_date': None, 'user_id': 4, 'company': <app.models.company.Company object at 0x0000028301A85110>}
2026-06-20 00:23:55,355 | DEBUG | app.api.applications | Route company: <app.models.company.Company object at 0x0000028301A85110>
2026-06-20 00:23:55,355 | DEBUG | app.api.applications | Route company_name: Google
2026-06-20 00:23:55,379 | DEBUG | app.services.application_service | Company Name: Rock Star Games
2026-06-20 00:23:55,381 | DEBUG | app.services.application_service | Company Found: None
2026-06-20 00:23:55,389 | DEBUG | app.services.application_service | company CREATED: ID is 34, name=Rock Star Games
2026-06-20 00:23:55,389 | DEBUG | app.services.application_service | FINAL APPLICATION DATA: {'role': 'Game Developer', 'status': <ApplicationStatus.APPLIED: 'applied'>, 'location': None, 'job_url': None, 'notes': None, 'company_id': 34, 'user_id': 4}
2026-06-20 00:23:55,389 | DEBUG | app.repos.application_repository | Repository application before add: <app.models.application.Application object at 0x0000028301EF46D0>
2026-06-20 00:23:55,389 | DEBUG | app.repos.application_repository | has company_name property: False
2026-06-20 00:23:55,397 | DEBUG | app.repos.application_repository | Repository application after refresh: <app.models.application.Application object at 0x0000028301EF46D0>
2026-06-20 00:23:55,402 | DEBUG | app.repos.application_repository | Company relation refresh after refresh: <app.models.company.Company object at 0x00000283019FE850>
2026-06-20 00:23:55,404 | DEBUG | app.repos.application_repository | company name after refresh: Rock Star Games
2026-06-20 00:23:55,404 | DEBUG | app.services.application_service | Application company ID: 34
2026-06-20 00:23:55,404 | DEBUG | app.services.application_service | Application name attr: Rock Star Games
2026-06-20 00:23:55,404 | DEBUG | app.api.applications | Route result: <app.models.application.Application object at 0x0000028301EF46D0>
2026-06-20 00:23:55,404 | DEBUG | app.api.applications | Route result dictionary: {'_sa_instance_state': <sqlalchemy.orm.state.InstanceState object at 0x0000028301EFE810>, 'status': <ApplicationStatus.APPLIED: 'applied'>, 'created_at': datetime.datetime(2026, 6, 19, 22, 23, 55, 391633, tzinfo=zoneinfo.ZoneInfo(key='Africa/Johannesburg')), 'deadline': None, 'notes': None, 'company_id': 34, 'id': 34, 'role': 'Game Developer', 'location': None, 'job_url': None, 'updated_at': datetime.datetime(2026, 6, 19, 22, 23, 55, 391633, tzinfo=zoneinfo.ZoneInfo(key='Africa/Johannesburg')), 'follow_up_date': None, 'user_id': 4, 'company': <app.models.company.Company object at 0x00000283019FE850>}
2026-06-20 00:23:55,404 | DEBUG | app.api.applications | Route company: <app.models.company.Company object at 0x00000283019FE850>
2026-06-20 00:23:55,404 | DEBUG | app.api.applications | Route company_name: Rock Star Games
2026-06-20 00:23:55,422 | DEBUG | app.services.application_service | Company Name: Meta
2026-06-20 00:23:55,424 | DEBUG | app.services.application_service | Company Found: None
2026-06-20 00:23:55,435 | DEBUG | app.services.application_service | company CREATED: ID is 35, name=Meta
2026-06-20 00:23:55,435 | DEBUG | app.services.application_service | FINAL APPLICATION DATA: {'role': 'Marketing Manager', 'status': <ApplicationStatus.WISHLIST: 'wishlist'>, 'location': None, 'job_url': None, 'notes': None, 'company_id': 35, 'user_id': 4}
2026-06-20 00:23:55,435 | DEBUG | app.repos.application_repository | Repository application before add: <app.models.application.Application object at 0x0000028301F64810>
2026-06-20 00:23:55,435 | DEBUG | app.repos.application_repository | has company_name property: False
2026-06-20 00:23:55,443 | DEBUG | app.repos.application_repository | Repository application after refresh: <app.models.application.Application object at 0x0000028301F64810>
2026-06-20 00:23:55,445 | DEBUG | app.repos.application_repository | Company relation refresh after refresh: <app.models.company.Company object at 0x0000028301F40E90>
2026-06-20 00:23:55,445 | DEBUG | app.repos.application_repository | company name after refresh: Meta
2026-06-20 00:23:55,445 | DEBUG | app.services.application_service | Application company ID: 35
2026-06-20 00:23:55,447 | DEBUG | app.services.application_service | Application name attr: Meta
2026-06-20 00:23:55,447 | DEBUG | app.api.applications | Route result: <app.models.application.Application object at 0x0000028301F64810>
2026-06-20 00:23:55,447 | DEBUG | app.api.applications | Route result dictionary: {'_sa_instance_state': <sqlalchemy.orm.state.InstanceState object at 0x0000028301EFEC30>, 'status': <ApplicationStatus.WISHLIST: 'wishlist'>, 'created_at': datetime.datetime(2026, 6, 19, 22, 23, 55, 437548, tzinfo=zoneinfo.ZoneInfo(key='Africa/Johannesburg')), 'deadline': None, 'notes': None, 'company_id': 35, 'id': 35, 'role': 'Marketing Manager', 'location': None, 'job_url': None, 'updated_at': datetime.datetime(2026, 6, 19, 22, 23, 55, 437548, tzinfo=zoneinfo.ZoneInfo(key='Africa/Johannesburg')), 'follow_up_date': None, 'user_id': 4, 'company': <app.models.company.Company object at 0x0000028301F40E90>}
2026-06-20 00:23:55,447 | DEBUG | app.api.applications | Route company: <app.models.company.Company object at 0x0000028301F40E90>
2026-06-20 00:23:55,447 | DEBUG | app.api.applications | Route company_name: Meta
2026-06-20 00:23:55,472 | DEBUG | app.repos.application_repository | Base count: 3
2026-06-20 00:23:55,482 | DEBUG | app.repos.application_repository | After status filter count: 2
2026-06-20 00:23:55,486 | DEBUG | app.repos.application_repository | Final result count: 2
2026-06-20 00:23:55,492 | DEBUG | app.repos.application_repository | Final results: ['Rock Star Games', 'Google']
2026-06-20 00:23:56,589 | DEBUG | app.services.application_service | Company Name: Apple iOS
2026-06-20 00:23:56,593 | DEBUG | app.services.application_service | Company Found: None
2026-06-20 00:23:56,604 | DEBUG | app.services.application_service | company CREATED: ID is 36, name=Apple iOS
2026-06-20 00:23:56,604 | DEBUG | app.services.application_service | FINAL APPLICATION DATA: {'role': 'Developer', 'status': <ApplicationStatus.APPLIED: 'applied'>, 'location': None, 'job_url': None, 'notes': None, 'company_id': 36, 'user_id': 5}
2026-06-20 00:23:56,604 | DEBUG | app.repos.application_repository | Repository application before add: <app.models.application.Application object at 0x0000028301EE9410>
2026-06-20 00:23:56,604 | DEBUG | app.repos.application_repository | has company_name property: False
2026-06-20 00:23:56,612 | DEBUG | app.repos.application_repository | Repository application after refresh: <app.models.application.Application object at 0x0000028301EE9410>
2026-06-20 00:23:56,616 | DEBUG | app.repos.application_repository | Company relation refresh after refresh: <app.models.company.Company object at 0x0000028301F64C10>
2026-06-20 00:23:56,616 | DEBUG | app.repos.application_repository | company name after refresh: Apple iOS
2026-06-20 00:23:56,616 | DEBUG | app.services.application_service | Application company ID: 36
2026-06-20 00:23:56,616 | DEBUG | app.services.application_service | Application name attr: Apple iOS
2026-06-20 00:23:56,616 | DEBUG | app.api.applications | Route result: <app.models.application.Application object at 0x0000028301EE9410>
2026-06-20 00:23:56,616 | DEBUG | app.api.applications | Route result dictionary: {'_sa_instance_state': <sqlalchemy.orm.state.InstanceState object at 0x0000028301EFEE10>, 'status': <ApplicationStatus.APPLIED: 'applied'>, 'created_at': datetime.datetime(2026, 6, 19, 22, 23, 56, 604041, tzinfo=zoneinfo.ZoneInfo(key='Africa/Johannesburg')), 'deadline': None, 'notes': None, 'company_id': 36, 'id': 36, 'role': 'Developer', 'location': None, 'job_url': None, 'updated_at': datetime.datetime(2026, 6, 19, 22, 23, 56, 604041, tzinfo=zoneinfo.ZoneInfo(key='Africa/Johannesburg')), 'follow_up_date': None, 'user_id': 5, 'company': <app.models.company.Company object at 0x0000028301F64C10>}
2026-06-20 00:23:56,616 | DEBUG | app.api.applications | Route company: <app.models.company.Company object at 0x0000028301F64C10>
2026-06-20 00:23:56,616 | DEBUG | app.api.applications | Route company_name: Apple iOS
2026-06-20 00:23:58,636 | DEBUG | app.services.application_service | Company Name: Google
2026-06-20 00:23:58,638 | DEBUG | app.services.application_service | Company Found: None
2026-06-20 00:23:58,650 | DEBUG | app.services.application_service | company CREATED: ID is 37, name=Google
2026-06-20 00:23:58,650 | DEBUG | app.services.application_service | FINAL APPLICATION DATA: {'role': 'Developer', 'status': <ApplicationStatus.WISHLIST: 'wishlist'>, 'location': None, 'job_url': None, 'notes': None, 'company_id': 37, 'user_id': 5}
2026-06-20 00:23:58,650 | DEBUG | app.repos.application_repository | Repository application before add: <app.models.application.Application object at 0x0000028301F58A90>
2026-06-20 00:23:58,650 | DEBUG | app.repos.application_repository | has company_name property: False
2026-06-20 00:23:58,656 | DEBUG | app.repos.application_repository | Repository application after refresh: <app.models.application.Application object at 0x0000028301F58A90>
2026-06-20 00:23:58,658 | DEBUG | app.repos.application_repository | Company relation refresh after refresh: <app.models.company.Company object at 0x0000028301A75F90>
2026-06-20 00:23:58,658 | DEBUG | app.repos.application_repository | company name after refresh: Google
2026-06-20 00:23:58,658 | DEBUG | app.services.application_service | Application company ID: 37
2026-06-20 00:23:58,660 | DEBUG | app.services.application_service | Application name attr: Google
2026-06-20 00:23:58,660 | DEBUG | app.api.applications | Route result: <app.models.application.Application object at 0x0000028301F58A90>
2026-06-20 00:23:58,660 | DEBUG | app.api.applications | Route result dictionary: {'_sa_instance_state': <sqlalchemy.orm.state.InstanceState object at 0x0000028301EFE330>, 'status': <ApplicationStatus.WISHLIST: 'wishlist'>, 'created_at': datetime.datetime(2026, 6, 19, 22, 23, 58, 652214, tzinfo=zoneinfo.ZoneInfo(key='Africa/Johannesburg')), 'deadline': None, 'notes': None, 'company_id': 37, 'id': 37, 'role': 'Developer', 'location': None, 'job_url': None, 'updated_at': datetime.datetime(2026, 6, 19, 22, 23, 58, 652214, tzinfo=zoneinfo.ZoneInfo(key='Africa/Johannesburg')), 'follow_up_date': None, 'user_id': 5, 'company': <app.models.company.Company object at 0x0000028301A75F90>}
2026-06-20 00:23:58,660 | DEBUG | app.api.applications | Route company: <app.models.company.Company object at 0x0000028301A75F90>
2026-06-20 00:23:58,660 | DEBUG | app.api.applications | Route company_name: Google
2026-06-20 00:23:58,680 | DEBUG | app.repos.application_repository | Base count: 2
2026-06-20 00:23:58,684 | DEBUG | app.repos.application_repository | Final result count: 2
2026-06-20 00:23:58,688 | DEBUG | app.repos.application_repository | Final results: ['Google', 'Apple iOS']
2026-06-20 00:23:59,833 | DEBUG | app.services.application_service | Company Name: Google
2026-06-20 00:23:59,837 | DEBUG | app.services.application_service | Company Found: None
2026-06-20 00:23:59,843 | DEBUG | app.services.application_service | company CREATED: ID is 38, name=Google
2026-06-20 00:23:59,843 | DEBUG | app.services.application_service | FINAL APPLICATION DATA: {'role': 'Software Developer', 'status': <ApplicationStatus.APPLIED: 'applied'>, 'location': 'Remote', 'job_url': 'https://example.com/job', 'notes': 'Dream job', 'company_id': 38, 'user_id': 6}
2026-06-20 00:23:59,843 | DEBUG | app.repos.application_repository | Repository application before add: <app.models.application.Application object at 0x0000028301F96190>
2026-06-20 00:23:59,843 | DEBUG | app.repos.application_repository | has company_name property: False
2026-06-20 00:23:59,851 | DEBUG | app.repos.application_repository | Repository application after refresh: <app.models.application.Application object at 0x0000028301F96190>
2026-06-20 00:23:59,853 | DEBUG | app.repos.application_repository | Company relation refresh after refresh: <app.models.company.Company object at 0x0000028301FB2410>
2026-06-20 00:23:59,853 | DEBUG | app.repos.application_repository | company name after refresh: Google
2026-06-20 00:23:59,855 | DEBUG | app.services.application_service | Application company ID: 38
2026-06-20 00:23:59,855 | DEBUG | app.services.application_service | Application name attr: Google
2026-06-20 00:23:59,855 | DEBUG | app.api.applications | Route result: <app.models.application.Application object at 0x0000028301F96190>
2026-06-20 00:23:59,855 | DEBUG | app.api.applications | Route result dictionary: {'_sa_instance_state': <sqlalchemy.orm.state.InstanceState object at 0x0000028301EFE330>, 'status': <ApplicationStatus.APPLIED: 'applied'>, 'created_at': datetime.datetime(2026, 6, 19, 22, 23, 59, 845901, tzinfo=zoneinfo.ZoneInfo(key='Africa/Johannesburg')), 'deadline': None, 'notes': 'Dream job', 'company_id': 38, 'id': 38, 'role': 'Software Developer', 'location': 'Remote', 'job_url': 'https://example.com/job', 'updated_at': datetime.datetime(2026, 6, 19, 22, 23, 59, 845901, tzinfo=zoneinfo.ZoneInfo(key='Africa/Johannesburg')), 'follow_up_date': None, 'user_id': 6, 'company': <app.models.company.Company object at 0x0000028301FB2410>}
2026-06-20 00:23:59,855 | DEBUG | app.api.applications | Route company: <app.models.company.Company object at 0x0000028301FB2410>
2026-06-20 00:23:59,855 | DEBUG | app.api.applications | Route company_name: Google
2026-06-20 00:24:01,014 | DEBUG | app.services.application_service | Company Name: Microsoft
2026-06-20 00:24:01,016 | DEBUG | app.services.application_service | Company Found: None
2026-06-20 00:24:01,022 | DEBUG | app.services.application_service | company CREATED: ID is 39, name=Microsoft
2026-06-20 00:24:01,022 | DEBUG | app.services.application_service | FINAL APPLICATION DATA: {'role': 'Data Scientist', 'status': <ApplicationStatus.OFFER: 'offer'>, 'location': None, 'job_url': None, 'notes': None, 'company_id': 39, 'user_id': 7}
2026-06-20 00:24:01,022 | DEBUG | app.repos.application_repository | Repository application before add: <app.models.application.Application object at 0x0000028301F97CD0>
2026-06-20 00:24:01,024 | DEBUG | app.repos.application_repository | has company_name property: False
2026-06-20 00:24:01,031 | DEBUG | app.repos.application_repository | Repository application after refresh: <app.models.application.Application object at 0x0000028301F97CD0>
2026-06-20 00:24:01,034 | DEBUG | app.repos.application_repository | Company relation refresh after refresh: <app.models.company.Company object at 0x0000028301FBC510>
2026-06-20 00:24:01,034 | DEBUG | app.repos.application_repository | company name after refresh: Microsoft
2026-06-20 00:24:01,034 | DEBUG | app.services.application_service | Application company ID: 39
2026-06-20 00:24:01,034 | DEBUG | app.services.application_service | Application name attr: Microsoft
2026-06-20 00:24:01,034 | DEBUG | app.api.applications | Route result: <app.models.application.Application object at 0x0000028301F97CD0>
2026-06-20 00:24:01,034 | DEBUG | app.api.applications | Route result dictionary: {'_sa_instance_state': <sqlalchemy.orm.state.InstanceState object at 0x0000028301EFF050>, 'status': <ApplicationStatus.OFFER: 'offer'>, 'created_at': datetime.datetime(2026, 6, 19, 22, 24, 1, 24307, tzinfo=zoneinfo.ZoneInfo(key='Africa/Johannesburg')), 'deadline': None, 'notes': None, 'company_id': 39, 'id': 39, 'role': 'Data Scientist', 'location': None, 'job_url': None, 'updated_at': datetime.datetime(2026, 6, 19, 22, 24, 1, 24307, tzinfo=zoneinfo.ZoneInfo(key='Africa/Johannesburg')), 'follow_up_date': None, 'user_id': 7, 'company': <app.models.company.Company object at 0x0000028301FBC510>}
2026-06-20 00:24:01,034 | DEBUG | app.api.applications | Route company: <app.models.company.Company object at 0x0000028301FBC510>
2026-06-20 00:24:01,036 | DEBUG | app.api.applications | Route company_name: Microsoft
2026-06-20 00:24:01,100 | DEBUG | app.repos.application_repository | Base count: 1
2026-06-20 00:24:01,102 | DEBUG | app.repos.application_repository | Final result count: 1
2026-06-20 00:24:01,106 | DEBUG | app.repos.application_repository | Final results: ['Microsoft']
2026-06-20 00:24:02,110 | DEBUG | app.services.application_service | Company Name: Amazon AWS
2026-06-20 00:24:02,113 | DEBUG | app.services.application_service | Company Found: None
2026-06-20 00:24:02,119 | DEBUG | app.services.application_service | company CREATED: ID is 40, name=Amazon AWS
2026-06-20 00:24:02,119 | DEBUG | app.services.application_service | FINAL APPLICATION DATA: {'role': 'Cloud Engineer', 'status': <ApplicationStatus.APPLIED: 'applied'>, 'location': None, 'job_url': None, 'notes': None, 'company_id': 40, 'user_id': 8}
2026-06-20 00:24:02,119 | DEBUG | app.repos.application_repository | Repository application before add: <app.models.application.Application object at 0x0000028301F640D0>
2026-06-20 00:24:02,119 | DEBUG | app.repos.application_repository | has company_name property: False
2026-06-20 00:24:02,127 | DEBUG | app.repos.application_repository | Repository application after refresh: <app.models.application.Application object at 0x0000028301F640D0>
2026-06-20 00:24:02,129 | DEBUG | app.repos.application_repository | Company relation refresh after refresh: <app.models.company.Company object at 0x0000028301FB0290>
2026-06-20 00:24:02,131 | DEBUG | app.repos.application_repository | company name after refresh: Amazon AWS
2026-06-20 00:24:02,131 | DEBUG | app.services.application_service | Application company ID: 40
2026-06-20 00:24:02,131 | DEBUG | app.services.application_service | Application name attr: Amazon AWS
2026-06-20 00:24:02,131 | DEBUG | app.api.applications | Route result: <app.models.application.Application object at 0x0000028301F640D0>
2026-06-20 00:24:02,131 | DEBUG | app.api.applications | Route result dictionary: {'_sa_instance_state': <sqlalchemy.orm.state.InstanceState object at 0x0000028301EFF0B0>, 'status': <ApplicationStatus.APPLIED: 'applied'>, 'created_at': datetime.datetime(2026, 6, 19, 22, 24, 2, 121045, tzinfo=zoneinfo.ZoneInfo(key='Africa/Johannesburg')), 'deadline': None, 'notes': None, 'company_id': 40, 'id': 40, 'role': 'Cloud Engineer', 'location': None, 'job_url': None, 'updated_at': datetime.datetime(2026, 6, 19, 22, 24, 2, 121045, tzinfo=zoneinfo.ZoneInfo(key='Africa/Johannesburg')), 'follow_up_date': None, 'user_id': 8, 'company': <app.models.company.Company object at 0x0000028301FB0290>}
2026-06-20 00:24:02,131 | DEBUG | app.api.applications | Route company: <app.models.company.Company object at 0x0000028301FB0290>
2026-06-20 00:24:02,131 | DEBUG | app.api.applications | Route company_name: Amazon AWS
2026-06-20 00:24:02,155 | DEBUG | app.repos.application_repository | Get by user and id result: <app.models.application.Application object at 0x0000028301FC2D10>
2026-06-20 00:24:03,853 | DEBUG | app.services.application_service | Company Name: Oracle
2026-06-20 00:24:03,856 | DEBUG | app.services.application_service | Company Found: None
2026-06-20 00:24:03,863 | DEBUG | app.services.application_service | company CREATED: ID is 41, name=Oracle
2026-06-20 00:24:03,863 | DEBUG | app.services.application_service | FINAL APPLICATION DATA: {'role': 'Database Manager', 'status': <ApplicationStatus.WISHLIST: 'wishlist'>, 'location': None, 'job_url': None, 'notes': None, 'company_id': 41, 'user_id': 9}
2026-06-20 00:24:03,863 | DEBUG | app.repos.application_repository | Repository application before add: <app.models.application.Application object at 0x0000028301F66110>
2026-06-20 00:24:03,863 | DEBUG | app.repos.application_repository | has company_name property: False
2026-06-20 00:24:03,871 | DEBUG | app.repos.application_repository | Repository application after refresh: <app.models.application.Application object at 0x0000028301F66110>
2026-06-20 00:24:03,873 | DEBUG | app.repos.application_repository | Company relation refresh after refresh: <app.models.company.Company object at 0x0000028301FB1810>
2026-06-20 00:24:03,873 | DEBUG | app.repos.application_repository | company name after refresh: Oracle
2026-06-20 00:24:03,875 | DEBUG | app.services.application_service | Application company ID: 41
2026-06-20 00:24:03,875 | DEBUG | app.services.application_service | Application name attr: Oracle
2026-06-20 00:24:03,875 | DEBUG | app.api.applications | Route result: <app.models.application.Application object at 0x0000028301F66110>
2026-06-20 00:24:03,875 | DEBUG | app.api.applications | Route result dictionary: {'_sa_instance_state': <sqlalchemy.orm.state.InstanceState object at 0x0000028301FA0DD0>, 'status': <ApplicationStatus.WISHLIST: 'wishlist'>, 'created_at': datetime.datetime(2026, 6, 19, 22, 24, 3, 865956, tzinfo=zoneinfo.ZoneInfo(key='Africa/Johannesburg')), 'deadline': None, 'notes': None, 'company_id': 41, 'id': 41, 'role': 'Database Manager', 'location': None, 'job_url': None, 'updated_at': datetime.datetime(2026, 6, 19, 22, 24, 3, 865956, tzinfo=zoneinfo.ZoneInfo(key='Africa/Johannesburg')), 'follow_up_date': None, 'user_id': 9, 'company': <app.models.company.Company object at 0x0000028301FB1810>}
2026-06-20 00:24:03,875 | DEBUG | app.api.applications | Route company: <app.models.company.Company object at 0x0000028301FB1810>
2026-06-20 00:24:03,875 | DEBUG | app.api.applications | Route company_name: Oracle
2026-06-20 00:24:03,898 | DEBUG | app.repos.application_repository | Get by user and id result: <app.models.application.Application object at 0x0000028301FCA6D0>
2026-06-20 00:24:05,145 | DEBUG | app.services.application_service | Company Name: Codecademy
2026-06-20 00:24:05,153 | DEBUG | app.services.application_service | Company Found: None
2026-06-20 00:24:05,164 | DEBUG | app.services.application_service | company CREATED: ID is 42, name=Codecademy
2026-06-20 00:24:05,164 | DEBUG | app.services.application_service | FINAL APPLICATION DATA: {'role': 'Full-Stack Engineer', 'status': <ApplicationStatus.APPLIED: 'applied'>, 'location': None, 'job_url': None, 'notes': None, 'company_id': 42, 'user_id': 10}
2026-06-20 00:24:05,164 | DEBUG | app.repos.application_repository | Repository application before add: <app.models.application.Application object at 0x0000028301F08C10>
2026-06-20 00:24:05,164 | DEBUG | app.repos.application_repository | has company_name property: False
2026-06-20 00:24:05,170 | DEBUG | app.repos.application_repository | Repository application after refresh: <app.models.application.Application object at 0x0000028301F08C10>
2026-06-20 00:24:05,175 | DEBUG | app.repos.application_repository | Company relation refresh after refresh: <app.models.company.Company object at 0x00000283019CAD50>
2026-06-20 00:24:05,175 | DEBUG | app.repos.application_repository | company name after refresh: Codecademy
2026-06-20 00:24:05,175 | DEBUG | app.services.application_service | Application company ID: 42
2026-06-20 00:24:05,175 | DEBUG | app.services.application_service | Application name attr: Codecademy
2026-06-20 00:24:05,177 | DEBUG | app.api.applications | Route result: <app.models.application.Application object at 0x0000028301F08C10>
2026-06-20 00:24:05,177 | DEBUG | app.api.applications | Route result dictionary: {'_sa_instance_state': <sqlalchemy.orm.state.InstanceState object at 0x0000028301FA11F0>, 'status': <ApplicationStatus.APPLIED: 'applied'>, 'created_at': datetime.datetime(2026, 6, 19, 22, 24, 5, 168228, tzinfo=zoneinfo.ZoneInfo(key='Africa/Johannesburg')), 'deadline': None, 'notes': None, 'company_id': 42, 'id': 42, 'role': 'Full-Stack Engineer', 'location': None, 'job_url': None, 'updated_at': datetime.datetime(2026, 6, 19, 22, 24, 5, 168228, tzinfo=zoneinfo.ZoneInfo(key='Africa/Johannesburg')), 'follow_up_date': None, 'user_id': 10, 'company': <app.models.company.Company object at 0x00000283019CAD50>}
2026-06-20 00:24:05,177 | DEBUG | app.api.applications | Route company: <app.models.company.Company object at 0x00000283019CAD50>
2026-06-20 00:24:05,177 | DEBUG | app.api.applications | Route company_name: Codecademy
2026-06-20 00:24:05,199 | DEBUG | app.api.applications | Route application_id=42, current_user_id: 10
2026-06-20 00:24:05,204 | DEBUG | app.repos.application_repository | Get by user and id result: None
2026-06-20 00:24:05,204 | DEBUG | app.services.application_service | Application found for delete: None
2026-06-20 00:24:05,204 | DEBUG | app.services.application_service | DELETE FAILED: application not found
2026-06-20 00:24:09,902 | DEBUG | app.services.application_service | Company Name: Test Company
2026-06-20 00:24:09,902 | DEBUG | app.services.application_service | Company Found: None
2026-06-20 00:24:09,913 | DEBUG | app.services.application_service | company CREATED: ID is 43, name=Test Company
2026-06-20 00:24:09,913 | DEBUG | app.services.application_service | FINAL APPLICATION DATA: {'role': 'Developer', 'status': <ApplicationStatus.WISHLIST: 'wishlist'>, 'location': None, 'job_url': None, 'notes': None, 'company_id': 43, 'user_id': 16}
2026-06-20 00:24:09,913 | DEBUG | app.repos.application_repository | Repository application before add: <app.models.application.Application object at 0x0000028301F35D50>
2026-06-20 00:24:09,913 | DEBUG | app.repos.application_repository | has company_name property: False
2026-06-20 00:24:09,919 | DEBUG | app.repos.application_repository | Repository application after refresh: <app.models.application.Application object at 0x0000028301F35D50>
2026-06-20 00:24:09,919 | DEBUG | app.repos.application_repository | Company relation refresh after refresh: <app.models.company.Company object at 0x0000028301F58A10>
2026-06-20 00:24:09,919 | DEBUG | app.repos.application_repository | company name after refresh: Test Company
2026-06-20 00:24:09,919 | DEBUG | app.services.application_service | Application company ID: 43
2026-06-20 00:24:09,919 | DEBUG | app.services.application_service | Application name attr: Test Company
2026-06-20 00:24:09,919 | DEBUG | app.api.applications | Route result: <app.models.application.Application object at 0x0000028301F35D50>
2026-06-20 00:24:09,919 | DEBUG | app.api.applications | Route result dictionary: {'_sa_instance_state': <sqlalchemy.orm.state.InstanceState object at 0x0000028301FA13D0>, 'status': <ApplicationStatus.WISHLIST: 'wishlist'>, 'created_at': datetime.datetime(2026, 6, 19, 22, 24, 9, 917240, tzinfo=zoneinfo.ZoneInfo(key='Africa/Johannesburg')), 'deadline': None, 'notes': None, 'company_id': 43, 'id': 43, 'role': 'Developer', 'location': None, 'job_url': None, 'updated_at': datetime.datetime(2026, 6, 19, 22, 24, 9, 917240, tzinfo=zoneinfo.ZoneInfo(key='Africa/Johannesburg')), 'follow_up_date': None, 'user_id': 16, 'company': <app.models.company.Company object at 0x0000028301F58A10>}
2026-06-20 00:24:09,919 | DEBUG | app.api.applications | Route company: <app.models.company.Company object at 0x0000028301F58A10>
2026-06-20 00:24:09,919 | DEBUG | app.api.applications | Route company_name: Test Company
2026-06-20 00:24:09,934 | DEBUG | app.services.application_service | Company Name: Test Company
2026-06-20 00:24:09,934 | DEBUG | app.services.application_service | Company Found: <app.models.company.Company object at 0x000002830207C190>
2026-06-20 00:24:09,934 | DEBUG | app.services.application_service | FINAL APPLICATION DATA: {'role': 'Developer', 'status': <ApplicationStatus.APPLIED: 'applied'>, 'location': None, 'job_url': None, 'notes': None, 'company_id': 43, 'user_id': 16}
2026-06-20 00:24:09,934 | DEBUG | app.repos.application_repository | Repository application before add: <app.models.application.Application object at 0x0000028301FBDFD0>
2026-06-20 00:24:09,934 | DEBUG | app.repos.application_repository | has company_name property: False
2026-06-20 00:24:09,944 | DEBUG | app.repos.application_repository | Repository application after refresh: <app.models.application.Application object at 0x0000028301FBDFD0>
2026-06-20 00:24:09,944 | DEBUG | app.repos.application_repository | Company relation refresh after refresh: <app.models.company.Company object at 0x000002830207C190>
2026-06-20 00:24:09,944 | DEBUG | app.repos.application_repository | company name after refresh: Test Company
2026-06-20 00:24:09,950 | DEBUG | app.services.application_service | Application company ID: 43
2026-06-20 00:24:09,950 | DEBUG | app.services.application_service | Application name attr: Test Company
2026-06-20 00:24:09,950 | DEBUG | app.api.applications | Route result: <app.models.application.Application object at 0x0000028301FBDFD0>
2026-06-20 00:24:09,950 | DEBUG | app.api.applications | Route result dictionary: {'_sa_instance_state': <sqlalchemy.orm.state.InstanceState object at 0x0000028301E00590>, 'status': <ApplicationStatus.APPLIED: 'applied'>, 'created_at': datetime.datetime(2026, 6, 19, 22, 24, 9, 934819, tzinfo=zoneinfo.ZoneInfo(key='Africa/Johannesburg')), 'deadline': None, 'notes': None, 'company_id': 43, 'id': 44, 'role': 'Developer', 'location': None, 'job_url': None, 'updated_at': datetime.datetime(2026, 6, 19, 22, 24, 9, 934819, tzinfo=zoneinfo.ZoneInfo(key='Africa/Johannesburg')), 'follow_up_date': None, 'user_id': 16, 'company': <app.models.company.Company object at 0x000002830207C190>}
2026-06-20 00:24:09,950 | DEBUG | app.api.applications | Route company: <app.models.company.Company object at 0x000002830207C190>
2026-06-20 00:24:09,951 | DEBUG | app.api.applications | Route company_name: Test Company
2026-06-20 00:24:09,965 | DEBUG | app.services.application_service | Company Name: Test Company
2026-06-20 00:24:09,967 | DEBUG | app.services.application_service | Company Found: <app.models.company.Company object at 0x000002830207FB10>
2026-06-20 00:24:09,969 | DEBUG | app.services.application_service | FINAL APPLICATION DATA: {'role': 'Developer', 'status': <ApplicationStatus.INTERVIEW: 'interview'>, 'location': None, 'job_url': None, 'notes': None, 'company_id': 43, 'user_id': 16}
2026-06-20 00:24:09,969 | DEBUG | app.repos.application_repository | Repository application before add: <app.models.application.Application object at 0x0000028301FD6190>
2026-06-20 00:24:09,969 | DEBUG | app.repos.application_repository | has company_name property: False
2026-06-20 00:24:09,974 | DEBUG | app.repos.application_repository | Repository application after refresh: <app.models.application.Application object at 0x0000028301FD6190>
2026-06-20 00:24:09,979 | DEBUG | app.repos.application_repository | Company relation refresh after refresh: <app.models.company.Company object at 0x000002830207FB10>
2026-06-20 00:24:09,979 | DEBUG | app.repos.application_repository | company name after refresh: Test Company
2026-06-20 00:24:09,979 | DEBUG | app.services.application_service | Application company ID: 43
2026-06-20 00:24:09,979 | DEBUG | app.services.application_service | Application name attr: Test Company
2026-06-20 00:24:09,979 | DEBUG | app.api.applications | Route result: <app.models.application.Application object at 0x0000028301FD6190>
2026-06-20 00:24:09,979 | DEBUG | app.api.applications | Route result dictionary: {'_sa_instance_state': <sqlalchemy.orm.state.InstanceState object at 0x0000028301FA2630>, 'status': <ApplicationStatus.INTERVIEW: 'interview'>, 'created_at': datetime.datetime(2026, 6, 19, 22, 24, 9, 969431, tzinfo=zoneinfo.ZoneInfo(key='Africa/Johannesburg')), 'deadline': None, 'notes': None, 'company_id': 43, 'id': 45, 'role': 'Developer', 'location': None, 'job_url': None, 'updated_at': datetime.datetime(2026, 6, 19, 22, 24, 9, 969431, tzinfo=zoneinfo.ZoneInfo(key='Africa/Johannesburg')), 'follow_up_date': None, 'user_id': 16, 'company': <app.models.company.Company object at 0x000002830207FB10>}
2026-06-20 00:24:09,979 | DEBUG | app.api.applications | Route company: <app.models.company.Company object at 0x000002830207FB10>
2026-06-20 00:24:09,979 | DEBUG | app.api.applications | Route company_name: Test Company
2026-06-20 00:24:09,987 | DEBUG | app.services.application_service | Company Name: Test Company
2026-06-20 00:24:09,987 | DEBUG | app.services.application_service | Company Found: <app.models.company.Company object at 0x0000028302084410>
2026-06-20 00:24:09,987 | DEBUG | app.services.application_service | FINAL APPLICATION DATA: {'role': 'Developer', 'status': <ApplicationStatus.APPLIED: 'applied'>, 'location': None, 'job_url': None, 'notes': None, 'company_id': 43, 'user_id': 16}
2026-06-20 00:24:09,987 | DEBUG | app.repos.application_repository | Repository application before add: <app.models.application.Application object at 0x0000028301FC9E10>
2026-06-20 00:24:09,987 | DEBUG | app.repos.application_repository | has company_name property: False
2026-06-20 00:24:09,999 | DEBUG | app.repos.application_repository | Repository application after refresh: <app.models.application.Application object at 0x0000028301FC9E10>
2026-06-20 00:24:10,006 | DEBUG | app.repos.application_repository | Company relation refresh after refresh: <app.models.company.Company object at 0x0000028302084410>
2026-06-20 00:24:10,006 | DEBUG | app.repos.application_repository | company name after refresh: Test Company
2026-06-20 00:24:10,006 | DEBUG | app.services.application_service | Application company ID: 43
2026-06-20 00:24:10,006 | DEBUG | app.services.application_service | Application name attr: Test Company
2026-06-20 00:24:10,006 | DEBUG | app.api.applications | Route result: <app.models.application.Application object at 0x0000028301FC9E10>
2026-06-20 00:24:10,006 | DEBUG | app.api.applications | Route result dictionary: {'_sa_instance_state': <sqlalchemy.orm.state.InstanceState object at 0x0000028301FA2630>, 'status': <ApplicationStatus.APPLIED: 'applied'>, 'created_at': datetime.datetime(2026, 6, 19, 22, 24, 9, 987894, tzinfo=zoneinfo.ZoneInfo(key='Africa/Johannesburg')), 'deadline': None, 'notes': None, 'company_id': 43, 'id': 46, 'role': 'Developer', 'location': None, 'job_url': None, 'updated_at': datetime.datetime(2026, 6, 19, 22, 24, 9, 987894, tzinfo=zoneinfo.ZoneInfo(key='Africa/Johannesburg')), 'follow_up_date': None, 'user_id': 16, 'company': <app.models.company.Company object at 0x0000028302084410>}
2026-06-20 00:24:10,006 | DEBUG | app.api.applications | Route company: <app.models.company.Company object at 0x0000028302084410>
2026-06-20 00:24:10,008 | DEBUG | app.api.applications | Route company_name: Test Company
2026-06-20 00:24:10,020 | DEBUG | app.services.application_service | Company Name: Test Company
2026-06-20 00:24:10,020 | DEBUG | app.services.application_service | Company Found: <app.models.company.Company object at 0x0000028302085550>
2026-06-20 00:24:10,020 | DEBUG | app.services.application_service | FINAL APPLICATION DATA: {'role': 'Developer', 'status': <ApplicationStatus.OFFER: 'offer'>, 'location': None, 'job_url': None, 'notes': None, 'company_id': 43, 'user_id': 16}
2026-06-20 00:24:10,020 | DEBUG | app.repos.application_repository | Repository application before add: <app.models.application.Application object at 0x0000028301FC22D0>
2026-06-20 00:24:10,020 | DEBUG | app.repos.application_repository | has company_name property: False
2026-06-20 00:24:10,030 | DEBUG | app.repos.application_repository | Repository application after refresh: <app.models.application.Application object at 0x0000028301FC22D0>
2026-06-20 00:24:10,033 | DEBUG | app.repos.application_repository | Company relation refresh after refresh: <app.models.company.Company object at 0x0000028302085550>
2026-06-20 00:24:10,033 | DEBUG | app.repos.application_repository | company name after refresh: Test Company
2026-06-20 00:24:10,033 | DEBUG | app.services.application_service | Application company ID: 43
2026-06-20 00:24:10,033 | DEBUG | app.services.application_service | Application name attr: Test Company
2026-06-20 00:24:10,033 | DEBUG | app.api.applications | Route result: <app.models.application.Application object at 0x0000028301FC22D0>
2026-06-20 00:24:10,033 | DEBUG | app.api.applications | Route result dictionary: {'_sa_instance_state': <sqlalchemy.orm.state.InstanceState object at 0x0000028301FA2B10>, 'status': <ApplicationStatus.OFFER: 'offer'>, 'created_at': datetime.datetime(2026, 6, 19, 22, 24, 10, 20257, tzinfo=zoneinfo.ZoneInfo(key='Africa/Johannesburg')), 'deadline': None, 'notes': None, 'company_id': 43, 'id': 47, 'role': 'Developer', 'location': None, 'job_url': None, 'updated_at': datetime.datetime(2026, 6, 19, 22, 24, 10, 20257, tzinfo=zoneinfo.ZoneInfo(key='Africa/Johannesburg')), 'follow_up_date': None, 'user_id': 16, 'company': <app.models.company.Company object at 0x0000028302085550>}
2026-06-20 00:24:10,033 | DEBUG | app.api.applications | Route company: <app.models.company.Company object at 0x0000028302085550>
2026-06-20 00:24:10,036 | DEBUG | app.api.applications | Route company_name: Test Company
2026-06-20 00:24:10,050 | DEBUG | app.services.application_service | Company Name: Test Company
2026-06-20 00:24:10,050 | DEBUG | app.services.application_service | Company Found: <app.models.company.Company object at 0x0000028301FB3750>
2026-06-20 00:24:10,050 | DEBUG | app.services.application_service | FINAL APPLICATION DATA: {'role': 'Developer', 'status': <ApplicationStatus.REJECTED: 'rejected'>, 'location': None, 'job_url': None, 'notes': None, 'company_id': 43, 'user_id': 16}
2026-06-20 00:24:10,050 | DEBUG | app.repos.application_repository | Repository application before add: <app.models.application.Application object at 0x0000028301F087D0>
2026-06-20 00:24:10,050 | DEBUG | app.repos.application_repository | has company_name property: False
2026-06-20 00:24:10,050 | DEBUG | app.repos.application_repository | Repository application after refresh: <app.models.application.Application object at 0x0000028301F087D0>
2026-06-20 00:24:10,061 | DEBUG | app.repos.application_repository | Company relation refresh after refresh: <app.models.company.Company object at 0x0000028301FB3750>
2026-06-20 00:24:10,062 | DEBUG | app.repos.application_repository | company name after refresh: Test Company
2026-06-20 00:24:10,062 | DEBUG | app.services.application_service | Application company ID: 43
2026-06-20 00:24:10,062 | DEBUG | app.services.application_service | Application name attr: Test Company
2026-06-20 00:24:10,062 | DEBUG | app.api.applications | Route result: <app.models.application.Application object at 0x0000028301F087D0>
2026-06-20 00:24:10,062 | DEBUG | app.api.applications | Route result dictionary: {'_sa_instance_state': <sqlalchemy.orm.state.InstanceState object at 0x0000028301FA2B10>, 'status': <ApplicationStatus.REJECTED: 'rejected'>, 'created_at': datetime.datetime(2026, 6, 19, 22, 24, 10, 50301, tzinfo=zoneinfo.ZoneInfo(key='Africa/Johannesburg')), 'deadline': None, 'notes': None, 'company_id': 43, 'id': 48, 'role': 'Developer', 'location': None, 'job_url': None, 'updated_at': datetime.datetime(2026, 6, 19, 22, 24, 10, 50301, tzinfo=zoneinfo.ZoneInfo(key='Africa/Johannesburg')), 'follow_up_date': None, 'user_id': 16, 'company': <app.models.company.Company object at 0x0000028301FB3750>}
2026-06-20 00:24:10,062 | DEBUG | app.api.applications | Route company: <app.models.company.Company object at 0x0000028301FB3750>
2026-06-20 00:24:10,062 | DEBUG | app.api.applications | Route company_name: Test Company
2026-06-20 09:25:15,063 | DEBUG | app.services.application_service | Company Name: Microsoft
2026-06-20 09:25:15,071 | DEBUG | app.services.application_service | Company Found: None
2026-06-20 09:25:15,083 | DEBUG | app.services.application_service | company CREATED: ID is 1, name=Microsoft
2026-06-20 09:25:15,083 | DEBUG | app.services.application_service | FINAL APPLICATION DATA: {'role': 'Software Engineer', 'status': <ApplicationStatus.REJECTED: 'rejected'>, 'location': None, 'job_url': None, 'notes': None, 'company_id': 1, 'user_id': 1}
2026-06-20 09:25:15,083 | DEBUG | app.repos.application_repository | Repository application before add: <app.models.application.Application object at 0x000001621B7DD1D0>
2026-06-20 09:25:15,085 | DEBUG | app.repos.application_repository | has company_name property: False
2026-06-20 09:25:15,105 | DEBUG | app.repos.application_repository | Repository application after refresh: <app.models.application.Application object at 0x000001621B7DD1D0>
2026-06-20 09:25:15,109 | DEBUG | app.repos.application_repository | Company relation refresh after refresh: <app.models.company.Company object at 0x000001621B8F6550>
2026-06-20 09:25:15,109 | DEBUG | app.repos.application_repository | company name after refresh: Microsoft
2026-06-20 09:25:15,109 | DEBUG | app.services.application_service | Application company ID: 1
2026-06-20 09:25:15,111 | DEBUG | app.services.application_service | Application name attr: Microsoft
2026-06-20 09:25:15,111 | DEBUG | app.api.applications | Route result: <app.models.application.Application object at 0x000001621B7DD1D0>
2026-06-20 09:25:15,111 | DEBUG | app.api.applications | Route result dictionary: {'_sa_instance_state': <sqlalchemy.orm.state.InstanceState object at 0x000001621BDEEE70>, 'role': 'Software Engineer', 'status': <ApplicationStatus.REJECTED: 'rejected'>, 'created_at': datetime.datetime(2026, 6, 20, 7, 25, 15, 89607, tzinfo=zoneinfo.ZoneInfo(key='Africa/Johannesburg')), 'deadline': None, 'notes': None, 'company_id': 1, 'id': 1, 'location': None, 'job_url': None, 'updated_at': datetime.datetime(2026, 6, 20, 7, 25, 15, 89607, tzinfo=zoneinfo.ZoneInfo(key='Africa/Johannesburg')), 'follow_up_date': None, 'user_id': 1, 'company': <app.models.company.Company object at 0x000001621B8F6550>}
2026-06-20 09:25:15,111 | DEBUG | app.api.applications | Route company: <app.models.company.Company object at 0x000001621B8F6550>
2026-06-20 09:25:15,111 | DEBUG | app.api.applications | Route company_name: Microsoft
2026-06-20 09:25:15,166 | DEBUG | app.services.application_service | Company Name: Amazon
2026-06-20 09:25:15,169 | DEBUG | app.services.application_service | Company Found: None
2026-06-20 09:25:15,176 | DEBUG | app.services.application_service | company CREATED: ID is 2, name=Amazon
2026-06-20 09:25:15,176 | DEBUG | app.services.application_service | FINAL APPLICATION DATA: {'role': 'Cloud Developer', 'status': <ApplicationStatus.INTERVIEW: 'interview'>, 'location': None, 'job_url': None, 'notes': None, 'company_id': 2, 'user_id': 1}
2026-06-20 09:25:15,176 | DEBUG | app.repos.application_repository | Repository application before add: <app.models.application.Application object at 0x000001621BDB8ED0>
2026-06-20 09:25:15,176 | DEBUG | app.repos.application_repository | has company_name property: False
2026-06-20 09:25:15,184 | DEBUG | app.repos.application_repository | Repository application after refresh: <app.models.application.Application object at 0x000001621BDB8ED0>
2026-06-20 09:25:15,187 | DEBUG | app.repos.application_repository | Company relation refresh after refresh: <app.models.company.Company object at 0x000001621B7FCC50>
2026-06-20 09:25:15,187 | DEBUG | app.repos.application_repository | company name after refresh: Amazon
2026-06-20 09:25:15,187 | DEBUG | app.services.application_service | Application company ID: 2
2026-06-20 09:25:15,187 | DEBUG | app.services.application_service | Application name attr: Amazon
2026-06-20 09:25:15,189 | DEBUG | app.api.applications | Route result: <app.models.application.Application object at 0x000001621BDB8ED0>
2026-06-20 09:25:15,189 | DEBUG | app.api.applications | Route result dictionary: {'_sa_instance_state': <sqlalchemy.orm.state.InstanceState object at 0x000001621BD57290>, 'role': 'Cloud Developer', 'status': <ApplicationStatus.INTERVIEW: 'interview'>, 'created_at': datetime.datetime(2026, 6, 20, 7, 25, 15, 178959, tzinfo=zoneinfo.ZoneInfo(key='Africa/Johannesburg')), 'deadline': None, 'notes': None, 'company_id': 2, 'id': 2, 'location': None, 'job_url': None, 'updated_at': datetime.datetime(2026, 6, 20, 7, 25, 15, 178959, tzinfo=zoneinfo.ZoneInfo(key='Africa/Johannesburg')), 'follow_up_date': None, 'user_id': 1, 'company': <app.models.company.Company object at 0x000001621B7FCC50>}
2026-06-20 09:25:15,189 | DEBUG | app.api.applications | Route company: <app.models.company.Company object at 0x000001621B7FCC50>
2026-06-20 09:25:15,189 | DEBUG | app.api.applications | Route company_name: Amazon
2026-06-20 09:25:15,243 | DEBUG | app.repos.application_repository | Base count: 2
2026-06-20 09:25:15,243 | DEBUG | app.repos.application_repository | SEARCHING COMPANY NAME FOR: goo
2026-06-20 09:25:15,255 | DEBUG | app.repos.application_repository | AFTER SEARCH FILTER: 0
2026-06-20 09:25:15,261 | DEBUG | app.repos.application_repository | Final result count: 0
2026-06-20 09:25:15,263 | DEBUG | app.repos.application_repository | Final results: []
2026-06-20 09:25:15,305 | DEBUG | app.repos.application_repository | Base count: 2
2026-06-20 09:25:15,305 | DEBUG | app.repos.application_repository | SEARCHING COMPANY NAME FOR: mic
2026-06-20 09:25:15,309 | DEBUG | app.repos.application_repository | AFTER SEARCH FILTER: 1
2026-06-20 09:25:15,313 | DEBUG | app.repos.application_repository | Final result count: 1
2026-06-20 09:25:15,319 | DEBUG | app.repos.application_repository | Final results: ['Microsoft']
2026-06-20 09:25:16,752 | DEBUG | app.services.application_service | Company Name: Company 0
2026-06-20 09:25:16,756 | DEBUG | app.services.application_service | Company Found: None
2026-06-20 09:25:16,762 | DEBUG | app.services.application_service | company CREATED: ID is 3, name=Company 0
2026-06-20 09:25:16,762 | DEBUG | app.services.application_service | FINAL APPLICATION DATA: {'role': 'Developer', 'status': <ApplicationStatus.APPLIED: 'applied'>, 'location': None, 'job_url': None, 'notes': None, 'company_id': 3, 'user_id': 2}
2026-06-20 09:25:16,762 | DEBUG | app.repos.application_repository | Repository application before add: <app.models.application.Application object at 0x000001621B90ED50>
2026-06-20 09:25:16,762 | DEBUG | app.repos.application_repository | has company_name property: False
2026-06-20 09:25:16,772 | DEBUG | app.repos.application_repository | Repository application after refresh: <app.models.application.Application object at 0x000001621B90ED50>
2026-06-20 09:25:16,774 | DEBUG | app.repos.application_repository | Company relation refresh after refresh: <app.models.company.Company object at 0x000001621BE17610>
2026-06-20 09:25:16,774 | DEBUG | app.repos.application_repository | company name after refresh: Company 0
2026-06-20 09:25:16,776 | DEBUG | app.services.application_service | Application company ID: 3
2026-06-20 09:25:16,776 | DEBUG | app.services.application_service | Application name attr: Company 0
2026-06-20 09:25:16,776 | DEBUG | app.api.applications | Route result: <app.models.application.Application object at 0x000001621B90ED50>
2026-06-20 09:25:16,776 | DEBUG | app.api.applications | Route result dictionary: {'_sa_instance_state': <sqlalchemy.orm.state.InstanceState object at 0x000001621BE3CD10>, 'role': 'Developer', 'status': <ApplicationStatus.APPLIED: 'applied'>, 'created_at': datetime.datetime(2026, 6, 20, 7, 25, 16, 764682, tzinfo=zoneinfo.ZoneInfo(key='Africa/Johannesburg')), 'deadline': None, 'notes': None, 'company_id': 3, 'id': 3, 'location': None, 'job_url': None, 'updated_at': datetime.datetime(2026, 6, 20, 7, 25, 16, 764682, tzinfo=zoneinfo.ZoneInfo(key='Africa/Johannesburg')), 'follow_up_date': None, 'user_id': 2, 'company': <app.models.company.Company object at 0x000001621BE17610>}
2026-06-20 09:25:16,776 | DEBUG | app.api.applications | Route company: <app.models.company.Company object at 0x000001621BE17610>
2026-06-20 09:25:16,776 | DEBUG | app.api.applications | Route company_name: Company 0
2026-06-20 09:25:16,803 | DEBUG | app.services.application_service | Company Name: Company 1
2026-06-20 09:25:16,807 | DEBUG | app.services.application_service | Company Found: None
2026-06-20 09:25:16,812 | DEBUG | app.services.application_service | company CREATED: ID is 4, name=Company 1
2026-06-20 09:25:16,813 | DEBUG | app.services.application_service | FINAL APPLICATION DATA: {'role': 'Developer', 'status': <ApplicationStatus.APPLIED: 'applied'>, 'location': None, 'job_url': None, 'notes': None, 'company_id': 4, 'user_id': 2}
2026-06-20 09:25:16,813 | DEBUG | app.repos.application_repository | Repository application before add: <app.models.application.Application object at 0x000001621B86A5D0>
2026-06-20 09:25:16,813 | DEBUG | app.repos.application_repository | has company_name property: False
2026-06-20 09:25:16,821 | DEBUG | app.repos.application_repository | Repository application after refresh: <app.models.application.Application object at 0x000001621B86A5D0>
2026-06-20 09:25:16,824 | DEBUG | app.repos.application_repository | Company relation refresh after refresh: <app.models.company.Company object at 0x000001621B86BB90>
2026-06-20 09:25:16,824 | DEBUG | app.repos.application_repository | company name after refresh: Company 1
2026-06-20 09:25:16,824 | DEBUG | app.services.application_service | Application company ID: 4
2026-06-20 09:25:16,824 | DEBUG | app.services.application_service | Application name attr: Company 1
2026-06-20 09:25:16,824 | DEBUG | app.api.applications | Route result: <app.models.application.Application object at 0x000001621B86A5D0>
2026-06-20 09:25:16,824 | DEBUG | app.api.applications | Route result dictionary: {'_sa_instance_state': <sqlalchemy.orm.state.InstanceState object at 0x000001621BE3C830>, 'role': 'Developer', 'status': <ApplicationStatus.APPLIED: 'applied'>, 'created_at': datetime.datetime(2026, 6, 20, 7, 25, 16, 813781, tzinfo=zoneinfo.ZoneInfo(key='Africa/Johannesburg')), 'deadline': None, 'notes': None, 'company_id': 4, 'id': 4, 'location': None, 'job_url': None, 'updated_at': datetime.datetime(2026, 6, 20, 7, 25, 16, 813781, tzinfo=zoneinfo.ZoneInfo(key='Africa/Johannesburg')), 'follow_up_date': None, 'user_id': 2, 'company': <app.models.company.Company object at 0x000001621B86BB90>}
2026-06-20 09:25:16,824 | DEBUG | app.api.applications | Route company: <app.models.company.Company object at 0x000001621B86BB90>
2026-06-20 09:25:16,826 | DEBUG | app.api.applications | Route company_name: Company 1
2026-06-20 09:25:16,843 | DEBUG | app.services.application_service | Company Name: Company 2
2026-06-20 09:25:16,845 | DEBUG | app.services.application_service | Company Found: None
2026-06-20 09:25:16,853 | DEBUG | app.services.application_service | company CREATED: ID is 5, name=Company 2
2026-06-20 09:25:16,853 | DEBUG | app.services.application_service | FINAL APPLICATION DATA: {'role': 'Developer', 'status': <ApplicationStatus.APPLIED: 'applied'>, 'location': None, 'job_url': None, 'notes': None, 'company_id': 5, 'user_id': 2}
2026-06-20 09:25:16,853 | DEBUG | app.repos.application_repository | Repository application before add: <app.models.application.Application object at 0x000001621B8F6BD0>
2026-06-20 09:25:16,855 | DEBUG | app.repos.application_repository | has company_name property: False
2026-06-20 09:25:16,861 | DEBUG | app.repos.application_repository | Repository application after refresh: <app.models.application.Application object at 0x000001621B8F6BD0>
2026-06-20 09:25:16,863 | DEBUG | app.repos.application_repository | Company relation refresh after refresh: <app.models.company.Company object at 0x000001621BE43D90>
2026-06-20 09:25:16,865 | DEBUG | app.repos.application_repository | company name after refresh: Company 2
2026-06-20 09:25:16,865 | DEBUG | app.services.application_service | Application company ID: 5
2026-06-20 09:25:16,865 | DEBUG | app.services.application_service | Application name attr: Company 2
2026-06-20 09:25:16,865 | DEBUG | app.api.applications | Route result: <app.models.application.Application object at 0x000001621B8F6BD0>
2026-06-20 09:25:16,865 | DEBUG | app.api.applications | Route result dictionary: {'_sa_instance_state': <sqlalchemy.orm.state.InstanceState object at 0x000001621BE3DEB0>, 'role': 'Developer', 'status': <ApplicationStatus.APPLIED: 'applied'>, 'created_at': datetime.datetime(2026, 6, 20, 7, 25, 16, 855439, tzinfo=zoneinfo.ZoneInfo(key='Africa/Johannesburg')), 'deadline': None, 'notes': None, 'company_id': 5, 'id': 5, 'location': None, 'job_url': None, 'updated_at': datetime.datetime(2026, 6, 20, 7, 25, 16, 855439, tzinfo=zoneinfo.ZoneInfo(key='Africa/Johannesburg')), 'follow_up_date': None, 'user_id': 2, 'company': <app.models.company.Company object at 0x000001621BE43D90>}
2026-06-20 09:25:16,865 | DEBUG | app.api.applications | Route company: <app.models.company.Company object at 0x000001621BE43D90>
2026-06-20 09:25:16,865 | DEBUG | app.api.applications | Route company_name: Company 2
2026-06-20 09:25:16,889 | DEBUG | app.services.application_service | Company Name: Company 3
2026-06-20 09:25:16,891 | DEBUG | app.services.application_service | Company Found: None
2026-06-20 09:25:16,897 | DEBUG | app.services.application_service | company CREATED: ID is 6, name=Company 3
2026-06-20 09:25:16,897 | DEBUG | app.services.application_service | FINAL APPLICATION DATA: {'role': 'Developer', 'status': <ApplicationStatus.APPLIED: 'applied'>, 'location': None, 'job_url': None, 'notes': None, 'company_id': 6, 'user_id': 2}
2026-06-20 09:25:16,899 | DEBUG | app.repos.application_repository | Repository application before add: <app.models.application.Application object at 0x000001621BE42DD0>
2026-06-20 09:25:16,899 | DEBUG | app.repos.application_repository | has company_name property: False
2026-06-20 09:25:16,906 | DEBUG | app.repos.application_repository | Repository application after refresh: <app.models.application.Application object at 0x000001621BE42DD0>
2026-06-20 09:25:16,908 | DEBUG | app.repos.application_repository | Company relation refresh after refresh: <app.models.company.Company object at 0x000001621BE9A9D0>
2026-06-20 09:25:16,910 | DEBUG | app.repos.application_repository | company name after refresh: Company 3
2026-06-20 09:25:16,910 | DEBUG | app.services.application_service | Application company ID: 6
2026-06-20 09:25:16,910 | DEBUG | app.services.application_service | Application name attr: Company 3
2026-06-20 09:25:16,910 | DEBUG | app.api.applications | Route result: <app.models.application.Application object at 0x000001621BE42DD0>
2026-06-20 09:25:16,910 | DEBUG | app.api.applications | Route result dictionary: {'_sa_instance_state': <sqlalchemy.orm.state.InstanceState object at 0x000001621BE3CC50>, 'role': 'Developer', 'status': <ApplicationStatus.APPLIED: 'applied'>, 'created_at': datetime.datetime(2026, 6, 20, 7, 25, 16, 900797, tzinfo=zoneinfo.ZoneInfo(key='Africa/Johannesburg')), 'deadline': None, 'notes': None, 'company_id': 6, 'id': 6, 'location': None, 'job_url': None, 'updated_at': datetime.datetime(2026, 6, 20, 7, 25, 16, 900797, tzinfo=zoneinfo.ZoneInfo(key='Africa/Johannesburg')), 'follow_up_date': None, 'user_id': 2, 'company': <app.models.company.Company object at 0x000001621BE9A9D0>}
2026-06-20 09:25:16,910 | DEBUG | app.api.applications | Route company: <app.models.company.Company object at 0x000001621BE9A9D0>
2026-06-20 09:25:16,910 | DEBUG | app.api.applications | Route company_name: Company 3
2026-06-20 09:25:16,928 | DEBUG | app.services.application_service | Company Name: Company 4
2026-06-20 09:25:16,934 | DEBUG | app.services.application_service | Company Found: None
2026-06-20 09:25:16,940 | DEBUG | app.services.application_service | company CREATED: ID is 7, name=Company 4
2026-06-20 09:25:16,942 | DEBUG | app.services.application_service | FINAL APPLICATION DATA: {'role': 'Developer', 'status': <ApplicationStatus.APPLIED: 'applied'>, 'location': None, 'job_url': None, 'notes': None, 'company_id': 7, 'user_id': 2}
2026-06-20 09:25:16,942 | DEBUG | app.repos.application_repository | Repository application before add: <app.models.application.Application object at 0x000001621BE43C10>
2026-06-20 09:25:16,942 | DEBUG | app.repos.application_repository | has company_name property: False
2026-06-20 09:25:16,948 | DEBUG | app.repos.application_repository | Repository application after refresh: <app.models.application.Application object at 0x000001621BE43C10>
2026-06-20 09:25:16,952 | DEBUG | app.repos.application_repository | Company relation refresh after refresh: <app.models.company.Company object at 0x000001621BE9BA90>
2026-06-20 09:25:16,952 | DEBUG | app.repos.application_repository | company name after refresh: Company 4
2026-06-20 09:25:16,952 | DEBUG | app.services.application_service | Application company ID: 7
2026-06-20 09:25:16,952 | DEBUG | app.services.application_service | Application name attr: Company 4
2026-06-20 09:25:16,952 | DEBUG | app.api.applications | Route result: <app.models.application.Application object at 0x000001621BE43C10>
2026-06-20 09:25:16,952 | DEBUG | app.api.applications | Route result dictionary: {'_sa_instance_state': <sqlalchemy.orm.state.InstanceState object at 0x000001621B899BB0>, 'role': 'Developer', 'status': <ApplicationStatus.APPLIED: 'applied'>, 'created_at': datetime.datetime(2026, 6, 20, 7, 25, 16, 942462, tzinfo=zoneinfo.ZoneInfo(key='Africa/Johannesburg')), 'deadline': None, 'notes': None, 'company_id': 7, 'id': 7, 'location': None, 'job_url': None, 'updated_at': datetime.datetime(2026, 6, 20, 7, 25, 16, 942462, tzinfo=zoneinfo.ZoneInfo(key='Africa/Johannesburg')), 'follow_up_date': None, 'user_id': 2, 'company': <app.models.company.Company object at 0x000001621BE9BA90>}
2026-06-20 09:25:16,952 | DEBUG | app.api.applications | Route company: <app.models.company.Company object at 0x000001621BE9BA90>
2026-06-20 09:25:16,954 | DEBUG | app.api.applications | Route company_name: Company 4
2026-06-20 09:25:16,975 | DEBUG | app.services.application_service | Company Name: Company 5
2026-06-20 09:25:16,979 | DEBUG | app.services.application_service | Company Found: None
2026-06-20 09:25:16,988 | DEBUG | app.services.application_service | company CREATED: ID is 8, name=Company 5
2026-06-20 09:25:16,988 | DEBUG | app.services.application_service | FINAL APPLICATION DATA: {'role': 'Developer', 'status': <ApplicationStatus.APPLIED: 'applied'>, 'location': None, 'job_url': None, 'notes': None, 'company_id': 8, 'user_id': 2}
2026-06-20 09:25:16,988 | DEBUG | app.repos.application_repository | Repository application before add: <app.models.application.Application object at 0x000001621B901050>
2026-06-20 09:25:16,988 | DEBUG | app.repos.application_repository | has company_name property: False
2026-06-20 09:25:16,996 | DEBUG | app.repos.application_repository | Repository application after refresh: <app.models.application.Application object at 0x000001621B901050>
2026-06-20 09:25:16,999 | DEBUG | app.repos.application_repository | Company relation refresh after refresh: <app.models.company.Company object at 0x000001621BE9B810>
2026-06-20 09:25:16,999 | DEBUG | app.repos.application_repository | company name after refresh: Company 5
2026-06-20 09:25:16,999 | DEBUG | app.services.application_service | Application company ID: 8
2026-06-20 09:25:16,999 | DEBUG | app.services.application_service | Application name attr: Company 5
2026-06-20 09:25:16,999 | DEBUG | app.api.applications | Route result: <app.models.application.Application object at 0x000001621B901050>
2026-06-20 09:25:16,999 | DEBUG | app.api.applications | Route result dictionary: {'_sa_instance_state': <sqlalchemy.orm.state.InstanceState object at 0x000001621BE3C890>, 'role': 'Developer', 'status': <ApplicationStatus.APPLIED: 'applied'>, 'created_at': datetime.datetime(2026, 6, 20, 7, 25, 16, 990170, tzinfo=zoneinfo.ZoneInfo(key='Africa/Johannesburg')), 'deadline': None, 'notes': None, 'company_id': 8, 'id': 8, 'location': None, 'job_url': None, 'updated_at': datetime.datetime(2026, 6, 20, 7, 25, 16, 990170, tzinfo=zoneinfo.ZoneInfo(key='Africa/Johannesburg')), 'follow_up_date': None, 'user_id': 2, 'company': <app.models.company.Company object at 0x000001621BE9B810>}
2026-06-20 09:25:17,001 | DEBUG | app.api.applications | Route company: <app.models.company.Company object at 0x000001621BE9B810>
2026-06-20 09:25:17,001 | DEBUG | app.api.applications | Route company_name: Company 5
2026-06-20 09:25:17,019 | DEBUG | app.services.application_service | Company Name: Company 6
2026-06-20 09:25:17,021 | DEBUG | app.services.application_service | Company Found: None
2026-06-20 09:25:17,027 | DEBUG | app.services.application_service | company CREATED: ID is 9, name=Company 6
2026-06-20 09:25:17,027 | DEBUG | app.services.application_service | FINAL APPLICATION DATA: {'role': 'Developer', 'status': <ApplicationStatus.APPLIED: 'applied'>, 'location': None, 'job_url': None, 'notes': None, 'company_id': 9, 'user_id': 2}
2026-06-20 09:25:17,029 | DEBUG | app.repos.application_repository | Repository application before add: <app.models.application.Application object at 0x000001621BE9B390>
2026-06-20 09:25:17,029 | DEBUG | app.repos.application_repository | has company_name property: False
2026-06-20 09:25:17,035 | DEBUG | app.repos.application_repository | Repository application after refresh: <app.models.application.Application object at 0x000001621BE9B390>
2026-06-20 09:25:17,039 | DEBUG | app.repos.application_repository | Company relation refresh after refresh: <app.models.company.Company object at 0x000001621B8F5C50>
2026-06-20 09:25:17,039 | DEBUG | app.repos.application_repository | company name after refresh: Company 6
2026-06-20 09:25:17,039 | DEBUG | app.services.application_service | Application company ID: 9
2026-06-20 09:25:17,039 | DEBUG | app.services.application_service | Application name attr: Company 6
2026-06-20 09:25:17,039 | DEBUG | app.api.applications | Route result: <app.models.application.Application object at 0x000001621BE9B390>
2026-06-20 09:25:17,039 | DEBUG | app.api.applications | Route result dictionary: {'_sa_instance_state': <sqlalchemy.orm.state.InstanceState object at 0x000001621BE3DEB0>, 'role': 'Developer', 'status': <ApplicationStatus.APPLIED: 'applied'>, 'created_at': datetime.datetime(2026, 6, 20, 7, 25, 17, 29034, tzinfo=zoneinfo.ZoneInfo(key='Africa/Johannesburg')), 'deadline': None, 'notes': None, 'company_id': 9, 'id': 9, 'location': None, 'job_url': None, 'updated_at': datetime.datetime(2026, 6, 20, 7, 25, 17, 29034, tzinfo=zoneinfo.ZoneInfo(key='Africa/Johannesburg')), 'follow_up_date': None, 'user_id': 2, 'company': <app.models.company.Company object at 0x000001621B8F5C50>}
2026-06-20 09:25:17,039 | DEBUG | app.api.applications | Route company: <app.models.company.Company object at 0x000001621B8F5C50>
2026-06-20 09:25:17,039 | DEBUG | app.api.applications | Route company_name: Company 6
2026-06-20 09:25:17,059 | DEBUG | app.services.application_service | Company Name: Company 7
2026-06-20 09:25:17,061 | DEBUG | app.services.application_service | Company Found: None
2026-06-20 09:25:17,071 | DEBUG | app.services.application_service | company CREATED: ID is 10, name=Company 7
2026-06-20 09:25:17,071 | DEBUG | app.services.application_service | FINAL APPLICATION DATA: {'role': 'Developer', 'status': <ApplicationStatus.APPLIED: 'applied'>, 'location': None, 'job_url': None, 'notes': None, 'company_id': 10, 'user_id': 2}
2026-06-20 09:25:17,073 | DEBUG | app.repos.application_repository | Repository application before add: <app.models.application.Application object at 0x000001621B8F5C50>
2026-06-20 09:25:17,073 | DEBUG | app.repos.application_repository | has company_name property: False
2026-06-20 09:25:17,081 | DEBUG | app.repos.application_repository | Repository application after refresh: <app.models.application.Application object at 0x000001621B8F5C50>
2026-06-20 09:25:17,084 | DEBUG | app.repos.application_repository | Company relation refresh after refresh: <app.models.company.Company object at 0x000001621BE99B90>
2026-06-20 09:25:17,084 | DEBUG | app.repos.application_repository | company name after refresh: Company 7
2026-06-20 09:25:17,084 | DEBUG | app.services.application_service | Application company ID: 10
2026-06-20 09:25:17,084 | DEBUG | app.services.application_service | Application name attr: Company 7
2026-06-20 09:25:17,084 | DEBUG | app.api.applications | Route result: <app.models.application.Application object at 0x000001621B8F5C50>
2026-06-20 09:25:17,084 | DEBUG | app.api.applications | Route result dictionary: {'_sa_instance_state': <sqlalchemy.orm.state.InstanceState object at 0x000001621BE3E390>, 'role': 'Developer', 'status': <ApplicationStatus.APPLIED: 'applied'>, 'created_at': datetime.datetime(2026, 6, 20, 7, 25, 17, 73549, tzinfo=zoneinfo.ZoneInfo(key='Africa/Johannesburg')), 'deadline': None, 'notes': None, 'company_id': 10, 'id': 10, 'location': None, 'job_url': None, 'updated_at': datetime.datetime(2026, 6, 20, 7, 25, 17, 73549, tzinfo=zoneinfo.ZoneInfo(key='Africa/Johannesburg')), 'follow_up_date': None, 'user_id': 2, 'company': <app.models.company.Company object at 0x000001621BE99B90>}
2026-06-20 09:25:17,084 | DEBUG | app.api.applications | Route company: <app.models.company.Company object at 0x000001621BE99B90>
2026-06-20 09:25:17,084 | DEBUG | app.api.applications | Route company_name: Company 7
2026-06-20 09:25:17,106 | DEBUG | app.services.application_service | Company Name: Company 8
2026-06-20 09:25:17,108 | DEBUG | app.services.application_service | Company Found: None
2026-06-20 09:25:17,115 | DEBUG | app.services.application_service | company CREATED: ID is 11, name=Company 8
2026-06-20 09:25:17,117 | DEBUG | app.services.application_service | FINAL APPLICATION DATA: {'role': 'Developer', 'status': <ApplicationStatus.APPLIED: 'applied'>, 'location': None, 'job_url': None, 'notes': None, 'company_id': 11, 'user_id': 2}
2026-06-20 09:25:17,117 | DEBUG | app.repos.application_repository | Repository application before add: <app.models.application.Application object at 0x000001621BE9AC10>
2026-06-20 09:25:17,117 | DEBUG | app.repos.application_repository | has company_name property: False
2026-06-20 09:25:17,124 | DEBUG | app.repos.application_repository | Repository application after refresh: <app.models.application.Application object at 0x000001621BE9AC10>
2026-06-20 09:25:17,126 | DEBUG | app.repos.application_repository | Company relation refresh after refresh: <app.models.company.Company object at 0x000001621BE89C90>
2026-06-20 09:25:17,126 | DEBUG | app.repos.application_repository | company name after refresh: Company 8
2026-06-20 09:25:17,126 | DEBUG | app.services.application_service | Application company ID: 11
2026-06-20 09:25:17,126 | DEBUG | app.services.application_service | Application name attr: Company 8
2026-06-20 09:25:17,128 | DEBUG | app.api.applications | Route result: <app.models.application.Application object at 0x000001621BE9AC10>
2026-06-20 09:25:17,128 | DEBUG | app.api.applications | Route result dictionary: {'_sa_instance_state': <sqlalchemy.orm.state.InstanceState object at 0x000001621BE3E570>, 'role': 'Developer', 'status': <ApplicationStatus.APPLIED: 'applied'>, 'created_at': datetime.datetime(2026, 6, 20, 7, 25, 17, 118726, tzinfo=zoneinfo.ZoneInfo(key='Africa/Johannesburg')), 'deadline': None, 'notes': None, 'company_id': 11, 'id': 11, 'location': None, 'job_url': None, 'updated_at': datetime.datetime(2026, 6, 20, 7, 25, 17, 118726, tzinfo=zoneinfo.ZoneInfo(key='Africa/Johannesburg')), 'follow_up_date': None, 'user_id': 2, 'company': <app.models.company.Company object at 0x000001621BE89C90>}
2026-06-20 09:25:17,128 | DEBUG | app.api.applications | Route company: <app.models.company.Company object at 0x000001621BE89C90>
2026-06-20 09:25:17,128 | DEBUG | app.api.applications | Route company_name: Company 8
2026-06-20 09:25:17,146 | DEBUG | app.services.application_service | Company Name: Company 9
2026-06-20 09:25:17,148 | DEBUG | app.services.application_service | Company Found: None
2026-06-20 09:25:17,156 | DEBUG | app.services.application_service | company CREATED: ID is 12, name=Company 9
2026-06-20 09:25:17,156 | DEBUG | app.services.application_service | FINAL APPLICATION DATA: {'role': 'Developer', 'status': <ApplicationStatus.APPLIED: 'applied'>, 'location': None, 'job_url': None, 'notes': None, 'company_id': 12, 'user_id': 2}
2026-06-20 09:25:17,156 | DEBUG | app.repos.application_repository | Repository application before add: <app.models.application.Application object at 0x000001621BDF2D10>
2026-06-20 09:25:17,156 | DEBUG | app.repos.application_repository | has company_name property: False
2026-06-20 09:25:17,164 | DEBUG | app.repos.application_repository | Repository application after refresh: <app.models.application.Application object at 0x000001621BDF2D10>
2026-06-20 09:25:17,167 | DEBUG | app.repos.application_repository | Company relation refresh after refresh: <app.models.company.Company object at 0x000001621BDF3CD0>
2026-06-20 09:25:17,169 | DEBUG | app.repos.application_repository | company name after refresh: Company 9
2026-06-20 09:25:17,169 | DEBUG | app.services.application_service | Application company ID: 12
2026-06-20 09:25:17,169 | DEBUG | app.services.application_service | Application name attr: Company 9
2026-06-20 09:25:17,169 | DEBUG | app.api.applications | Route result: <app.models.application.Application object at 0x000001621BDF2D10>
2026-06-20 09:25:17,169 | DEBUG | app.api.applications | Route result dictionary: {'_sa_instance_state': <sqlalchemy.orm.state.InstanceState object at 0x000001621BE3E750>, 'role': 'Developer', 'status': <ApplicationStatus.APPLIED: 'applied'>, 'created_at': datetime.datetime(2026, 6, 20, 7, 25, 17, 158636, tzinfo=zoneinfo.ZoneInfo(key='Africa/Johannesburg')), 'deadline': None, 'notes': None, 'company_id': 12, 'id': 12, 'location': None, 'job_url': None, 'updated_at': datetime.datetime(2026, 6, 20, 7, 25, 17, 158636, tzinfo=zoneinfo.ZoneInfo(key='Africa/Johannesburg')), 'follow_up_date': None, 'user_id': 2, 'company': <app.models.company.Company object at 0x000001621BDF3CD0>}
2026-06-20 09:25:17,169 | DEBUG | app.api.applications | Route company: <app.models.company.Company object at 0x000001621BDF3CD0>
2026-06-20 09:25:17,170 | DEBUG | app.api.applications | Route company_name: Company 9
2026-06-20 09:25:17,187 | DEBUG | app.services.application_service | Company Name: Company 10
2026-06-20 09:25:17,191 | DEBUG | app.services.application_service | Company Found: None
2026-06-20 09:25:17,199 | DEBUG | app.services.application_service | company CREATED: ID is 13, name=Company 10
2026-06-20 09:25:17,199 | DEBUG | app.services.application_service | FINAL APPLICATION DATA: {'role': 'Developer', 'status': <ApplicationStatus.APPLIED: 'applied'>, 'location': None, 'job_url': None, 'notes': None, 'company_id': 13, 'user_id': 2}
2026-06-20 09:25:17,203 | DEBUG | app.repos.application_repository | Repository application before add: <app.models.application.Application object at 0x000001621BEA0410>
2026-06-20 09:25:17,203 | DEBUG | app.repos.application_repository | has company_name property: False
2026-06-20 09:25:17,211 | DEBUG | app.repos.application_repository | Repository application after refresh: <app.models.application.Application object at 0x000001621BEA0410>
2026-06-20 09:25:17,215 | DEBUG | app.repos.application_repository | Company relation refresh after refresh: <app.models.company.Company object at 0x000001621BEA1F50>
2026-06-20 09:25:17,215 | DEBUG | app.repos.application_repository | company name after refresh: Company 10
2026-06-20 09:25:17,215 | DEBUG | app.services.application_service | Application company ID: 13
2026-06-20 09:25:17,219 | DEBUG | app.services.application_service | Application name attr: Company 10
2026-06-20 09:25:17,219 | DEBUG | app.api.applications | Route result: <app.models.application.Application object at 0x000001621BEA0410>
2026-06-20 09:25:17,219 | DEBUG | app.api.applications | Route result dictionary: {'_sa_instance_state': <sqlalchemy.orm.state.InstanceState object at 0x000001621BE3E750>, 'role': 'Developer', 'status': <ApplicationStatus.APPLIED: 'applied'>, 'created_at': datetime.datetime(2026, 6, 20, 7, 25, 17, 205310, tzinfo=zoneinfo.ZoneInfo(key='Africa/Johannesburg')), 'deadline': None, 'notes': None, 'company_id': 13, 'id': 13, 'location': None, 'job_url': None, 'updated_at': datetime.datetime(2026, 6, 20, 7, 25, 17, 205310, tzinfo=zoneinfo.ZoneInfo(key='Africa/Johannesburg')), 'follow_up_date': None, 'user_id': 2, 'company': <app.models.company.Company object at 0x000001621BEA1F50>}
2026-06-20 09:25:17,219 | DEBUG | app.api.applications | Route company: <app.models.company.Company object at 0x000001621BEA1F50>
2026-06-20 09:25:17,219 | DEBUG | app.api.applications | Route company_name: Company 10
2026-06-20 09:25:17,239 | DEBUG | app.services.application_service | Company Name: Company 11
2026-06-20 09:25:17,241 | DEBUG | app.services.application_service | Company Found: None
2026-06-20 09:25:17,248 | DEBUG | app.services.application_service | company CREATED: ID is 14, name=Company 11
2026-06-20 09:25:17,248 | DEBUG | app.services.application_service | FINAL APPLICATION DATA: {'role': 'Developer', 'status': <ApplicationStatus.APPLIED: 'applied'>, 'location': None, 'job_url': None, 'notes': None, 'company_id': 14, 'user_id': 2}
2026-06-20 09:25:17,248 | DEBUG | app.repos.application_repository | Repository application before add: <app.models.application.Application object at 0x000001621ADD8750>
2026-06-20 09:25:17,248 | DEBUG | app.repos.application_repository | has company_name property: False
2026-06-20 09:25:17,256 | DEBUG | app.repos.application_repository | Repository application after refresh: <app.models.application.Application object at 0x000001621ADD8750>
2026-06-20 09:25:17,258 | DEBUG | app.repos.application_repository | Company relation refresh after refresh: <app.models.company.Company object at 0x000001621B8F5D10>
2026-06-20 09:25:17,258 | DEBUG | app.repos.application_repository | company name after refresh: Company 11
2026-06-20 09:25:17,258 | DEBUG | app.services.application_service | Application company ID: 14
2026-06-20 09:25:17,258 | DEBUG | app.services.application_service | Application name attr: Company 11
2026-06-20 09:25:17,258 | DEBUG | app.api.applications | Route result: <app.models.application.Application object at 0x000001621ADD8750>
2026-06-20 09:25:17,260 | DEBUG | app.api.applications | Route result dictionary: {'_sa_instance_state': <sqlalchemy.orm.state.InstanceState object at 0x000001621BE3EE10>, 'role': 'Developer', 'status': <ApplicationStatus.APPLIED: 'applied'>, 'created_at': datetime.datetime(2026, 6, 20, 7, 25, 17, 250815, tzinfo=zoneinfo.ZoneInfo(key='Africa/Johannesburg')), 'deadline': None, 'notes': None, 'company_id': 14, 'id': 14, 'location': None, 'job_url': None, 'updated_at': datetime.datetime(2026, 6, 20, 7, 25, 17, 250815, tzinfo=zoneinfo.ZoneInfo(key='Africa/Johannesburg')), 'follow_up_date': None, 'user_id': 2, 'company': <app.models.company.Company object at 0x000001621B8F5D10>}
2026-06-20 09:25:17,260 | DEBUG | app.api.applications | Route company: <app.models.company.Company object at 0x000001621B8F5D10>
2026-06-20 09:25:17,260 | DEBUG | app.api.applications | Route company_name: Company 11
2026-06-20 09:25:17,282 | DEBUG | app.services.application_service | Company Name: Company 12
2026-06-20 09:25:17,286 | DEBUG | app.services.application_service | Company Found: None
2026-06-20 09:25:17,292 | DEBUG | app.services.application_service | company CREATED: ID is 15, name=Company 12
2026-06-20 09:25:17,294 | DEBUG | app.services.application_service | FINAL APPLICATION DATA: {'role': 'Developer', 'status': <ApplicationStatus.APPLIED: 'applied'>, 'location': None, 'job_url': None, 'notes': None, 'company_id': 15, 'user_id': 2}
2026-06-20 09:25:17,294 | DEBUG | app.repos.application_repository | Repository application before add: <app.models.application.Application object at 0x000001621BEA3250>
2026-06-20 09:25:17,294 | DEBUG | app.repos.application_repository | has company_name property: False
2026-06-20 09:25:17,302 | DEBUG | app.repos.application_repository | Repository application after refresh: <app.models.application.Application object at 0x000001621BEA3250>
2026-06-20 09:25:17,304 | DEBUG | app.repos.application_repository | Company relation refresh after refresh: <app.models.company.Company object at 0x000001621BEBB350>
2026-06-20 09:25:17,306 | DEBUG | app.repos.application_repository | company name after refresh: Company 12
2026-06-20 09:25:17,306 | DEBUG | app.services.application_service | Application company ID: 15
2026-06-20 09:25:17,306 | DEBUG | app.services.application_service | Application name attr: Company 12
2026-06-20 09:25:17,306 | DEBUG | app.api.applications | Route result: <app.models.application.Application object at 0x000001621BEA3250>
2026-06-20 09:25:17,306 | DEBUG | app.api.applications | Route result dictionary: {'_sa_instance_state': <sqlalchemy.orm.state.InstanceState object at 0x000001621BE3F110>, 'role': 'Developer', 'status': <ApplicationStatus.APPLIED: 'applied'>, 'created_at': datetime.datetime(2026, 6, 20, 7, 25, 17, 294315, tzinfo=zoneinfo.ZoneInfo(key='Africa/Johannesburg')), 'deadline': None, 'notes': None, 'company_id': 15, 'id': 15, 'location': None, 'job_url': None, 'updated_at': datetime.datetime(2026, 6, 20, 7, 25, 17, 294315, tzinfo=zoneinfo.ZoneInfo(key='Africa/Johannesburg')), 'follow_up_date': None, 'user_id': 2, 'company': <app.models.company.Company object at 0x000001621BEBB350>}
2026-06-20 09:25:17,306 | DEBUG | app.api.applications | Route company: <app.models.company.Company object at 0x000001621BEBB350>
2026-06-20 09:25:17,306 | DEBUG | app.api.applications | Route company_name: Company 12
2026-06-20 09:25:17,326 | DEBUG | app.services.application_service | Company Name: Company 13
2026-06-20 09:25:17,328 | DEBUG | app.services.application_service | Company Found: None
2026-06-20 09:25:17,336 | DEBUG | app.services.application_service | company CREATED: ID is 16, name=Company 13
2026-06-20 09:25:17,336 | DEBUG | app.services.application_service | FINAL APPLICATION DATA: {'role': 'Developer', 'status': <ApplicationStatus.APPLIED: 'applied'>, 'location': None, 'job_url': None, 'notes': None, 'company_id': 16, 'user_id': 2}
2026-06-20 09:25:17,336 | DEBUG | app.repos.application_repository | Repository application before add: <app.models.application.Application object at 0x000001621BEBA710>
2026-06-20 09:25:17,336 | DEBUG | app.repos.application_repository | has company_name property: False
2026-06-20 09:25:17,342 | DEBUG | app.repos.application_repository | Repository application after refresh: <app.models.application.Application object at 0x000001621BEBA710>
2026-06-20 09:25:17,346 | DEBUG | app.repos.application_repository | Company relation refresh after refresh: <app.models.company.Company object at 0x000001621B8F55D0>
2026-06-20 09:25:17,346 | DEBUG | app.repos.application_repository | company name after refresh: Company 13
2026-06-20 09:25:17,346 | DEBUG | app.services.application_service | Application company ID: 16
2026-06-20 09:25:17,346 | DEBUG | app.services.application_service | Application name attr: Company 13
2026-06-20 09:25:17,346 | DEBUG | app.api.applications | Route result: <app.models.application.Application object at 0x000001621BEBA710>
2026-06-20 09:25:17,346 | DEBUG | app.api.applications | Route result dictionary: {'_sa_instance_state': <sqlalchemy.orm.state.InstanceState object at 0x000001621BE3EC90>, 'role': 'Developer', 'status': <ApplicationStatus.APPLIED: 'applied'>, 'created_at': datetime.datetime(2026, 6, 20, 7, 25, 17, 338428, tzinfo=zoneinfo.ZoneInfo(key='Africa/Johannesburg')), 'deadline': None, 'notes': None, 'company_id': 16, 'id': 16, 'location': None, 'job_url': None, 'updated_at': datetime.datetime(2026, 6, 20, 7, 25, 17, 338428, tzinfo=zoneinfo.ZoneInfo(key='Africa/Johannesburg')), 'follow_up_date': None, 'user_id': 2, 'company': <app.models.company.Company object at 0x000001621B8F55D0>}
2026-06-20 09:25:17,346 | DEBUG | app.api.applications | Route company: <app.models.company.Company object at 0x000001621B8F55D0>
2026-06-20 09:25:17,346 | DEBUG | app.api.applications | Route company_name: Company 13
2026-06-20 09:25:17,364 | DEBUG | app.services.application_service | Company Name: Company 14
2026-06-20 09:25:17,367 | DEBUG | app.services.application_service | Company Found: None
2026-06-20 09:25:17,374 | DEBUG | app.services.application_service | company CREATED: ID is 17, name=Company 14
2026-06-20 09:25:17,374 | DEBUG | app.services.application_service | FINAL APPLICATION DATA: {'role': 'Developer', 'status': <ApplicationStatus.APPLIED: 'applied'>, 'location': None, 'job_url': None, 'notes': None, 'company_id': 17, 'user_id': 2}
2026-06-20 09:25:17,374 | DEBUG | app.repos.application_repository | Repository application before add: <app.models.application.Application object at 0x000001621BE9A210>
2026-06-20 09:25:17,376 | DEBUG | app.repos.application_repository | has company_name property: False
2026-06-20 09:25:17,382 | DEBUG | app.repos.application_repository | Repository application after refresh: <app.models.application.Application object at 0x000001621BE9A210>
2026-06-20 09:25:17,383 | DEBUG | app.repos.application_repository | Company relation refresh after refresh: <app.models.company.Company object at 0x000001621BEA3F50>
2026-06-20 09:25:17,385 | DEBUG | app.repos.application_repository | company name after refresh: Company 14
2026-06-20 09:25:17,385 | DEBUG | app.services.application_service | Application company ID: 17
2026-06-20 09:25:17,385 | DEBUG | app.services.application_service | Application name attr: Company 14
2026-06-20 09:25:17,385 | DEBUG | app.api.applications | Route result: <app.models.application.Application object at 0x000001621BE9A210>
2026-06-20 09:25:17,385 | DEBUG | app.api.applications | Route result dictionary: {'_sa_instance_state': <sqlalchemy.orm.state.InstanceState object at 0x000001621BE3EE10>, 'role': 'Developer', 'status': <ApplicationStatus.APPLIED: 'applied'>, 'created_at': datetime.datetime(2026, 6, 20, 7, 25, 17, 376026, tzinfo=zoneinfo.ZoneInfo(key='Africa/Johannesburg')), 'deadline': None, 'notes': None, 'company_id': 17, 'id': 17, 'location': None, 'job_url': None, 'updated_at': datetime.datetime(2026, 6, 20, 7, 25, 17, 376026, tzinfo=zoneinfo.ZoneInfo(key='Africa/Johannesburg')), 'follow_up_date': None, 'user_id': 2, 'company': <app.models.company.Company object at 0x000001621BEA3F50>}
2026-06-20 09:25:17,385 | DEBUG | app.api.applications | Route company: <app.models.company.Company object at 0x000001621BEA3F50>
2026-06-20 09:25:17,385 | DEBUG | app.api.applications | Route company_name: Company 14
2026-06-20 09:25:17,408 | DEBUG | app.repos.application_repository | Base count: 15
2026-06-20 09:25:17,414 | DEBUG | app.repos.application_repository | Final result count: 10
2026-06-20 09:25:17,436 | DEBUG | app.repos.application_repository | Final results: ['Company 14', 'Company 13', 'Company 12', 'Company 11', 'Company 10', 'Company 9', 'Company 8', 'Company 7', 'Company 6', 'Company 5']
2026-06-20 09:25:18,443 | DEBUG | app.services.application_service | Company Name: Company 0
2026-06-20 09:25:18,445 | DEBUG | app.services.application_service | Company Found: None
2026-06-20 09:25:18,453 | DEBUG | app.services.application_service | company CREATED: ID is 18, name=Company 0
2026-06-20 09:25:18,453 | DEBUG | app.services.application_service | FINAL APPLICATION DATA: {'role': 'Developer', 'status': <ApplicationStatus.APPLIED: 'applied'>, 'location': None, 'job_url': None, 'notes': None, 'company_id': 18, 'user_id': 3}
2026-06-20 09:25:18,453 | DEBUG | app.repos.application_repository | Repository application before add: <app.models.application.Application object at 0x000001621BDD1110>
2026-06-20 09:25:18,453 | DEBUG | app.repos.application_repository | has company_name property: False
2026-06-20 09:25:18,459 | DEBUG | app.repos.application_repository | Repository application after refresh: <app.models.application.Application object at 0x000001621BDD1110>
2026-06-20 09:25:18,463 | DEBUG | app.repos.application_repository | Company relation refresh after refresh: <app.models.company.Company object at 0x000001621B869B90>
2026-06-20 09:25:18,463 | DEBUG | app.repos.application_repository | company name after refresh: Company 0
2026-06-20 09:25:18,463 | DEBUG | app.services.application_service | Application company ID: 18
2026-06-20 09:25:18,463 | DEBUG | app.services.application_service | Application name attr: Company 0
2026-06-20 09:25:18,465 | DEBUG | app.api.applications | Route result: <app.models.application.Application object at 0x000001621BDD1110>
2026-06-20 09:25:18,465 | DEBUG | app.api.applications | Route result dictionary: {'_sa_instance_state': <sqlalchemy.orm.state.InstanceState object at 0x000001621BE3C650>, 'role': 'Developer', 'status': <ApplicationStatus.APPLIED: 'applied'>, 'created_at': datetime.datetime(2026, 6, 20, 7, 25, 18, 455625, tzinfo=zoneinfo.ZoneInfo(key='Africa/Johannesburg')), 'deadline': None, 'notes': None, 'company_id': 18, 'id': 18, 'location': None, 'job_url': None, 'updated_at': datetime.datetime(2026, 6, 20, 7, 25, 18, 455625, tzinfo=zoneinfo.ZoneInfo(key='Africa/Johannesburg')), 'follow_up_date': None, 'user_id': 3, 'company': <app.models.company.Company object at 0x000001621B869B90>}
2026-06-20 09:25:18,465 | DEBUG | app.api.applications | Route company: <app.models.company.Company object at 0x000001621B869B90>
2026-06-20 09:25:18,465 | DEBUG | app.api.applications | Route company_name: Company 0
2026-06-20 09:25:18,485 | DEBUG | app.services.application_service | Company Name: Company 1
2026-06-20 09:25:18,487 | DEBUG | app.services.application_service | Company Found: None
2026-06-20 09:25:18,493 | DEBUG | app.services.application_service | company CREATED: ID is 19, name=Company 1
2026-06-20 09:25:18,495 | DEBUG | app.services.application_service | FINAL APPLICATION DATA: {'role': 'Developer', 'status': <ApplicationStatus.APPLIED: 'applied'>, 'location': None, 'job_url': None, 'notes': None, 'company_id': 19, 'user_id': 3}
2026-06-20 09:25:18,495 | DEBUG | app.repos.application_repository | Repository application before add: <app.models.application.Application object at 0x000001621BE3ACD0>
2026-06-20 09:25:18,495 | DEBUG | app.repos.application_repository | has company_name property: False
2026-06-20 09:25:18,503 | DEBUG | app.repos.application_repository | Repository application after refresh: <app.models.application.Application object at 0x000001621BE3ACD0>
2026-06-20 09:25:18,505 | DEBUG | app.repos.application_repository | Company relation refresh after refresh: <app.models.company.Company object at 0x000001621B86AF90>
2026-06-20 09:25:18,505 | DEBUG | app.repos.application_repository | company name after refresh: Company 1
2026-06-20 09:25:18,505 | DEBUG | app.services.application_service | Application company ID: 19
2026-06-20 09:25:18,505 | DEBUG | app.services.application_service | Application name attr: Company 1
2026-06-20 09:25:18,505 | DEBUG | app.api.applications | Route result: <app.models.application.Application object at 0x000001621BE3ACD0>
2026-06-20 09:25:18,505 | DEBUG | app.api.applications | Route result dictionary: {'_sa_instance_state': <sqlalchemy.orm.state.InstanceState object at 0x000001621BE3D4F0>, 'role': 'Developer', 'status': <ApplicationStatus.APPLIED: 'applied'>, 'created_at': datetime.datetime(2026, 6, 20, 7, 25, 18, 497166, tzinfo=zoneinfo.ZoneInfo(key='Africa/Johannesburg')), 'deadline': None, 'notes': None, 'company_id': 19, 'id': 19, 'location': None, 'job_url': None, 'updated_at': datetime.datetime(2026, 6, 20, 7, 25, 18, 497166, tzinfo=zoneinfo.ZoneInfo(key='Africa/Johannesburg')), 'follow_up_date': None, 'user_id': 3, 'company': <app.models.company.Company object at 0x000001621B86AF90>}
2026-06-20 09:25:18,507 | DEBUG | app.api.applications | Route company: <app.models.company.Company object at 0x000001621B86AF90>
2026-06-20 09:25:18,507 | DEBUG | app.api.applications | Route company_name: Company 1
2026-06-20 09:25:18,523 | DEBUG | app.services.application_service | Company Name: Company 2
2026-06-20 09:25:18,527 | DEBUG | app.services.application_service | Company Found: None
2026-06-20 09:25:18,536 | DEBUG | app.services.application_service | company CREATED: ID is 20, name=Company 2
2026-06-20 09:25:18,536 | DEBUG | app.services.application_service | FINAL APPLICATION DATA: {'role': 'Developer', 'status': <ApplicationStatus.APPLIED: 'applied'>, 'location': None, 'job_url': None, 'notes': None, 'company_id': 20, 'user_id': 3}
2026-06-20 09:25:18,536 | DEBUG | app.repos.application_repository | Repository application before add: <app.models.application.Application object at 0x000001621B8F4650>
2026-06-20 09:25:18,538 | DEBUG | app.repos.application_repository | has company_name property: False
2026-06-20 09:25:18,544 | DEBUG | app.repos.application_repository | Repository application after refresh: <app.models.application.Application object at 0x000001621B8F4650>
2026-06-20 09:25:18,546 | DEBUG | app.repos.application_repository | Company relation refresh after refresh: <app.models.company.Company object at 0x000001621B8F5BD0>
2026-06-20 09:25:18,546 | DEBUG | app.repos.application_repository | company name after refresh: Company 2
2026-06-20 09:25:18,546 | DEBUG | app.services.application_service | Application company ID: 20
2026-06-20 09:25:18,546 | DEBUG | app.services.application_service | Application name attr: Company 2
2026-06-20 09:25:18,546 | DEBUG | app.api.applications | Route result: <app.models.application.Application object at 0x000001621B8F4650>
2026-06-20 09:25:18,548 | DEBUG | app.api.applications | Route result dictionary: {'_sa_instance_state': <sqlalchemy.orm.state.InstanceState object at 0x000001621BE3D5B0>, 'role': 'Developer', 'status': <ApplicationStatus.APPLIED: 'applied'>, 'created_at': datetime.datetime(2026, 6, 20, 7, 25, 18, 538705, tzinfo=zoneinfo.ZoneInfo(key='Africa/Johannesburg')), 'deadline': None, 'notes': None, 'company_id': 20, 'id': 20, 'location': None, 'job_url': None, 'updated_at': datetime.datetime(2026, 6, 20, 7, 25, 18, 538705, tzinfo=zoneinfo.ZoneInfo(key='Africa/Johannesburg')), 'follow_up_date': None, 'user_id': 3, 'company': <app.models.company.Company object at 0x000001621B8F5BD0>}
2026-06-20 09:25:18,548 | DEBUG | app.api.applications | Route company: <app.models.company.Company object at 0x000001621B8F5BD0>
2026-06-20 09:25:18,548 | DEBUG | app.api.applications | Route company_name: Company 2
2026-06-20 09:25:18,568 | DEBUG | app.services.application_service | Company Name: Company 3
2026-06-20 09:25:18,570 | DEBUG | app.services.application_service | Company Found: None
2026-06-20 09:25:18,576 | DEBUG | app.services.application_service | company CREATED: ID is 21, name=Company 3
2026-06-20 09:25:18,576 | DEBUG | app.services.application_service | FINAL APPLICATION DATA: {'role': 'Developer', 'status': <ApplicationStatus.APPLIED: 'applied'>, 'location': None, 'job_url': None, 'notes': None, 'company_id': 21, 'user_id': 3}
2026-06-20 09:25:18,576 | DEBUG | app.repos.application_repository | Repository application before add: <app.models.application.Application object at 0x000001621BED35D0>
2026-06-20 09:25:18,578 | DEBUG | app.repos.application_repository | has company_name property: False
2026-06-20 09:25:18,584 | DEBUG | app.repos.application_repository | Repository application after refresh: <app.models.application.Application object at 0x000001621BED35D0>
2026-06-20 09:25:18,586 | DEBUG | app.repos.application_repository | Company relation refresh after refresh: <app.models.company.Company object at 0x000001621BED0D90>
2026-06-20 09:25:18,586 | DEBUG | app.repos.application_repository | company name after refresh: Company 3
2026-06-20 09:25:18,586 | DEBUG | app.services.application_service | Application company ID: 21
2026-06-20 09:25:18,586 | DEBUG | app.services.application_service | Application name attr: Company 3
2026-06-20 09:25:18,588 | DEBUG | app.api.applications | Route result: <app.models.application.Application object at 0x000001621BED35D0>
2026-06-20 09:25:18,588 | DEBUG | app.api.applications | Route result dictionary: {'_sa_instance_state': <sqlalchemy.orm.state.InstanceState object at 0x000001621BE3D5B0>, 'role': 'Developer', 'status': <ApplicationStatus.APPLIED: 'applied'>, 'created_at': datetime.datetime(2026, 6, 20, 7, 25, 18, 578316, tzinfo=zoneinfo.ZoneInfo(key='Africa/Johannesburg')), 'deadline': None, 'notes': None, 'company_id': 21, 'id': 21, 'location': None, 'job_url': None, 'updated_at': datetime.datetime(2026, 6, 20, 7, 25, 18, 578316, tzinfo=zoneinfo.ZoneInfo(key='Africa/Johannesburg')), 'follow_up_date': None, 'user_id': 3, 'company': <app.models.company.Company object at 0x000001621BED0D90>}
2026-06-20 09:25:18,588 | DEBUG | app.api.applications | Route company: <app.models.company.Company object at 0x000001621BED0D90>
2026-06-20 09:25:18,588 | DEBUG | app.api.applications | Route company_name: Company 3
2026-06-20 09:25:18,608 | DEBUG | app.services.application_service | Company Name: Company 4
2026-06-20 09:25:18,610 | DEBUG | app.services.application_service | Company Found: None
2026-06-20 09:25:18,618 | DEBUG | app.services.application_service | company CREATED: ID is 22, name=Company 4
2026-06-20 09:25:18,618 | DEBUG | app.services.application_service | FINAL APPLICATION DATA: {'role': 'Developer', 'status': <ApplicationStatus.APPLIED: 'applied'>, 'location': None, 'job_url': None, 'notes': None, 'company_id': 22, 'user_id': 3}
2026-06-20 09:25:18,618 | DEBUG | app.repos.application_repository | Repository application before add: <app.models.application.Application object at 0x000001621BE8BE50>
2026-06-20 09:25:18,618 | DEBUG | app.repos.application_repository | has company_name property: False
2026-06-20 09:25:18,626 | DEBUG | app.repos.application_repository | Repository application after refresh: <app.models.application.Application object at 0x000001621BE8BE50>
2026-06-20 09:25:18,628 | DEBUG | app.repos.application_repository | Company relation refresh after refresh: <app.models.company.Company object at 0x000001621BE898D0>
2026-06-20 09:25:18,628 | DEBUG | app.repos.application_repository | company name after refresh: Company 4
2026-06-20 09:25:18,628 | DEBUG | app.services.application_service | Application company ID: 22
2026-06-20 09:25:18,628 | DEBUG | app.services.application_service | Application name attr: Company 4
2026-06-20 09:25:18,628 | DEBUG | app.api.applications | Route result: <app.models.application.Application object at 0x000001621BE8BE50>
2026-06-20 09:25:18,630 | DEBUG | app.api.applications | Route result dictionary: {'_sa_instance_state': <sqlalchemy.orm.state.InstanceState object at 0x000001621BE3CB30>, 'role': 'Developer', 'status': <ApplicationStatus.APPLIED: 'applied'>, 'created_at': datetime.datetime(2026, 6, 20, 7, 25, 18, 620132, tzinfo=zoneinfo.ZoneInfo(key='Africa/Johannesburg')), 'deadline': None, 'notes': None, 'company_id': 22, 'id': 22, 'location': None, 'job_url': None, 'updated_at': datetime.datetime(2026, 6, 20, 7, 25, 18, 620132, tzinfo=zoneinfo.ZoneInfo(key='Africa/Johannesburg')), 'follow_up_date': None, 'user_id': 3, 'company': <app.models.company.Company object at 0x000001621BE898D0>}
2026-06-20 09:25:18,630 | DEBUG | app.api.applications | Route company: <app.models.company.Company object at 0x000001621BE898D0>
2026-06-20 09:25:18,630 | DEBUG | app.api.applications | Route company_name: Company 4
2026-06-20 09:25:18,645 | DEBUG | app.services.application_service | Company Name: Company 5
2026-06-20 09:25:18,649 | DEBUG | app.services.application_service | Company Found: None
2026-06-20 09:25:18,655 | DEBUG | app.services.application_service | company CREATED: ID is 23, name=Company 5
2026-06-20 09:25:18,657 | DEBUG | app.services.application_service | FINAL APPLICATION DATA: {'role': 'Developer', 'status': <ApplicationStatus.APPLIED: 'applied'>, 'location': None, 'job_url': None, 'notes': None, 'company_id': 23, 'user_id': 3}
2026-06-20 09:25:18,657 | DEBUG | app.repos.application_repository | Repository application before add: <app.models.application.Application object at 0x000001621BE8BBD0>
2026-06-20 09:25:18,657 | DEBUG | app.repos.application_repository | has company_name property: False
2026-06-20 09:25:18,663 | DEBUG | app.repos.application_repository | Repository application after refresh: <app.models.application.Application object at 0x000001621BE8BBD0>
2026-06-20 09:25:18,667 | DEBUG | app.repos.application_repository | Company relation refresh after refresh: <app.models.company.Company object at 0x000001621BDBA910>
2026-06-20 09:25:18,667 | DEBUG | app.repos.application_repository | company name after refresh: Company 5
2026-06-20 09:25:18,667 | DEBUG | app.services.application_service | Application company ID: 23
2026-06-20 09:25:18,667 | DEBUG | app.services.application_service | Application name attr: Company 5
2026-06-20 09:25:18,667 | DEBUG | app.api.applications | Route result: <app.models.application.Application object at 0x000001621BE8BBD0>
2026-06-20 09:25:18,667 | DEBUG | app.api.applications | Route result dictionary: {'_sa_instance_state': <sqlalchemy.orm.state.InstanceState object at 0x000001621BE3E2D0>, 'role': 'Developer', 'status': <ApplicationStatus.APPLIED: 'applied'>, 'created_at': datetime.datetime(2026, 6, 20, 7, 25, 18, 657733, tzinfo=zoneinfo.ZoneInfo(key='Africa/Johannesburg')), 'deadline': None, 'notes': None, 'company_id': 23, 'id': 23, 'location': None, 'job_url': None, 'updated_at': datetime.datetime(2026, 6, 20, 7, 25, 18, 657733, tzinfo=zoneinfo.ZoneInfo(key='Africa/Johannesburg')), 'follow_up_date': None, 'user_id': 3, 'company': <app.models.company.Company object at 0x000001621BDBA910>}
2026-06-20 09:25:18,667 | DEBUG | app.api.applications | Route company: <app.models.company.Company object at 0x000001621BDBA910>
2026-06-20 09:25:18,669 | DEBUG | app.api.applications | Route company_name: Company 5
2026-06-20 09:25:18,690 | DEBUG | app.services.application_service | Company Name: Company 6
2026-06-20 09:25:18,692 | DEBUG | app.services.application_service | Company Found: None
2026-06-20 09:25:18,700 | DEBUG | app.services.application_service | company CREATED: ID is 24, name=Company 6
2026-06-20 09:25:18,700 | DEBUG | app.services.application_service | FINAL APPLICATION DATA: {'role': 'Developer', 'status': <ApplicationStatus.APPLIED: 'applied'>, 'location': None, 'job_url': None, 'notes': None, 'company_id': 24, 'user_id': 3}
2026-06-20 09:25:18,700 | DEBUG | app.repos.application_repository | Repository application before add: <app.models.application.Application object at 0x000001621BED1150>
2026-06-20 09:25:18,702 | DEBUG | app.repos.application_repository | has company_name property: False
2026-06-20 09:25:18,708 | DEBUG | app.repos.application_repository | Repository application after refresh: <app.models.application.Application object at 0x000001621BED1150>
2026-06-20 09:25:18,710 | DEBUG | app.repos.application_repository | Company relation refresh after refresh: <app.models.company.Company object at 0x000001621BED1390>
2026-06-20 09:25:18,710 | DEBUG | app.repos.application_repository | company name after refresh: Company 6
2026-06-20 09:25:18,710 | DEBUG | app.services.application_service | Application company ID: 24
2026-06-20 09:25:18,710 | DEBUG | app.services.application_service | Application name attr: Company 6
2026-06-20 09:25:18,710 | DEBUG | app.api.applications | Route result: <app.models.application.Application object at 0x000001621BED1150>
2026-06-20 09:25:18,712 | DEBUG | app.api.applications | Route result dictionary: {'_sa_instance_state': <sqlalchemy.orm.state.InstanceState object at 0x000001621BE3E4B0>, 'role': 'Developer', 'status': <ApplicationStatus.APPLIED: 'applied'>, 'created_at': datetime.datetime(2026, 6, 20, 7, 25, 18, 702948, tzinfo=zoneinfo.ZoneInfo(key='Africa/Johannesburg')), 'deadline': None, 'notes': None, 'company_id': 24, 'id': 24, 'location': None, 'job_url': None, 'updated_at': datetime.datetime(2026, 6, 20, 7, 25, 18, 702948, tzinfo=zoneinfo.ZoneInfo(key='Africa/Johannesburg')), 'follow_up_date': None, 'user_id': 3, 'company': <app.models.company.Company object at 0x000001621BED1390>}
2026-06-20 09:25:18,712 | DEBUG | app.api.applications | Route company: <app.models.company.Company object at 0x000001621BED1390>
2026-06-20 09:25:18,712 | DEBUG | app.api.applications | Route company_name: Company 6
2026-06-20 09:25:18,733 | DEBUG | app.services.application_service | Company Name: Company 7
2026-06-20 09:25:18,735 | DEBUG | app.services.application_service | Company Found: None
2026-06-20 09:25:18,741 | DEBUG | app.services.application_service | company CREATED: ID is 25, name=Company 7
2026-06-20 09:25:18,741 | DEBUG | app.services.application_service | FINAL APPLICATION DATA: {'role': 'Developer', 'status': <ApplicationStatus.APPLIED: 'applied'>, 'location': None, 'job_url': None, 'notes': None, 'company_id': 25, 'user_id': 3}
2026-06-20 09:25:18,743 | DEBUG | app.repos.application_repository | Repository application before add: <app.models.application.Application object at 0x000001621BED10D0>
2026-06-20 09:25:18,743 | DEBUG | app.repos.application_repository | has company_name property: False
2026-06-20 09:25:18,750 | DEBUG | app.repos.application_repository | Repository application after refresh: <app.models.application.Application object at 0x000001621BED10D0>
2026-06-20 09:25:18,752 | DEBUG | app.repos.application_repository | Company relation refresh after refresh: <app.models.company.Company object at 0x000001621BEA19D0>
2026-06-20 09:25:18,752 | DEBUG | app.repos.application_repository | company name after refresh: Company 7
2026-06-20 09:25:18,752 | DEBUG | app.services.application_service | Application company ID: 25
2026-06-20 09:25:18,754 | DEBUG | app.services.application_service | Application name attr: Company 7
2026-06-20 09:25:18,754 | DEBUG | app.api.applications | Route result: <app.models.application.Application object at 0x000001621BED10D0>
2026-06-20 09:25:18,754 | DEBUG | app.api.applications | Route result dictionary: {'_sa_instance_state': <sqlalchemy.orm.state.InstanceState object at 0x000001621BE3E630>, 'role': 'Developer', 'status': <ApplicationStatus.APPLIED: 'applied'>, 'created_at': datetime.datetime(2026, 6, 20, 7, 25, 18, 743156, tzinfo=zoneinfo.ZoneInfo(key='Africa/Johannesburg')), 'deadline': None, 'notes': None, 'company_id': 25, 'id': 25, 'location': None, 'job_url': None, 'updated_at': datetime.datetime(2026, 6, 20, 7, 25, 18, 743156, tzinfo=zoneinfo.ZoneInfo(key='Africa/Johannesburg')), 'follow_up_date': None, 'user_id': 3, 'company': <app.models.company.Company object at 0x000001621BEA19D0>}
2026-06-20 09:25:18,754 | DEBUG | app.api.applications | Route company: <app.models.company.Company object at 0x000001621BEA19D0>
2026-06-20 09:25:18,754 | DEBUG | app.api.applications | Route company_name: Company 7
2026-06-20 09:25:18,770 | DEBUG | app.services.application_service | Company Name: Company 8
2026-06-20 09:25:18,774 | DEBUG | app.services.application_service | Company Found: None
2026-06-20 09:25:18,782 | DEBUG | app.services.application_service | company CREATED: ID is 26, name=Company 8
2026-06-20 09:25:18,782 | DEBUG | app.services.application_service | FINAL APPLICATION DATA: {'role': 'Developer', 'status': <ApplicationStatus.APPLIED: 'applied'>, 'location': None, 'job_url': None, 'notes': None, 'company_id': 26, 'user_id': 3}
2026-06-20 09:25:18,782 | DEBUG | app.repos.application_repository | Repository application before add: <app.models.application.Application object at 0x000001621BEA17D0>
2026-06-20 09:25:18,782 | DEBUG | app.repos.application_repository | has company_name property: False
2026-06-20 09:25:18,790 | DEBUG | app.repos.application_repository | Repository application after refresh: <app.models.application.Application object at 0x000001621BEA17D0>
2026-06-20 09:25:18,792 | DEBUG | app.repos.application_repository | Company relation refresh after refresh: <app.models.company.Company object at 0x000001621BED3D90>
2026-06-20 09:25:18,794 | DEBUG | app.repos.application_repository | company name after refresh: Company 8
2026-06-20 09:25:18,794 | DEBUG | app.services.application_service | Application company ID: 26
2026-06-20 09:25:18,794 | DEBUG | app.services.application_service | Application name attr: Company 8
2026-06-20 09:25:18,794 | DEBUG | app.api.applications | Route result: <app.models.application.Application object at 0x000001621BEA17D0>
2026-06-20 09:25:18,794 | DEBUG | app.api.applications | Route result dictionary: {'_sa_instance_state': <sqlalchemy.orm.state.InstanceState object at 0x000001621BE3E810>, 'role': 'Developer', 'status': <ApplicationStatus.APPLIED: 'applied'>, 'created_at': datetime.datetime(2026, 6, 20, 7, 25, 18, 784518, tzinfo=zoneinfo.ZoneInfo(key='Africa/Johannesburg')), 'deadline': None, 'notes': None, 'company_id': 26, 'id': 26, 'location': None, 'job_url': None, 'updated_at': datetime.datetime(2026, 6, 20, 7, 25, 18, 784518, tzinfo=zoneinfo.ZoneInfo(key='Africa/Johannesburg')), 'follow_up_date': None, 'user_id': 3, 'company': <app.models.company.Company object at 0x000001621BED3D90>}
2026-06-20 09:25:18,794 | DEBUG | app.api.applications | Route company: <app.models.company.Company object at 0x000001621BED3D90>
2026-06-20 09:25:18,794 | DEBUG | app.api.applications | Route company_name: Company 8
2026-06-20 09:25:18,812 | DEBUG | app.services.application_service | Company Name: Company 9
2026-06-20 09:25:18,816 | DEBUG | app.services.application_service | Company Found: None
2026-06-20 09:25:18,823 | DEBUG | app.services.application_service | company CREATED: ID is 27, name=Company 9
2026-06-20 09:25:18,823 | DEBUG | app.services.application_service | FINAL APPLICATION DATA: {'role': 'Developer', 'status': <ApplicationStatus.APPLIED: 'applied'>, 'location': None, 'job_url': None, 'notes': None, 'company_id': 27, 'user_id': 3}
2026-06-20 09:25:18,823 | DEBUG | app.repos.application_repository | Repository application before add: <app.models.application.Application object at 0x000001621BE41A90>
2026-06-20 09:25:18,823 | DEBUG | app.repos.application_repository | has company_name property: False
2026-06-20 09:25:18,830 | DEBUG | app.repos.application_repository | Repository application after refresh: <app.models.application.Application object at 0x000001621BE41A90>
2026-06-20 09:25:18,834 | DEBUG | app.repos.application_repository | Company relation refresh after refresh: <app.models.company.Company object at 0x000001621BE43890>
2026-06-20 09:25:18,834 | DEBUG | app.repos.application_repository | company name after refresh: Company 9
2026-06-20 09:25:18,834 | DEBUG | app.services.application_service | Application company ID: 27
2026-06-20 09:25:18,834 | DEBUG | app.services.application_service | Application name attr: Company 9
2026-06-20 09:25:18,834 | DEBUG | app.api.applications | Route result: <app.models.application.Application object at 0x000001621BE41A90>
2026-06-20 09:25:18,834 | DEBUG | app.api.applications | Route result dictionary: {'_sa_instance_state': <sqlalchemy.orm.state.InstanceState object at 0x000001621BE3EA50>, 'role': 'Developer', 'status': <ApplicationStatus.APPLIED: 'applied'>, 'created_at': datetime.datetime(2026, 6, 20, 7, 25, 18, 825836, tzinfo=zoneinfo.ZoneInfo(key='Africa/Johannesburg')), 'deadline': None, 'notes': None, 'company_id': 27, 'id': 27, 'location': None, 'job_url': None, 'updated_at': datetime.datetime(2026, 6, 20, 7, 25, 18, 825836, tzinfo=zoneinfo.ZoneInfo(key='Africa/Johannesburg')), 'follow_up_date': None, 'user_id': 3, 'company': <app.models.company.Company object at 0x000001621BE43890>}
2026-06-20 09:25:18,834 | DEBUG | app.api.applications | Route company: <app.models.company.Company object at 0x000001621BE43890>
2026-06-20 09:25:18,834 | DEBUG | app.api.applications | Route company_name: Company 9
2026-06-20 09:25:18,852 | DEBUG | app.services.application_service | Company Name: Company 10
2026-06-20 09:25:18,856 | DEBUG | app.services.application_service | Company Found: None
2026-06-20 09:25:18,862 | DEBUG | app.services.application_service | company CREATED: ID is 28, name=Company 10
2026-06-20 09:25:18,862 | DEBUG | app.services.application_service | FINAL APPLICATION DATA: {'role': 'Developer', 'status': <ApplicationStatus.APPLIED: 'applied'>, 'location': None, 'job_url': None, 'notes': None, 'company_id': 28, 'user_id': 3}
2026-06-20 09:25:18,864 | DEBUG | app.repos.application_repository | Repository application before add: <app.models.application.Application object at 0x000001621BED3090>
2026-06-20 09:25:18,864 | DEBUG | app.repos.application_repository | has company_name property: False
2026-06-20 09:25:18,872 | DEBUG | app.repos.application_repository | Repository application after refresh: <app.models.application.Application object at 0x000001621BED3090>
2026-06-20 09:25:18,874 | DEBUG | app.repos.application_repository | Company relation refresh after refresh: <app.models.company.Company object at 0x000001621BED0890>
2026-06-20 09:25:18,874 | DEBUG | app.repos.application_repository | company name after refresh: Company 10
2026-06-20 09:25:18,874 | DEBUG | app.services.application_service | Application company ID: 28
2026-06-20 09:25:18,874 | DEBUG | app.services.application_service | Application name attr: Company 10
2026-06-20 09:25:18,874 | DEBUG | app.api.applications | Route result: <app.models.application.Application object at 0x000001621BED3090>
2026-06-20 09:25:18,874 | DEBUG | app.api.applications | Route result dictionary: {'_sa_instance_state': <sqlalchemy.orm.state.InstanceState object at 0x000001621BE3E990>, 'role': 'Developer', 'status': <ApplicationStatus.APPLIED: 'applied'>, 'created_at': datetime.datetime(2026, 6, 20, 7, 25, 18, 866684, tzinfo=zoneinfo.ZoneInfo(key='Africa/Johannesburg')), 'deadline': None, 'notes': None, 'company_id': 28, 'id': 28, 'location': None, 'job_url': None, 'updated_at': datetime.datetime(2026, 6, 20, 7, 25, 18, 866684, tzinfo=zoneinfo.ZoneInfo(key='Africa/Johannesburg')), 'follow_up_date': None, 'user_id': 3, 'company': <app.models.company.Company object at 0x000001621BED0890>}
2026-06-20 09:25:18,876 | DEBUG | app.api.applications | Route company: <app.models.company.Company object at 0x000001621BED0890>
2026-06-20 09:25:18,876 | DEBUG | app.api.applications | Route company_name: Company 10
2026-06-20 09:25:18,911 | DEBUG | app.services.application_service | Company Name: Company 11
2026-06-20 09:25:18,913 | DEBUG | app.services.application_service | Company Found: None
2026-06-20 09:25:18,921 | DEBUG | app.services.application_service | company CREATED: ID is 29, name=Company 11
2026-06-20 09:25:18,921 | DEBUG | app.services.application_service | FINAL APPLICATION DATA: {'role': 'Developer', 'status': <ApplicationStatus.APPLIED: 'applied'>, 'location': None, 'job_url': None, 'notes': None, 'company_id': 29, 'user_id': 3}
2026-06-20 09:25:18,921 | DEBUG | app.repos.application_repository | Repository application before add: <app.models.application.Application object at 0x000001621BEB8990>
2026-06-20 09:25:18,921 | DEBUG | app.repos.application_repository | has company_name property: False
2026-06-20 09:25:18,929 | DEBUG | app.repos.application_repository | Repository application after refresh: <app.models.application.Application object at 0x000001621BEB8990>
2026-06-20 09:25:18,931 | DEBUG | app.repos.application_repository | Company relation refresh after refresh: <app.models.company.Company object at 0x000001621BEA1F10>
2026-06-20 09:25:18,931 | DEBUG | app.repos.application_repository | company name after refresh: Company 11
2026-06-20 09:25:18,933 | DEBUG | app.services.application_service | Application company ID: 29
2026-06-20 09:25:18,933 | DEBUG | app.services.application_service | Application name attr: Company 11
2026-06-20 09:25:18,933 | DEBUG | app.api.applications | Route result: <app.models.application.Application object at 0x000001621BEB8990>
2026-06-20 09:25:18,933 | DEBUG | app.api.applications | Route result dictionary: {'_sa_instance_state': <sqlalchemy.orm.state.InstanceState object at 0x000001621BE3EAB0>, 'role': 'Developer', 'status': <ApplicationStatus.APPLIED: 'applied'>, 'created_at': datetime.datetime(2026, 6, 20, 7, 25, 18, 923340, tzinfo=zoneinfo.ZoneInfo(key='Africa/Johannesburg')), 'deadline': None, 'notes': None, 'company_id': 29, 'id': 29, 'location': None, 'job_url': None, 'updated_at': datetime.datetime(2026, 6, 20, 7, 25, 18, 923340, tzinfo=zoneinfo.ZoneInfo(key='Africa/Johannesburg')), 'follow_up_date': None, 'user_id': 3, 'company': <app.models.company.Company object at 0x000001621BEA1F10>}
2026-06-20 09:25:18,933 | DEBUG | app.api.applications | Route company: <app.models.company.Company object at 0x000001621BEA1F10>
2026-06-20 09:25:18,933 | DEBUG | app.api.applications | Route company_name: Company 11
2026-06-20 09:25:18,967 | DEBUG | app.services.application_service | Company Name: Company 12
2026-06-20 09:25:18,971 | DEBUG | app.services.application_service | Company Found: None
2026-06-20 09:25:18,977 | DEBUG | app.services.application_service | company CREATED: ID is 30, name=Company 12
2026-06-20 09:25:18,977 | DEBUG | app.services.application_service | FINAL APPLICATION DATA: {'role': 'Developer', 'status': <ApplicationStatus.APPLIED: 'applied'>, 'location': None, 'job_url': None, 'notes': None, 'company_id': 30, 'user_id': 3}
2026-06-20 09:25:18,977 | DEBUG | app.repos.application_repository | Repository application before add: <app.models.application.Application object at 0x000001621BE8ACD0>
2026-06-20 09:25:18,977 | DEBUG | app.repos.application_repository | has company_name property: False
2026-06-20 09:25:18,987 | DEBUG | app.repos.application_repository | Repository application after refresh: <app.models.application.Application object at 0x000001621BE8ACD0>
2026-06-20 09:25:18,989 | DEBUG | app.repos.application_repository | Company relation refresh after refresh: <app.models.company.Company object at 0x000001621BE9A4D0>
2026-06-20 09:25:18,989 | DEBUG | app.repos.application_repository | company name after refresh: Company 12
2026-06-20 09:25:18,989 | DEBUG | app.services.application_service | Application company ID: 30
2026-06-20 09:25:18,989 | DEBUG | app.services.application_service | Application name attr: Company 12
2026-06-20 09:25:18,991 | DEBUG | app.api.applications | Route result: <app.models.application.Application object at 0x000001621BE8ACD0>
2026-06-20 09:25:18,991 | DEBUG | app.api.applications | Route result dictionary: {'_sa_instance_state': <sqlalchemy.orm.state.InstanceState object at 0x000001621BE3ECF0>, 'role': 'Developer', 'status': <ApplicationStatus.APPLIED: 'applied'>, 'created_at': datetime.datetime(2026, 6, 20, 7, 25, 18, 979283, tzinfo=zoneinfo.ZoneInfo(key='Africa/Johannesburg')), 'deadline': None, 'notes': None, 'company_id': 30, 'id': 30, 'location': None, 'job_url': None, 'updated_at': datetime.datetime(2026, 6, 20, 7, 25, 18, 979283, tzinfo=zoneinfo.ZoneInfo(key='Africa/Johannesburg')), 'follow_up_date': None, 'user_id': 3, 'company': <app.models.company.Company object at 0x000001621BE9A4D0>}
2026-06-20 09:25:18,991 | DEBUG | app.api.applications | Route company: <app.models.company.Company object at 0x000001621BE9A4D0>
2026-06-20 09:25:18,991 | DEBUG | app.api.applications | Route company_name: Company 12
2026-06-20 09:25:19,008 | DEBUG | app.services.application_service | Company Name: Company 13
2026-06-20 09:25:19,012 | DEBUG | app.services.application_service | Company Found: None
2026-06-20 09:25:19,020 | DEBUG | app.services.application_service | company CREATED: ID is 31, name=Company 13
2026-06-20 09:25:19,020 | DEBUG | app.services.application_service | FINAL APPLICATION DATA: {'role': 'Developer', 'status': <ApplicationStatus.APPLIED: 'applied'>, 'location': None, 'job_url': None, 'notes': None, 'company_id': 31, 'user_id': 3}
2026-06-20 09:25:19,020 | DEBUG | app.repos.application_repository | Repository application before add: <app.models.application.Application object at 0x000001621B859850>
2026-06-20 09:25:19,020 | DEBUG | app.repos.application_repository | has company_name property: False
2026-06-20 09:25:19,028 | DEBUG | app.repos.application_repository | Repository application after refresh: <app.models.application.Application object at 0x000001621B859850>
2026-06-20 09:25:19,030 | DEBUG | app.repos.application_repository | Company relation refresh after refresh: <app.models.company.Company object at 0x000001621BE151D0>
2026-06-20 09:25:19,032 | DEBUG | app.repos.application_repository | company name after refresh: Company 13
2026-06-20 09:25:19,032 | DEBUG | app.services.application_service | Application company ID: 31
2026-06-20 09:25:19,032 | DEBUG | app.services.application_service | Application name attr: Company 13
2026-06-20 09:25:19,032 | DEBUG | app.api.applications | Route result: <app.models.application.Application object at 0x000001621B859850>
2026-06-20 09:25:19,032 | DEBUG | app.api.applications | Route result dictionary: {'_sa_instance_state': <sqlalchemy.orm.state.InstanceState object at 0x000001621BE3EAB0>, 'role': 'Developer', 'status': <ApplicationStatus.APPLIED: 'applied'>, 'created_at': datetime.datetime(2026, 6, 20, 7, 25, 19, 22720, tzinfo=zoneinfo.ZoneInfo(key='Africa/Johannesburg')), 'deadline': None, 'notes': None, 'company_id': 31, 'id': 31, 'location': None, 'job_url': None, 'updated_at': datetime.datetime(2026, 6, 20, 7, 25, 19, 22720, tzinfo=zoneinfo.ZoneInfo(key='Africa/Johannesburg')), 'follow_up_date': None, 'user_id': 3, 'company': <app.models.company.Company object at 0x000001621BE151D0>}
2026-06-20 09:25:19,032 | DEBUG | app.api.applications | Route company: <app.models.company.Company object at 0x000001621BE151D0>
2026-06-20 09:25:19,032 | DEBUG | app.api.applications | Route company_name: Company 13
2026-06-20 09:25:19,050 | DEBUG | app.services.application_service | Company Name: Company 14
2026-06-20 09:25:19,054 | DEBUG | app.services.application_service | Company Found: None
2026-06-20 09:25:19,060 | DEBUG | app.services.application_service | company CREATED: ID is 32, name=Company 14
2026-06-20 09:25:19,060 | DEBUG | app.services.application_service | FINAL APPLICATION DATA: {'role': 'Developer', 'status': <ApplicationStatus.APPLIED: 'applied'>, 'location': None, 'job_url': None, 'notes': None, 'company_id': 32, 'user_id': 3}
2026-06-20 09:25:19,062 | DEBUG | app.repos.application_repository | Repository application before add: <app.models.application.Application object at 0x000001621BEE7910>
2026-06-20 09:25:19,062 | DEBUG | app.repos.application_repository | has company_name property: False
2026-06-20 09:25:19,072 | DEBUG | app.repos.application_repository | Repository application after refresh: <app.models.application.Application object at 0x000001621BEE7910>
2026-06-20 09:25:19,076 | DEBUG | app.repos.application_repository | Company relation refresh after refresh: <app.models.company.Company object at 0x000001621BEE7610>
2026-06-20 09:25:19,076 | DEBUG | app.repos.application_repository | company name after refresh: Company 14
2026-06-20 09:25:19,076 | DEBUG | app.services.application_service | Application company ID: 32
2026-06-20 09:25:19,076 | DEBUG | app.services.application_service | Application name attr: Company 14
2026-06-20 09:25:19,076 | DEBUG | app.api.applications | Route result: <app.models.application.Application object at 0x000001621BEE7910>
2026-06-20 09:25:19,076 | DEBUG | app.api.applications | Route result dictionary: {'_sa_instance_state': <sqlalchemy.orm.state.InstanceState object at 0x000001621BE3ECF0>, 'role': 'Developer', 'status': <ApplicationStatus.APPLIED: 'applied'>, 'created_at': datetime.datetime(2026, 6, 20, 7, 25, 19, 62314, tzinfo=zoneinfo.ZoneInfo(key='Africa/Johannesburg')), 'deadline': None, 'notes': None, 'company_id': 32, 'id': 32, 'location': None, 'job_url': None, 'updated_at': datetime.datetime(2026, 6, 20, 7, 25, 19, 62314, tzinfo=zoneinfo.ZoneInfo(key='Africa/Johannesburg')), 'follow_up_date': None, 'user_id': 3, 'company': <app.models.company.Company object at 0x000001621BEE7610>}
2026-06-20 09:25:19,076 | DEBUG | app.api.applications | Route company: <app.models.company.Company object at 0x000001621BEE7610>
2026-06-20 09:25:19,076 | DEBUG | app.api.applications | Route company_name: Company 14
2026-06-20 09:25:19,099 | DEBUG | app.repos.application_repository | Base count: 15
2026-06-20 09:25:19,103 | DEBUG | app.repos.application_repository | Final result count: 10
2026-06-20 09:25:19,124 | DEBUG | app.repos.application_repository | Final results: ['Company 14', 'Company 13', 'Company 12', 'Company 11', 'Company 10', 'Company 9', 'Company 8', 'Company 7', 'Company 6', 'Company 5']
2026-06-20 09:25:20,338 | DEBUG | app.services.application_service | Company Name: Google
2026-06-20 09:25:20,340 | DEBUG | app.services.application_service | Company Found: None
2026-06-20 09:25:20,346 | DEBUG | app.services.application_service | company CREATED: ID is 33, name=Google
2026-06-20 09:25:20,348 | DEBUG | app.services.application_service | FINAL APPLICATION DATA: {'role': 'Back-End Engineer', 'status': <ApplicationStatus.APPLIED: 'applied'>, 'location': None, 'job_url': None, 'notes': None, 'company_id': 33, 'user_id': 4}
2026-06-20 09:25:20,348 | DEBUG | app.repos.application_repository | Repository application before add: <app.models.application.Application object at 0x000001621BEE7D90>
2026-06-20 09:25:20,348 | DEBUG | app.repos.application_repository | has company_name property: False
2026-06-20 09:25:20,355 | DEBUG | app.repos.application_repository | Repository application after refresh: <app.models.application.Application object at 0x000001621BEE7D90>
2026-06-20 09:25:20,357 | DEBUG | app.repos.application_repository | Company relation refresh after refresh: <app.models.company.Company object at 0x000001621B7CA310>
2026-06-20 09:25:20,357 | DEBUG | app.repos.application_repository | company name after refresh: Google
2026-06-20 09:25:20,357 | DEBUG | app.services.application_service | Application company ID: 33
2026-06-20 09:25:20,359 | DEBUG | app.services.application_service | Application name attr: Google
2026-06-20 09:25:20,359 | DEBUG | app.api.applications | Route result: <app.models.application.Application object at 0x000001621BEE7D90>
2026-06-20 09:25:20,359 | DEBUG | app.api.applications | Route result dictionary: {'_sa_instance_state': <sqlalchemy.orm.state.InstanceState object at 0x000001621BE3C830>, 'role': 'Back-End Engineer', 'status': <ApplicationStatus.APPLIED: 'applied'>, 'created_at': datetime.datetime(2026, 6, 20, 7, 25, 20, 348866, tzinfo=zoneinfo.ZoneInfo(key='Africa/Johannesburg')), 'deadline': None, 'notes': None, 'company_id': 33, 'id': 33, 'location': None, 'job_url': None, 'updated_at': datetime.datetime(2026, 6, 20, 7, 25, 20, 348866, tzinfo=zoneinfo.ZoneInfo(key='Africa/Johannesburg')), 'follow_up_date': None, 'user_id': 4, 'company': <app.models.company.Company object at 0x000001621B7CA310>}
2026-06-20 09:25:20,359 | DEBUG | app.api.applications | Route company: <app.models.company.Company object at 0x000001621B7CA310>
2026-06-20 09:25:20,359 | DEBUG | app.api.applications | Route company_name: Google
2026-06-20 09:25:20,378 | DEBUG | app.services.application_service | Company Name: Rock Star Games
2026-06-20 09:25:20,382 | DEBUG | app.services.application_service | Company Found: None
2026-06-20 09:25:20,388 | DEBUG | app.services.application_service | company CREATED: ID is 34, name=Rock Star Games
2026-06-20 09:25:20,388 | DEBUG | app.services.application_service | FINAL APPLICATION DATA: {'role': 'Game Developer', 'status': <ApplicationStatus.APPLIED: 'applied'>, 'location': None, 'job_url': None, 'notes': None, 'company_id': 34, 'user_id': 4}
2026-06-20 09:25:20,388 | DEBUG | app.repos.application_repository | Repository application before add: <app.models.application.Application object at 0x000001621BDF2AD0>
2026-06-20 09:25:20,388 | DEBUG | app.repos.application_repository | has company_name property: False
2026-06-20 09:25:20,396 | DEBUG | app.repos.application_repository | Repository application after refresh: <app.models.application.Application object at 0x000001621BDF2AD0>
2026-06-20 09:25:20,399 | DEBUG | app.repos.application_repository | Company relation refresh after refresh: <app.models.company.Company object at 0x000001621BDF2B90>
2026-06-20 09:25:20,401 | DEBUG | app.repos.application_repository | company name after refresh: Rock Star Games
2026-06-20 09:25:20,401 | DEBUG | app.services.application_service | Application company ID: 34
2026-06-20 09:25:20,401 | DEBUG | app.services.application_service | Application name attr: Rock Star Games
2026-06-20 09:25:20,401 | DEBUG | app.api.applications | Route result: <app.models.application.Application object at 0x000001621BDF2AD0>
2026-06-20 09:25:20,401 | DEBUG | app.api.applications | Route result dictionary: {'_sa_instance_state': <sqlalchemy.orm.state.InstanceState object at 0x000001621BE3DD90>, 'role': 'Game Developer', 'status': <ApplicationStatus.APPLIED: 'applied'>, 'created_at': datetime.datetime(2026, 6, 20, 7, 25, 20, 390975, tzinfo=zoneinfo.ZoneInfo(key='Africa/Johannesburg')), 'deadline': None, 'notes': None, 'company_id': 34, 'id': 34, 'location': None, 'job_url': None, 'updated_at': datetime.datetime(2026, 6, 20, 7, 25, 20, 390975, tzinfo=zoneinfo.ZoneInfo(key='Africa/Johannesburg')), 'follow_up_date': None, 'user_id': 4, 'company': <app.models.company.Company object at 0x000001621BDF2B90>}
2026-06-20 09:25:20,401 | DEBUG | app.api.applications | Route company: <app.models.company.Company object at 0x000001621BDF2B90>
2026-06-20 09:25:20,401 | DEBUG | app.api.applications | Route company_name: Rock Star Games
2026-06-20 09:25:20,422 | DEBUG | app.services.application_service | Company Name: Meta
2026-06-20 09:25:20,426 | DEBUG | app.services.application_service | Company Found: None
2026-06-20 09:25:20,433 | DEBUG | app.services.application_service | company CREATED: ID is 35, name=Meta
2026-06-20 09:25:20,433 | DEBUG | app.services.application_service | FINAL APPLICATION DATA: {'role': 'Marketing Manager', 'status': <ApplicationStatus.WISHLIST: 'wishlist'>, 'location': None, 'job_url': None, 'notes': None, 'company_id': 35, 'user_id': 4}
2026-06-20 09:25:20,433 | DEBUG | app.repos.application_repository | Repository application before add: <app.models.application.Application object at 0x000001621BEE6B10>
2026-06-20 09:25:20,433 | DEBUG | app.repos.application_repository | has company_name property: False
2026-06-20 09:25:20,442 | DEBUG | app.repos.application_repository | Repository application after refresh: <app.models.application.Application object at 0x000001621BEE6B10>
2026-06-20 09:25:20,447 | DEBUG | app.repos.application_repository | Company relation refresh after refresh: <app.models.company.Company object at 0x000001621BEE7F10>
2026-06-20 09:25:20,447 | DEBUG | app.repos.application_repository | company name after refresh: Meta
2026-06-20 09:25:20,447 | DEBUG | app.services.application_service | Application company ID: 35
2026-06-20 09:25:20,447 | DEBUG | app.services.application_service | Application name attr: Meta
2026-06-20 09:25:20,447 | DEBUG | app.api.applications | Route result: <app.models.application.Application object at 0x000001621BEE6B10>
2026-06-20 09:25:20,447 | DEBUG | app.api.applications | Route result dictionary: {'_sa_instance_state': <sqlalchemy.orm.state.InstanceState object at 0x000001621BE3CEF0>, 'role': 'Marketing Manager', 'status': <ApplicationStatus.WISHLIST: 'wishlist'>, 'created_at': datetime.datetime(2026, 6, 20, 7, 25, 20, 436552, tzinfo=zoneinfo.ZoneInfo(key='Africa/Johannesburg')), 'deadline': None, 'notes': None, 'company_id': 35, 'id': 35, 'location': None, 'job_url': None, 'updated_at': datetime.datetime(2026, 6, 20, 7, 25, 20, 436552, tzinfo=zoneinfo.ZoneInfo(key='Africa/Johannesburg')), 'follow_up_date': None, 'user_id': 4, 'company': <app.models.company.Company object at 0x000001621BEE7F10>}
2026-06-20 09:25:20,449 | DEBUG | app.api.applications | Route company: <app.models.company.Company object at 0x000001621BEE7F10>
2026-06-20 09:25:20,449 | DEBUG | app.api.applications | Route company_name: Meta
2026-06-20 09:25:20,473 | DEBUG | app.repos.application_repository | Base count: 3
2026-06-20 09:25:20,487 | DEBUG | app.repos.application_repository | After status filter count: 2
2026-06-20 09:25:20,490 | DEBUG | app.repos.application_repository | Final result count: 2
2026-06-20 09:25:20,496 | DEBUG | app.repos.application_repository | Final results: ['Rock Star Games', 'Google']
2026-06-20 09:25:22,355 | DEBUG | app.services.application_service | Company Name: Apple iOS
2026-06-20 09:25:22,359 | DEBUG | app.services.application_service | Company Found: None
2026-06-20 09:25:22,365 | DEBUG | app.services.application_service | company CREATED: ID is 36, name=Apple iOS
2026-06-20 09:25:22,365 | DEBUG | app.services.application_service | FINAL APPLICATION DATA: {'role': 'Developer', 'status': <ApplicationStatus.APPLIED: 'applied'>, 'location': None, 'job_url': None, 'notes': None, 'company_id': 36, 'user_id': 5}
2026-06-20 09:25:22,367 | DEBUG | app.repos.application_repository | Repository application before add: <app.models.application.Application object at 0x000001621BED1A50>
2026-06-20 09:25:22,367 | DEBUG | app.repos.application_repository | has company_name property: False
2026-06-20 09:25:22,375 | DEBUG | app.repos.application_repository | Repository application after refresh: <app.models.application.Application object at 0x000001621BED1A50>
2026-06-20 09:25:22,379 | DEBUG | app.repos.application_repository | Company relation refresh after refresh: <app.models.company.Company object at 0x000001621BDF3410>
2026-06-20 09:25:22,379 | DEBUG | app.repos.application_repository | company name after refresh: Apple iOS
2026-06-20 09:25:22,379 | DEBUG | app.services.application_service | Application company ID: 36
2026-06-20 09:25:22,379 | DEBUG | app.services.application_service | Application name attr: Apple iOS
2026-06-20 09:25:22,379 | DEBUG | app.api.applications | Route result: <app.models.application.Application object at 0x000001621BED1A50>
2026-06-20 09:25:22,379 | DEBUG | app.api.applications | Route result dictionary: {'_sa_instance_state': <sqlalchemy.orm.state.InstanceState object at 0x000001621BE3E330>, 'role': 'Developer', 'status': <ApplicationStatus.APPLIED: 'applied'>, 'created_at': datetime.datetime(2026, 6, 20, 7, 25, 22, 367725, tzinfo=zoneinfo.ZoneInfo(key='Africa/Johannesburg')), 'deadline': None, 'notes': None, 'company_id': 36, 'id': 36, 'location': None, 'job_url': None, 'updated_at': datetime.datetime(2026, 6, 20, 7, 25, 22, 367725, tzinfo=zoneinfo.ZoneInfo(key='Africa/Johannesburg')), 'follow_up_date': None, 'user_id': 5, 'company': <app.models.company.Company object at 0x000001621BDF3410>}
2026-06-20 09:25:22,379 | DEBUG | app.api.applications | Route company: <app.models.company.Company object at 0x000001621BDF3410>
2026-06-20 09:25:22,381 | DEBUG | app.api.applications | Route company_name: Apple iOS
2026-06-20 09:25:24,499 | DEBUG | app.services.application_service | Company Name: Google
2026-06-20 09:25:24,501 | DEBUG | app.services.application_service | Company Found: None
2026-06-20 09:25:24,510 | DEBUG | app.services.application_service | company CREATED: ID is 37, name=Google
2026-06-20 09:25:24,510 | DEBUG | app.services.application_service | FINAL APPLICATION DATA: {'role': 'Developer', 'status': <ApplicationStatus.WISHLIST: 'wishlist'>, 'location': None, 'job_url': None, 'notes': None, 'company_id': 37, 'user_id': 5}
2026-06-20 09:25:24,510 | DEBUG | app.repos.application_repository | Repository application before add: <app.models.application.Application object at 0x000001621BEECD90>
2026-06-20 09:25:24,510 | DEBUG | app.repos.application_repository | has company_name property: False
2026-06-20 09:25:24,518 | DEBUG | app.repos.application_repository | Repository application after refresh: <app.models.application.Application object at 0x000001621BEECD90>
2026-06-20 09:25:24,522 | DEBUG | app.repos.application_repository | Company relation refresh after refresh: <app.models.company.Company object at 0x000001621BEA11D0>
2026-06-20 09:25:24,522 | DEBUG | app.repos.application_repository | company name after refresh: Google
2026-06-20 09:25:24,522 | DEBUG | app.services.application_service | Application company ID: 37
2026-06-20 09:25:24,524 | DEBUG | app.services.application_service | Application name attr: Google
2026-06-20 09:25:24,524 | DEBUG | app.api.applications | Route result: <app.models.application.Application object at 0x000001621BEECD90>
2026-06-20 09:25:24,524 | DEBUG | app.api.applications | Route result dictionary: {'_sa_instance_state': <sqlalchemy.orm.state.InstanceState object at 0x000001621BE3CB30>, 'role': 'Developer', 'status': <ApplicationStatus.WISHLIST: 'wishlist'>, 'created_at': datetime.datetime(2026, 6, 20, 7, 25, 24, 512917, tzinfo=zoneinfo.ZoneInfo(key='Africa/Johannesburg')), 'deadline': None, 'notes': None, 'company_id': 37, 'id': 37, 'location': None, 'job_url': None, 'updated_at': datetime.datetime(2026, 6, 20, 7, 25, 24, 512917, tzinfo=zoneinfo.ZoneInfo(key='Africa/Johannesburg')), 'follow_up_date': None, 'user_id': 5, 'company': <app.models.company.Company object at 0x000001621BEA11D0>}
2026-06-20 09:25:24,524 | DEBUG | app.api.applications | Route company: <app.models.company.Company object at 0x000001621BEA11D0>
2026-06-20 09:25:24,524 | DEBUG | app.api.applications | Route company_name: Google
2026-06-20 09:25:24,597 | DEBUG | app.repos.application_repository | Base count: 2
2026-06-20 09:25:24,601 | DEBUG | app.repos.application_repository | Final result count: 2
2026-06-20 09:25:24,611 | DEBUG | app.repos.application_repository | Final results: ['Google', 'Apple iOS']
2026-06-20 09:25:26,341 | DEBUG | app.services.application_service | Company Name: Google
2026-06-20 09:25:26,344 | DEBUG | app.services.application_service | Company Found: None
2026-06-20 09:25:26,351 | DEBUG | app.services.application_service | company CREATED: ID is 38, name=Google
2026-06-20 09:25:26,351 | DEBUG | app.services.application_service | FINAL APPLICATION DATA: {'role': 'Software Developer', 'status': <ApplicationStatus.APPLIED: 'applied'>, 'location': 'Remote', 'job_url': 'https://example.com/job', 'notes': 'Dream job', 'company_id': 38, 'user_id': 6}
2026-06-20 09:25:26,351 | DEBUG | app.repos.application_repository | Repository application before add: <app.models.application.Application object at 0x000001621BEEF250>
2026-06-20 09:25:26,351 | DEBUG | app.repos.application_repository | has company_name property: False
2026-06-20 09:25:26,361 | DEBUG | app.repos.application_repository | Repository application after refresh: <app.models.application.Application object at 0x000001621BEEF250>
2026-06-20 09:25:26,363 | DEBUG | app.repos.application_repository | Company relation refresh after refresh: <app.models.company.Company object at 0x000001621BEEC810>
2026-06-20 09:25:26,363 | DEBUG | app.repos.application_repository | company name after refresh: Google
2026-06-20 09:25:26,363 | DEBUG | app.services.application_service | Application company ID: 38
2026-06-20 09:25:26,363 | DEBUG | app.services.application_service | Application name attr: Google
2026-06-20 09:25:26,365 | DEBUG | app.api.applications | Route result: <app.models.application.Application object at 0x000001621BEEF250>
2026-06-20 09:25:26,365 | DEBUG | app.api.applications | Route result dictionary: {'_sa_instance_state': <sqlalchemy.orm.state.InstanceState object at 0x000001621BE3FDD0>, 'role': 'Software Developer', 'status': <ApplicationStatus.APPLIED: 'applied'>, 'created_at': datetime.datetime(2026, 6, 20, 7, 25, 26, 353033, tzinfo=zoneinfo.ZoneInfo(key='Africa/Johannesburg')), 'deadline': None, 'notes': 'Dream job', 'company_id': 38, 'id': 38, 'location': 'Remote', 'job_url': 'https://example.com/job', 'updated_at': datetime.datetime(2026, 6, 20, 7, 25, 26, 353033, tzinfo=zoneinfo.ZoneInfo(key='Africa/Johannesburg')), 'follow_up_date': None, 'user_id': 6, 'company': <app.models.company.Company object at 0x000001621BEEC810>}
2026-06-20 09:25:26,365 | DEBUG | app.api.applications | Route company: <app.models.company.Company object at 0x000001621BEEC810>
2026-06-20 09:25:26,365 | DEBUG | app.api.applications | Route company_name: Google
2026-06-20 09:25:28,876 | DEBUG | app.services.application_service | Company Name: Microsoft
2026-06-20 09:25:28,880 | DEBUG | app.services.application_service | Company Found: None
2026-06-20 09:25:28,888 | DEBUG | app.services.application_service | company CREATED: ID is 39, name=Microsoft
2026-06-20 09:25:28,890 | DEBUG | app.services.application_service | FINAL APPLICATION DATA: {'role': 'Data Scientist', 'status': <ApplicationStatus.OFFER: 'offer'>, 'location': None, 'job_url': None, 'notes': None, 'company_id': 39, 'user_id': 7}
2026-06-20 09:25:28,890 | DEBUG | app.repos.application_repository | Repository application before add: <app.models.application.Application object at 0x000001621BEA07D0>
2026-06-20 09:25:28,890 | DEBUG | app.repos.application_repository | has company_name property: False
2026-06-20 09:25:28,896 | DEBUG | app.repos.application_repository | Repository application after refresh: <app.models.application.Application object at 0x000001621BEA07D0>
2026-06-20 09:25:28,900 | DEBUG | app.repos.application_repository | Company relation refresh after refresh: <app.models.company.Company object at 0x000001621BEA3850>
2026-06-20 09:25:28,900 | DEBUG | app.repos.application_repository | company name after refresh: Microsoft
2026-06-20 09:25:28,900 | DEBUG | app.services.application_service | Application company ID: 39
2026-06-20 09:25:28,900 | DEBUG | app.services.application_service | Application name attr: Microsoft
2026-06-20 09:25:28,900 | DEBUG | app.api.applications | Route result: <app.models.application.Application object at 0x000001621BEA07D0>
2026-06-20 09:25:28,902 | DEBUG | app.api.applications | Route result dictionary: {'_sa_instance_state': <sqlalchemy.orm.state.InstanceState object at 0x000001621BE3FD10>, 'role': 'Data Scientist', 'status': <ApplicationStatus.OFFER: 'offer'>, 'created_at': datetime.datetime(2026, 6, 20, 7, 25, 28, 890255, tzinfo=zoneinfo.ZoneInfo(key='Africa/Johannesburg')), 'deadline': None, 'notes': None, 'company_id': 39, 'id': 39, 'location': None, 'job_url': None, 'updated_at': datetime.datetime(2026, 6, 20, 7, 25, 28, 890255, tzinfo=zoneinfo.ZoneInfo(key='Africa/Johannesburg')), 'follow_up_date': None, 'user_id': 7, 'company': <app.models.company.Company object at 0x000001621BEA3850>}
2026-06-20 09:25:28,902 | DEBUG | app.api.applications | Route company: <app.models.company.Company object at 0x000001621BEA3850>
2026-06-20 09:25:28,902 | DEBUG | app.api.applications | Route company_name: Microsoft
2026-06-20 09:25:28,938 | DEBUG | app.repos.application_repository | Base count: 1
2026-06-20 09:25:28,942 | DEBUG | app.repos.application_repository | Final result count: 1
2026-06-20 09:25:28,944 | DEBUG | app.repos.application_repository | Final results: ['Microsoft']
2026-06-20 09:25:30,945 | DEBUG | app.services.application_service | Company Name: Amazon AWS
2026-06-20 09:25:30,949 | DEBUG | app.services.application_service | Company Found: None
2026-06-20 09:25:30,957 | DEBUG | app.services.application_service | company CREATED: ID is 40, name=Amazon AWS
2026-06-20 09:25:30,959 | DEBUG | app.services.application_service | FINAL APPLICATION DATA: {'role': 'Cloud Engineer', 'status': <ApplicationStatus.APPLIED: 'applied'>, 'location': None, 'job_url': None, 'notes': None, 'company_id': 40, 'user_id': 8}
2026-06-20 09:25:30,959 | DEBUG | app.repos.application_repository | Repository application before add: <app.models.application.Application object at 0x000001621B5C8E90>
2026-06-20 09:25:30,959 | DEBUG | app.repos.application_repository | has company_name property: False
2026-06-20 09:25:30,965 | DEBUG | app.repos.application_repository | Repository application after refresh: <app.models.application.Application object at 0x000001621B5C8E90>
2026-06-20 09:25:30,970 | DEBUG | app.repos.application_repository | Company relation refresh after refresh: <app.models.company.Company object at 0x000001621BEE90D0>
2026-06-20 09:25:30,970 | DEBUG | app.repos.application_repository | company name after refresh: Amazon AWS
2026-06-20 09:25:30,972 | DEBUG | app.services.application_service | Application company ID: 40
2026-06-20 09:25:30,972 | DEBUG | app.services.application_service | Application name attr: Amazon AWS
2026-06-20 09:25:30,972 | DEBUG | app.api.applications | Route result: <app.models.application.Application object at 0x000001621B5C8E90>
2026-06-20 09:25:30,972 | DEBUG | app.api.applications | Route result dictionary: {'_sa_instance_state': <sqlalchemy.orm.state.InstanceState object at 0x000001621BE3C830>, 'role': 'Cloud Engineer', 'status': <ApplicationStatus.APPLIED: 'applied'>, 'created_at': datetime.datetime(2026, 6, 20, 7, 25, 30, 959082, tzinfo=zoneinfo.ZoneInfo(key='Africa/Johannesburg')), 'deadline': None, 'notes': None, 'company_id': 40, 'id': 40, 'location': None, 'job_url': None, 'updated_at': datetime.datetime(2026, 6, 20, 7, 25, 30, 959082, tzinfo=zoneinfo.ZoneInfo(key='Africa/Johannesburg')), 'follow_up_date': None, 'user_id': 8, 'company': <app.models.company.Company object at 0x000001621BEE90D0>}
2026-06-20 09:25:30,972 | DEBUG | app.api.applications | Route company: <app.models.company.Company object at 0x000001621BEE90D0>
2026-06-20 09:25:30,972 | DEBUG | app.api.applications | Route company_name: Amazon AWS
2026-06-20 09:25:31,077 | DEBUG | app.repos.application_repository | Get by user and id result: <app.models.application.Application object at 0x000001621BF02C90>
2026-06-20 09:25:32,742 | DEBUG | app.services.application_service | Company Name: Oracle
2026-06-20 09:25:32,744 | DEBUG | app.services.application_service | Company Found: None
2026-06-20 09:25:32,753 | DEBUG | app.services.application_service | company CREATED: ID is 41, name=Oracle
2026-06-20 09:25:32,755 | DEBUG | app.services.application_service | FINAL APPLICATION DATA: {'role': 'Database Manager', 'status': <ApplicationStatus.WISHLIST: 'wishlist'>, 'location': None, 'job_url': None, 'notes': None, 'company_id': 41, 'user_id': 9}
2026-06-20 09:25:32,755 | DEBUG | app.repos.application_repository | Repository application before add: <app.models.application.Application object at 0x000001621BEEC510>
2026-06-20 09:25:32,755 | DEBUG | app.repos.application_repository | has company_name property: False
2026-06-20 09:25:32,763 | DEBUG | app.repos.application_repository | Repository application after refresh: <app.models.application.Application object at 0x000001621BEEC510>
2026-06-20 09:25:32,769 | DEBUG | app.repos.application_repository | Company relation refresh after refresh: <app.models.company.Company object at 0x000001621BEEBB10>
2026-06-20 09:25:32,771 | DEBUG | app.repos.application_repository | company name after refresh: Oracle
2026-06-20 09:25:32,771 | DEBUG | app.services.application_service | Application company ID: 41
2026-06-20 09:25:32,771 | DEBUG | app.services.application_service | Application name attr: Oracle
2026-06-20 09:25:32,771 | DEBUG | app.api.applications | Route result: <app.models.application.Application object at 0x000001621BEEC510>
2026-06-20 09:25:32,771 | DEBUG | app.api.applications | Route result dictionary: {'_sa_instance_state': <sqlalchemy.orm.state.InstanceState object at 0x000001621BF08350>, 'role': 'Database Manager', 'status': <ApplicationStatus.WISHLIST: 'wishlist'>, 'created_at': datetime.datetime(2026, 6, 20, 7, 25, 32, 755885, tzinfo=zoneinfo.ZoneInfo(key='Africa/Johannesburg')), 'deadline': None, 'notes': None, 'company_id': 41, 'id': 41, 'location': None, 'job_url': None, 'updated_at': datetime.datetime(2026, 6, 20, 7, 25, 32, 755885, tzinfo=zoneinfo.ZoneInfo(key='Africa/Johannesburg')), 'follow_up_date': None, 'user_id': 9, 'company': <app.models.company.Company object at 0x000001621BEEBB10>}
2026-06-20 09:25:32,771 | DEBUG | app.api.applications | Route company: <app.models.company.Company object at 0x000001621BEEBB10>
2026-06-20 09:25:32,771 | DEBUG | app.api.applications | Route company_name: Oracle
2026-06-20 09:25:33,056 | DEBUG | app.repos.application_repository | Get by user and id result: <app.models.application.Application object at 0x000001621BF0DED0>
2026-06-20 09:25:34,855 | DEBUG | app.services.application_service | Company Name: Codecademy
2026-06-20 09:25:34,859 | DEBUG | app.services.application_service | Company Found: None
2026-06-20 09:25:34,865 | DEBUG | app.services.application_service | company CREATED: ID is 42, name=Codecademy
2026-06-20 09:25:34,867 | DEBUG | app.services.application_service | FINAL APPLICATION DATA: {'role': 'Full-Stack Engineer', 'status': <ApplicationStatus.APPLIED: 'applied'>, 'location': None, 'job_url': None, 'notes': None, 'company_id': 42, 'user_id': 10}
2026-06-20 09:25:34,867 | DEBUG | app.repos.application_repository | Repository application before add: <app.models.application.Application object at 0x000001621BEE9110>
2026-06-20 09:25:34,867 | DEBUG | app.repos.application_repository | has company_name property: False
2026-06-20 09:25:34,875 | DEBUG | app.repos.application_repository | Repository application after refresh: <app.models.application.Application object at 0x000001621BEE9110>
2026-06-20 09:25:34,877 | DEBUG | app.repos.application_repository | Company relation refresh after refresh: <app.models.company.Company object at 0x000001621BEE5110>
2026-06-20 09:25:34,877 | DEBUG | app.repos.application_repository | company name after refresh: Codecademy
2026-06-20 09:25:34,877 | DEBUG | app.services.application_service | Application company ID: 42
2026-06-20 09:25:34,877 | DEBUG | app.services.application_service | Application name attr: Codecademy
2026-06-20 09:25:34,879 | DEBUG | app.api.applications | Route result: <app.models.application.Application object at 0x000001621BEE9110>
2026-06-20 09:25:34,879 | DEBUG | app.api.applications | Route result dictionary: {'_sa_instance_state': <sqlalchemy.orm.state.InstanceState object at 0x000001621BF08830>, 'role': 'Full-Stack Engineer', 'status': <ApplicationStatus.APPLIED: 'applied'>, 'created_at': datetime.datetime(2026, 6, 20, 7, 25, 34, 867269, tzinfo=zoneinfo.ZoneInfo(key='Africa/Johannesburg')), 'deadline': None, 'notes': None, 'company_id': 42, 'id': 42, 'location': None, 'job_url': None, 'updated_at': datetime.datetime(2026, 6, 20, 7, 25, 34, 867269, tzinfo=zoneinfo.ZoneInfo(key='Africa/Johannesburg')), 'follow_up_date': None, 'user_id': 10, 'company': <app.models.company.Company object at 0x000001621BEE5110>}
2026-06-20 09:25:34,879 | DEBUG | app.api.applications | Route company: <app.models.company.Company object at 0x000001621BEE5110>
2026-06-20 09:25:34,879 | DEBUG | app.api.applications | Route company_name: Codecademy
2026-06-20 09:25:34,904 | DEBUG | app.api.applications | Route application_id=42, current_user_id: 10
2026-06-20 09:25:34,908 | DEBUG | app.repos.application_repository | Get by user and id result: None
2026-06-20 09:25:34,908 | DEBUG | app.services.application_service | Application found for delete: None
2026-06-20 09:25:34,908 | DEBUG | app.services.application_service | DELETE FAILED: application not found
2026-06-20 09:25:49,378 | DEBUG | app.services.application_service | Company Name: Test Company
2026-06-20 09:25:49,382 | DEBUG | app.services.application_service | Company Found: None
2026-06-20 09:25:49,414 | DEBUG | app.services.application_service | company CREATED: ID is 43, name=Test Company
2026-06-20 09:25:49,534 | DEBUG | app.services.application_service | FINAL APPLICATION DATA: {'role': 'Developer', 'status': <ApplicationStatus.WISHLIST: 'wishlist'>, 'location': None, 'job_url': None, 'notes': None, 'company_id': 43, 'user_id': 16}
2026-06-20 09:25:49,534 | DEBUG | app.repos.application_repository | Repository application before add: <app.models.application.Application object at 0x000001621BF0FA10>
2026-06-20 09:25:49,534 | DEBUG | app.repos.application_repository | has company_name property: False
2026-06-20 09:25:49,542 | DEBUG | app.repos.application_repository | Repository application after refresh: <app.models.application.Application object at 0x000001621BF0FA10>
2026-06-20 09:25:49,554 | DEBUG | app.repos.application_repository | Company relation refresh after refresh: <app.models.company.Company object at 0x000001621BEE6550>
2026-06-20 09:25:49,554 | DEBUG | app.repos.application_repository | company name after refresh: Test Company
2026-06-20 09:25:49,554 | DEBUG | app.services.application_service | Application company ID: 43
2026-06-20 09:25:49,554 | DEBUG | app.services.application_service | Application name attr: Test Company
2026-06-20 09:25:49,554 | DEBUG | app.api.applications | Route result: <app.models.application.Application object at 0x000001621BF0FA10>
2026-06-20 09:25:49,556 | DEBUG | app.api.applications | Route result dictionary: {'_sa_instance_state': <sqlalchemy.orm.state.InstanceState object at 0x000001621BF09A30>, 'role': 'Developer', 'status': <ApplicationStatus.WISHLIST: 'wishlist'>, 'created_at': datetime.datetime(2026, 6, 20, 7, 25, 49, 536794, tzinfo=zoneinfo.ZoneInfo(key='Africa/Johannesburg')), 'deadline': None, 'notes': None, 'company_id': 43, 'id': 43, 'location': None, 'job_url': None, 'updated_at': datetime.datetime(2026, 6, 20, 7, 25, 49, 536794, tzinfo=zoneinfo.ZoneInfo(key='Africa/Johannesburg')), 'follow_up_date': None, 'user_id': 16, 'company': <app.models.company.Company object at 0x000001621BEE6550>}
2026-06-20 09:25:49,556 | DEBUG | app.api.applications | Route company: <app.models.company.Company object at 0x000001621BEE6550>
2026-06-20 09:25:49,556 | DEBUG | app.api.applications | Route company_name: Test Company
2026-06-20 09:25:50,135 | DEBUG | app.services.application_service | Company Name: Test Company
2026-06-20 09:25:50,139 | DEBUG | app.services.application_service | Company Found: <app.models.company.Company object at 0x000001621BFB4490>
2026-06-20 09:25:50,139 | DEBUG | app.services.application_service | FINAL APPLICATION DATA: {'role': 'Developer', 'status': <ApplicationStatus.APPLIED: 'applied'>, 'location': None, 'job_url': None, 'notes': None, 'company_id': 43, 'user_id': 16}
2026-06-20 09:25:50,139 | DEBUG | app.repos.application_repository | Repository application before add: <app.models.application.Application object at 0x000001621BFA7690>
2026-06-20 09:25:50,139 | DEBUG | app.repos.application_repository | has company_name property: False
2026-06-20 09:25:50,147 | DEBUG | app.repos.application_repository | Repository application after refresh: <app.models.application.Application object at 0x000001621BFA7690>
2026-06-20 09:25:50,149 | DEBUG | app.repos.application_repository | Company relation refresh after refresh: <app.models.company.Company object at 0x000001621BFB4490>
2026-06-20 09:25:50,151 | DEBUG | app.repos.application_repository | company name after refresh: Test Company
2026-06-20 09:25:50,151 | DEBUG | app.services.application_service | Application company ID: 43
2026-06-20 09:25:50,151 | DEBUG | app.services.application_service | Application name attr: Test Company
2026-06-20 09:25:50,151 | DEBUG | app.api.applications | Route result: <app.models.application.Application object at 0x000001621BFA7690>
2026-06-20 09:25:50,151 | DEBUG | app.api.applications | Route result dictionary: {'_sa_instance_state': <sqlalchemy.orm.state.InstanceState object at 0x000001621BF09670>, 'role': 'Developer', 'status': <ApplicationStatus.APPLIED: 'applied'>, 'created_at': datetime.datetime(2026, 6, 20, 7, 25, 50, 141295, tzinfo=zoneinfo.ZoneInfo(key='Africa/Johannesburg')), 'deadline': None, 'notes': None, 'company_id': 43, 'id': 44, 'location': None, 'job_url': None, 'updated_at': datetime.datetime(2026, 6, 20, 7, 25, 50, 141295, tzinfo=zoneinfo.ZoneInfo(key='Africa/Johannesburg')), 'follow_up_date': None, 'user_id': 16, 'company': <app.models.company.Company object at 0x000001621BFB4490>}
2026-06-20 09:25:50,151 | DEBUG | app.api.applications | Route company: <app.models.company.Company object at 0x000001621BFB4490>
2026-06-20 09:25:50,151 | DEBUG | app.api.applications | Route company_name: Test Company
2026-06-20 09:25:50,389 | DEBUG | app.services.application_service | Company Name: Test Company
2026-06-20 09:25:50,393 | DEBUG | app.services.application_service | Company Found: <app.models.company.Company object at 0x000001621BFB6910>
2026-06-20 09:25:50,393 | DEBUG | app.services.application_service | FINAL APPLICATION DATA: {'role': 'Developer', 'status': <ApplicationStatus.INTERVIEW: 'interview'>, 'location': None, 'job_url': None, 'notes': None, 'company_id': 43, 'user_id': 16}
2026-06-20 09:25:50,393 | DEBUG | app.repos.application_repository | Repository application before add: <app.models.application.Application object at 0x000001621BFA6F90>
2026-06-20 09:25:50,393 | DEBUG | app.repos.application_repository | has company_name property: False
2026-06-20 09:25:50,401 | DEBUG | app.repos.application_repository | Repository application after refresh: <app.models.application.Application object at 0x000001621BFA6F90>
2026-06-20 09:25:50,403 | DEBUG | app.repos.application_repository | Company relation refresh after refresh: <app.models.company.Company object at 0x000001621BFB6910>
2026-06-20 09:25:50,403 | DEBUG | app.repos.application_repository | company name after refresh: Test Company
2026-06-20 09:25:50,403 | DEBUG | app.services.application_service | Application company ID: 43
2026-06-20 09:25:50,403 | DEBUG | app.services.application_service | Application name attr: Test Company
2026-06-20 09:25:50,405 | DEBUG | app.api.applications | Route result: <app.models.application.Application object at 0x000001621BFA6F90>
2026-06-20 09:25:50,405 | DEBUG | app.api.applications | Route result dictionary: {'_sa_instance_state': <sqlalchemy.orm.state.InstanceState object at 0x000001621BF09C70>, 'role': 'Developer', 'status': <ApplicationStatus.INTERVIEW: 'interview'>, 'created_at': datetime.datetime(2026, 6, 20, 7, 25, 50, 395526, tzinfo=zoneinfo.ZoneInfo(key='Africa/Johannesburg')), 'deadline': None, 'notes': None, 'company_id': 43, 'id': 45, 'location': None, 'job_url': None, 'updated_at': datetime.datetime(2026, 6, 20, 7, 25, 50, 395526, tzinfo=zoneinfo.ZoneInfo(key='Africa/Johannesburg')), 'follow_up_date': None, 'user_id': 16, 'company': <app.models.company.Company object at 0x000001621BFB6910>}
2026-06-20 09:25:50,405 | DEBUG | app.api.applications | Route company: <app.models.company.Company object at 0x000001621BFB6910>
2026-06-20 09:25:50,405 | DEBUG | app.api.applications | Route company_name: Test Company
2026-06-20 09:25:50,511 | DEBUG | app.services.application_service | Company Name: Test Company
2026-06-20 09:25:50,515 | DEBUG | app.services.application_service | Company Found: <app.models.company.Company object at 0x000001621BFB71D0>
2026-06-20 09:25:50,515 | DEBUG | app.services.application_service | FINAL APPLICATION DATA: {'role': 'Developer', 'status': <ApplicationStatus.APPLIED: 'applied'>, 'location': None, 'job_url': None, 'notes': None, 'company_id': 43, 'user_id': 16}
2026-06-20 09:25:50,515 | DEBUG | app.repos.application_repository | Repository application before add: <app.models.application.Application object at 0x000001621BF03110>
2026-06-20 09:25:50,515 | DEBUG | app.repos.application_repository | has company_name property: False
2026-06-20 09:25:50,523 | DEBUG | app.repos.application_repository | Repository application after refresh: <app.models.application.Application object at 0x000001621BF03110>
2026-06-20 09:25:50,527 | DEBUG | app.repos.application_repository | Company relation refresh after refresh: <app.models.company.Company object at 0x000001621BFB71D0>
2026-06-20 09:25:50,527 | DEBUG | app.repos.application_repository | company name after refresh: Test Company
2026-06-20 09:25:50,529 | DEBUG | app.services.application_service | Application company ID: 43
2026-06-20 09:25:50,529 | DEBUG | app.services.application_service | Application name attr: Test Company
2026-06-20 09:25:50,529 | DEBUG | app.api.applications | Route result: <app.models.application.Application object at 0x000001621BF03110>
2026-06-20 09:25:50,529 | DEBUG | app.api.applications | Route result dictionary: {'_sa_instance_state': <sqlalchemy.orm.state.InstanceState object at 0x000001621BF09C70>, 'role': 'Developer', 'status': <ApplicationStatus.APPLIED: 'applied'>, 'created_at': datetime.datetime(2026, 6, 20, 7, 25, 50, 517757, tzinfo=zoneinfo.ZoneInfo(key='Africa/Johannesburg')), 'deadline': None, 'notes': None, 'company_id': 43, 'id': 46, 'location': None, 'job_url': None, 'updated_at': datetime.datetime(2026, 6, 20, 7, 25, 50, 517757, tzinfo=zoneinfo.ZoneInfo(key='Africa/Johannesburg')), 'follow_up_date': None, 'user_id': 16, 'company': <app.models.company.Company object at 0x000001621BFB71D0>}
2026-06-20 09:25:50,529 | DEBUG | app.api.applications | Route company: <app.models.company.Company object at 0x000001621BFB71D0>
2026-06-20 09:25:50,529 | DEBUG | app.api.applications | Route company_name: Test Company
2026-06-20 09:25:50,570 | DEBUG | app.services.application_service | Company Name: Test Company
2026-06-20 09:25:50,572 | DEBUG | app.services.application_service | Company Found: <app.models.company.Company object at 0x000001621BFBCC90>
2026-06-20 09:25:50,572 | DEBUG | app.services.application_service | FINAL APPLICATION DATA: {'role': 'Developer', 'status': <ApplicationStatus.OFFER: 'offer'>, 'location': None, 'job_url': None, 'notes': None, 'company_id': 43, 'user_id': 16}
2026-06-20 09:25:50,572 | DEBUG | app.repos.application_repository | Repository application before add: <app.models.application.Application object at 0x000001621BFA7810>
2026-06-20 09:25:50,572 | DEBUG | app.repos.application_repository | has company_name property: False
2026-06-20 09:25:50,580 | DEBUG | app.repos.application_repository | Repository application after refresh: <app.models.application.Application object at 0x000001621BFA7810>
2026-06-20 09:25:50,584 | DEBUG | app.repos.application_repository | Company relation refresh after refresh: <app.models.company.Company object at 0x000001621BFBCC90>
2026-06-20 09:25:50,584 | DEBUG | app.repos.application_repository | company name after refresh: Test Company
2026-06-20 09:25:50,584 | DEBUG | app.services.application_service | Application company ID: 43
2026-06-20 09:25:50,584 | DEBUG | app.services.application_service | Application name attr: Test Company
2026-06-20 09:25:50,584 | DEBUG | app.api.applications | Route result: <app.models.application.Application object at 0x000001621BFA7810>
2026-06-20 09:25:50,584 | DEBUG | app.api.applications | Route result dictionary: {'_sa_instance_state': <sqlalchemy.orm.state.InstanceState object at 0x000001621BF09F70>, 'role': 'Developer', 'status': <ApplicationStatus.OFFER: 'offer'>, 'created_at': datetime.datetime(2026, 6, 20, 7, 25, 50, 575135, tzinfo=zoneinfo.ZoneInfo(key='Africa/Johannesburg')), 'deadline': None, 'notes': None, 'company_id': 43, 'id': 47, 'location': None, 'job_url': None, 'updated_at': datetime.datetime(2026, 6, 20, 7, 25, 50, 575135, tzinfo=zoneinfo.ZoneInfo(key='Africa/Johannesburg')), 'follow_up_date': None, 'user_id': 16, 'company': <app.models.company.Company object at 0x000001621BFBCC90>}
2026-06-20 09:25:50,584 | DEBUG | app.api.applications | Route company: <app.models.company.Company object at 0x000001621BFBCC90>
2026-06-20 09:25:50,584 | DEBUG | app.api.applications | Route company_name: Test Company
2026-06-20 09:25:50,652 | DEBUG | app.services.application_service | Company Name: Test Company
2026-06-20 09:25:50,656 | DEBUG | app.services.application_service | Company Found: <app.models.company.Company object at 0x000001621BFA7590>
2026-06-20 09:25:50,656 | DEBUG | app.services.application_service | FINAL APPLICATION DATA: {'role': 'Developer', 'status': <ApplicationStatus.REJECTED: 'rejected'>, 'location': None, 'job_url': None, 'notes': None, 'company_id': 43, 'user_id': 16}
2026-06-20 09:25:50,656 | DEBUG | app.repos.application_repository | Repository application before add: <app.models.application.Application object at 0x000001621BEE7B10>
2026-06-20 09:25:50,658 | DEBUG | app.repos.application_repository | has company_name property: False
2026-06-20 09:25:50,668 | DEBUG | app.repos.application_repository | Repository application after refresh: <app.models.application.Application object at 0x000001621BEE7B10>
2026-06-20 09:25:50,672 | DEBUG | app.repos.application_repository | Company relation refresh after refresh: <app.models.company.Company object at 0x000001621BFA7590>
2026-06-20 09:25:50,672 | DEBUG | app.repos.application_repository | company name after refresh: Test Company
2026-06-20 09:25:50,672 | DEBUG | app.services.application_service | Application company ID: 43
2026-06-20 09:25:50,672 | DEBUG | app.services.application_service | Application name attr: Test Company
2026-06-20 09:25:50,673 | DEBUG | app.api.applications | Route result: <app.models.application.Application object at 0x000001621BEE7B10>
2026-06-20 09:25:50,673 | DEBUG | app.api.applications | Route result dictionary: {'_sa_instance_state': <sqlalchemy.orm.state.InstanceState object at 0x000001621BF0A3F0>, 'role': 'Developer', 'status': <ApplicationStatus.REJECTED: 'rejected'>, 'created_at': datetime.datetime(2026, 6, 20, 7, 25, 50, 658943, tzinfo=zoneinfo.ZoneInfo(key='Africa/Johannesburg')), 'deadline': None, 'notes': None, 'company_id': 43, 'id': 48, 'location': None, 'job_url': None, 'updated_at': datetime.datetime(2026, 6, 20, 7, 25, 50, 658943, tzinfo=zoneinfo.ZoneInfo(key='Africa/Johannesburg')), 'follow_up_date': None, 'user_id': 16, 'company': <app.models.company.Company object at 0x000001621BFA7590>}
2026-06-20 09:25:50,673 | DEBUG | app.api.applications | Route company: <app.models.company.Company object at 0x000001621BFA7590>
2026-06-20 09:25:50,673 | DEBUG | app.api.applications | Route company_name: Test Company
2026-06-20 09:32:58,107 | DEBUG | app.services.application_service | Company Name: Codecademy
2026-06-20 09:32:58,114 | DEBUG | app.services.application_service | Company Found: None
2026-06-20 09:32:58,124 | DEBUG | app.services.application_service | company CREATED: ID is 1, name=Codecademy
2026-06-20 09:32:58,124 | DEBUG | app.services.application_service | FINAL APPLICATION DATA: {'role': 'Full-Stack Engineer', 'status': <ApplicationStatus.APPLIED: 'applied'>, 'location': None, 'job_url': None, 'notes': None, 'company_id': 1, 'user_id': 1}
2026-06-20 09:32:58,124 | DEBUG | app.repos.application_repository | Repository application before add: <app.models.application.Application object at 0x000001347BA89210>
2026-06-20 09:32:58,128 | DEBUG | app.repos.application_repository | has company_name property: False
2026-06-20 09:32:58,139 | DEBUG | app.repos.application_repository | Repository application after refresh: <app.models.application.Application object at 0x000001347BA89210>
2026-06-20 09:32:58,142 | DEBUG | app.repos.application_repository | Company relation refresh after refresh: <app.models.company.Company object at 0x000001347B993F10>
2026-06-20 09:32:58,142 | DEBUG | app.repos.application_repository | company name after refresh: Codecademy
2026-06-20 09:32:58,142 | DEBUG | app.services.application_service | Application company ID: 1
2026-06-20 09:32:58,142 | DEBUG | app.services.application_service | Application name attr: Codecademy
2026-06-20 09:32:58,142 | DEBUG | app.api.applications | Route result: <app.models.application.Application object at 0x000001347BA89210>
2026-06-20 09:32:58,142 | DEBUG | app.api.applications | Route result dictionary: {'_sa_instance_state': <sqlalchemy.orm.state.InstanceState object at 0x000001347B4F65D0>, 'location': None, 'created_at': datetime.datetime(2026, 6, 20, 7, 32, 58, 130100, tzinfo=zoneinfo.ZoneInfo(key='Africa/Johannesburg')), 'deadline': None, 'notes': None, 'company_id': 1, 'id': 1, 'role': 'Full-Stack Engineer', 'status': <ApplicationStatus.APPLIED: 'applied'>, 'job_url': None, 'updated_at': datetime.datetime(2026, 6, 20, 7, 32, 58, 130100, tzinfo=zoneinfo.ZoneInfo(key='Africa/Johannesburg')), 'follow_up_date': None, 'user_id': 1, 'company': <app.models.company.Company object at 0x000001347B993F10>}
2026-06-20 09:32:58,142 | DEBUG | app.api.applications | Route company: <app.models.company.Company object at 0x000001347B993F10>
2026-06-20 09:32:58,142 | DEBUG | app.api.applications | Route company_name: Codecademy
2026-06-20 09:32:58,157 | DEBUG | app.api.applications | Route application_id=1, current_user_id: 1
2026-06-20 09:32:58,157 | DEBUG | app.repos.application_repository | Get by user and id result: <app.models.application.Application object at 0x000001347BF21890>
2026-06-20 09:32:58,157 | DEBUG | app.services.application_service | Application found for delete: <app.models.application.Application object at 0x000001347BF21890>
2026-06-20 09:32:58,174 | DEBUG | app.services.application_service | DELETE SUCCESS
2026-06-20 09:32:58,202 | DEBUG | app.repos.application_repository | Get by user and id result: None
2026-06-20 09:33:13,580 | DEBUG | app.services.application_service | Company Name: Microsoft
2026-06-20 09:33:13,586 | DEBUG | app.services.application_service | Company Found: None
2026-06-20 09:33:13,599 | DEBUG | app.services.application_service | company CREATED: ID is 1, name=Microsoft
2026-06-20 09:33:13,599 | DEBUG | app.services.application_service | FINAL APPLICATION DATA: {'role': 'Software Engineer', 'status': <ApplicationStatus.REJECTED: 'rejected'>, 'location': None, 'job_url': None, 'notes': None, 'company_id': 1, 'user_id': 1}
2026-06-20 09:33:13,599 | DEBUG | app.repos.application_repository | Repository application before add: <app.models.application.Application object at 0x000001D112D6F210>
2026-06-20 09:33:13,599 | DEBUG | app.repos.application_repository | has company_name property: False
2026-06-20 09:33:13,614 | DEBUG | app.repos.application_repository | Repository application after refresh: <app.models.application.Application object at 0x000001D112D6F210>
2026-06-20 09:33:13,619 | DEBUG | app.repos.application_repository | Company relation refresh after refresh: <app.models.company.Company object at 0x000001D1132FEAD0>
2026-06-20 09:33:13,619 | DEBUG | app.repos.application_repository | company name after refresh: Microsoft
2026-06-20 09:33:13,621 | DEBUG | app.services.application_service | Application company ID: 1
2026-06-20 09:33:13,621 | DEBUG | app.services.application_service | Application name attr: Microsoft
2026-06-20 09:33:13,621 | DEBUG | app.api.applications | Route result: <app.models.application.Application object at 0x000001D112D6F210>
2026-06-20 09:33:13,621 | DEBUG | app.api.applications | Route result dictionary: {'_sa_instance_state': <sqlalchemy.orm.state.InstanceState object at 0x000001D1132DBC50>, 'status': <ApplicationStatus.REJECTED: 'rejected'>, 'created_at': datetime.datetime(2026, 6, 20, 7, 33, 13, 602954, tzinfo=zoneinfo.ZoneInfo(key='Africa/Johannesburg')), 'deadline': None, 'notes': None, 'company_id': 1, 'role': 'Software Engineer', 'id': 1, 'location': None, 'job_url': None, 'updated_at': datetime.datetime(2026, 6, 20, 7, 33, 13, 602954, tzinfo=zoneinfo.ZoneInfo(key='Africa/Johannesburg')), 'follow_up_date': None, 'user_id': 1, 'company': <app.models.company.Company object at 0x000001D1132FEAD0>}
2026-06-20 09:33:13,621 | DEBUG | app.api.applications | Route company: <app.models.company.Company object at 0x000001D1132FEAD0>
2026-06-20 09:33:13,621 | DEBUG | app.api.applications | Route company_name: Microsoft
2026-06-20 09:33:13,643 | DEBUG | app.services.application_service | Company Name: Amazon
2026-06-20 09:33:13,645 | DEBUG | app.services.application_service | Company Found: None
2026-06-20 09:33:13,651 | DEBUG | app.services.application_service | company CREATED: ID is 2, name=Amazon
2026-06-20 09:33:13,653 | DEBUG | app.services.application_service | FINAL APPLICATION DATA: {'role': 'Cloud Developer', 'status': <ApplicationStatus.INTERVIEW: 'interview'>, 'location': None, 'job_url': None, 'notes': None, 'company_id': 2, 'user_id': 1}
2026-06-20 09:33:13,653 | DEBUG | app.repos.application_repository | Repository application before add: <app.models.application.Application object at 0x000001D112E4D450>
2026-06-20 09:33:13,653 | DEBUG | app.repos.application_repository | has company_name property: False
2026-06-20 09:33:13,661 | DEBUG | app.repos.application_repository | Repository application after refresh: <app.models.application.Application object at 0x000001D112E4D450>
2026-06-20 09:33:13,663 | DEBUG | app.repos.application_repository | Company relation refresh after refresh: <app.models.company.Company object at 0x000001D112EC7E10>
2026-06-20 09:33:13,663 | DEBUG | app.repos.application_repository | company name after refresh: Amazon
2026-06-20 09:33:13,663 | DEBUG | app.services.application_service | Application company ID: 2
2026-06-20 09:33:13,663 | DEBUG | app.services.application_service | Application name attr: Amazon
2026-06-20 09:33:13,665 | DEBUG | app.api.applications | Route result: <app.models.application.Application object at 0x000001D112E4D450>
2026-06-20 09:33:13,665 | DEBUG | app.api.applications | Route result dictionary: {'_sa_instance_state': <sqlalchemy.orm.state.InstanceState object at 0x000001D11324D0D0>, 'status': <ApplicationStatus.INTERVIEW: 'interview'>, 'created_at': datetime.datetime(2026, 6, 20, 7, 33, 13, 653519, tzinfo=zoneinfo.ZoneInfo(key='Africa/Johannesburg')), 'deadline': None, 'notes': None, 'company_id': 2, 'role': 'Cloud Developer', 'id': 2, 'location': None, 'job_url': None, 'updated_at': datetime.datetime(2026, 6, 20, 7, 33, 13, 653519, tzinfo=zoneinfo.ZoneInfo(key='Africa/Johannesburg')), 'follow_up_date': None, 'user_id': 1, 'company': <app.models.company.Company object at 0x000001D112EC7E10>}
2026-06-20 09:33:13,665 | DEBUG | app.api.applications | Route company: <app.models.company.Company object at 0x000001D112EC7E10>
2026-06-20 09:33:13,665 | DEBUG | app.api.applications | Route company_name: Amazon
2026-06-20 09:33:13,699 | DEBUG | app.repos.application_repository | Base count: 2
2026-06-20 09:33:13,699 | DEBUG | app.repos.application_repository | SEARCHING COMPANY NAME FOR: goo
2026-06-20 09:33:13,711 | DEBUG | app.repos.application_repository | AFTER SEARCH FILTER: 0
2026-06-20 09:33:13,719 | DEBUG | app.repos.application_repository | Final result count: 0
2026-06-20 09:33:13,719 | DEBUG | app.repos.application_repository | Final results: []
2026-06-20 09:33:13,743 | DEBUG | app.repos.application_repository | Base count: 2
2026-06-20 09:33:13,743 | DEBUG | app.repos.application_repository | SEARCHING COMPANY NAME FOR: mic
2026-06-20 09:33:13,747 | DEBUG | app.repos.application_repository | AFTER SEARCH FILTER: 1
2026-06-20 09:33:13,751 | DEBUG | app.repos.application_repository | Final result count: 1
2026-06-20 09:33:13,754 | DEBUG | app.repos.application_repository | Final results: ['Microsoft']
2026-06-20 09:33:14,653 | DEBUG | app.services.application_service | Company Name: Company 0
2026-06-20 09:33:14,653 | DEBUG | app.services.application_service | Company Found: None
2026-06-20 09:33:14,653 | DEBUG | app.services.application_service | company CREATED: ID is 3, name=Company 0
2026-06-20 09:33:14,653 | DEBUG | app.services.application_service | FINAL APPLICATION DATA: {'role': 'Developer', 'status': <ApplicationStatus.APPLIED: 'applied'>, 'location': None, 'job_url': None, 'notes': None, 'company_id': 3, 'user_id': 2}
2026-06-20 09:33:14,653 | DEBUG | app.repos.application_repository | Repository application before add: <app.models.application.Application object at 0x000001D113397D90>
2026-06-20 09:33:14,653 | DEBUG | app.repos.application_repository | has company_name property: False
2026-06-20 09:33:14,669 | DEBUG | app.repos.application_repository | Repository application after refresh: <app.models.application.Application object at 0x000001D113397D90>
2026-06-20 09:33:14,675 | DEBUG | app.repos.application_repository | Company relation refresh after refresh: <app.models.company.Company object at 0x000001D113363D90>
2026-06-20 09:33:14,675 | DEBUG | app.repos.application_repository | company name after refresh: Company 0
2026-06-20 09:33:14,675 | DEBUG | app.services.application_service | Application company ID: 3
2026-06-20 09:33:14,675 | DEBUG | app.services.application_service | Application name attr: Company 0
2026-06-20 09:33:14,675 | DEBUG | app.api.applications | Route result: <app.models.application.Application object at 0x000001D113397D90>
2026-06-20 09:33:14,675 | DEBUG | app.api.applications | Route result dictionary: {'_sa_instance_state': <sqlalchemy.orm.state.InstanceState object at 0x000001D113359AF0>, 'status': <ApplicationStatus.APPLIED: 'applied'>, 'created_at': datetime.datetime(2026, 6, 20, 7, 33, 14, 668148, tzinfo=zoneinfo.ZoneInfo(key='Africa/Johannesburg')), 'deadline': None, 'notes': None, 'company_id': 3, 'role': 'Developer', 'id': 3, 'location': None, 'job_url': None, 'updated_at': datetime.datetime(2026, 6, 20, 7, 33, 14, 668148, tzinfo=zoneinfo.ZoneInfo(key='Africa/Johannesburg')), 'follow_up_date': None, 'user_id': 2, 'company': <app.models.company.Company object at 0x000001D113363D90>}
2026-06-20 09:33:14,675 | DEBUG | app.api.applications | Route company: <app.models.company.Company object at 0x000001D113363D90>
2026-06-20 09:33:14,678 | DEBUG | app.api.applications | Route company_name: Company 0
2026-06-20 09:33:14,684 | DEBUG | app.services.application_service | Company Name: Company 1
2026-06-20 09:33:14,692 | DEBUG | app.services.application_service | Company Found: None
2026-06-20 09:33:14,692 | DEBUG | app.services.application_service | company CREATED: ID is 4, name=Company 1
2026-06-20 09:33:14,692 | DEBUG | app.services.application_service | FINAL APPLICATION DATA: {'role': 'Developer', 'status': <ApplicationStatus.APPLIED: 'applied'>, 'location': None, 'job_url': None, 'notes': None, 'company_id': 4, 'user_id': 2}
2026-06-20 09:33:14,692 | DEBUG | app.repos.application_repository | Repository application before add: <app.models.application.Application object at 0x000001D112ED6CD0>
2026-06-20 09:33:14,692 | DEBUG | app.repos.application_repository | has company_name property: False
2026-06-20 09:33:14,703 | DEBUG | app.repos.application_repository | Repository application after refresh: <app.models.application.Application object at 0x000001D112ED6CD0>
2026-06-20 09:33:14,707 | DEBUG | app.repos.application_repository | Company relation refresh after refresh: <app.models.company.Company object at 0x000001D112ED61D0>
2026-06-20 09:33:14,707 | DEBUG | app.repos.application_repository | company name after refresh: Company 1
2026-06-20 09:33:14,708 | DEBUG | app.services.application_service | Application company ID: 4
2026-06-20 09:33:14,708 | DEBUG | app.services.application_service | Application name attr: Company 1
2026-06-20 09:33:14,708 | DEBUG | app.api.applications | Route result: <app.models.application.Application object at 0x000001D112ED6CD0>
2026-06-20 09:33:14,708 | DEBUG | app.api.applications | Route result dictionary: {'_sa_instance_state': <sqlalchemy.orm.state.InstanceState object at 0x000001D1133597F0>, 'status': <ApplicationStatus.APPLIED: 'applied'>, 'created_at': datetime.datetime(2026, 6, 20, 7, 33, 14, 700493, tzinfo=zoneinfo.ZoneInfo(key='Africa/Johannesburg')), 'deadline': None, 'notes': None, 'company_id': 4, 'role': 'Developer', 'id': 4, 'location': None, 'job_url': None, 'updated_at': datetime.datetime(2026, 6, 20, 7, 33, 14, 700493, tzinfo=zoneinfo.ZoneInfo(key='Africa/Johannesburg')), 'follow_up_date': None, 'user_id': 2, 'company': <app.models.company.Company object at 0x000001D112ED61D0>}
2026-06-20 09:33:14,708 | DEBUG | app.api.applications | Route company: <app.models.company.Company object at 0x000001D112ED61D0>
2026-06-20 09:33:14,708 | DEBUG | app.api.applications | Route company_name: Company 1
2026-06-20 09:33:14,720 | DEBUG | app.services.application_service | Company Name: Company 2
2026-06-20 09:33:14,724 | DEBUG | app.services.application_service | Company Found: None
2026-06-20 09:33:14,724 | DEBUG | app.services.application_service | company CREATED: ID is 5, name=Company 2
2026-06-20 09:33:14,724 | DEBUG | app.services.application_service | FINAL APPLICATION DATA: {'role': 'Developer', 'status': <ApplicationStatus.APPLIED: 'applied'>, 'location': None, 'job_url': None, 'notes': None, 'company_id': 5, 'user_id': 2}
2026-06-20 09:33:14,724 | DEBUG | app.repos.application_repository | Repository application before add: <app.models.application.Application object at 0x000001D1132E6D50>
2026-06-20 09:33:14,724 | DEBUG | app.repos.application_repository | has company_name property: False
2026-06-20 09:33:14,724 | DEBUG | app.repos.application_repository | Repository application after refresh: <app.models.application.Application object at 0x000001D1132E6D50>
2026-06-20 09:33:14,724 | DEBUG | app.repos.application_repository | Company relation refresh after refresh: <app.models.company.Company object at 0x000001D112E72690>
2026-06-20 09:33:14,724 | DEBUG | app.repos.application_repository | company name after refresh: Company 2
2026-06-20 09:33:14,724 | DEBUG | app.services.application_service | Application company ID: 5
2026-06-20 09:33:14,740 | DEBUG | app.services.application_service | Application name attr: Company 2
2026-06-20 09:33:14,740 | DEBUG | app.api.applications | Route result: <app.models.application.Application object at 0x000001D1132E6D50>
2026-06-20 09:33:14,740 | DEBUG | app.api.applications | Route result dictionary: {'_sa_instance_state': <sqlalchemy.orm.state.InstanceState object at 0x000001D1133589B0>, 'status': <ApplicationStatus.APPLIED: 'applied'>, 'created_at': datetime.datetime(2026, 6, 20, 7, 33, 14, 724649, tzinfo=zoneinfo.ZoneInfo(key='Africa/Johannesburg')), 'deadline': None, 'notes': None, 'company_id': 5, 'role': 'Developer', 'id': 5, 'location': None, 'job_url': None, 'updated_at': datetime.datetime(2026, 6, 20, 7, 33, 14, 724649, tzinfo=zoneinfo.ZoneInfo(key='Africa/Johannesburg')), 'follow_up_date': None, 'user_id': 2, 'company': <app.models.company.Company object at 0x000001D112E72690>}
2026-06-20 09:33:14,740 | DEBUG | app.api.applications | Route company: <app.models.company.Company object at 0x000001D112E72690>
2026-06-20 09:33:14,740 | DEBUG | app.api.applications | Route company_name: Company 2
2026-06-20 09:33:14,755 | DEBUG | app.services.application_service | Company Name: Company 3
2026-06-20 09:33:14,756 | DEBUG | app.services.application_service | Company Found: None
2026-06-20 09:33:14,756 | DEBUG | app.services.application_service | company CREATED: ID is 6, name=Company 3
2026-06-20 09:33:14,756 | DEBUG | app.services.application_service | FINAL APPLICATION DATA: {'role': 'Developer', 'status': <ApplicationStatus.APPLIED: 'applied'>, 'location': None, 'job_url': None, 'notes': None, 'company_id': 6, 'user_id': 2}
2026-06-20 09:33:14,756 | DEBUG | app.repos.application_repository | Repository application before add: <app.models.application.Application object at 0x000001D1132E66D0>
2026-06-20 09:33:14,756 | DEBUG | app.repos.application_repository | has company_name property: False
2026-06-20 09:33:14,756 | DEBUG | app.repos.application_repository | Repository application after refresh: <app.models.application.Application object at 0x000001D1132E66D0>
2026-06-20 09:33:14,756 | DEBUG | app.repos.application_repository | Company relation refresh after refresh: <app.models.company.Company object at 0x000001D1133A5BD0>
2026-06-20 09:33:14,772 | DEBUG | app.repos.application_repository | company name after refresh: Company 3
2026-06-20 09:33:14,772 | DEBUG | app.services.application_service | Application company ID: 6
2026-06-20 09:33:14,772 | DEBUG | app.services.application_service | Application name attr: Company 3
2026-06-20 09:33:14,772 | DEBUG | app.api.applications | Route result: <app.models.application.Application object at 0x000001D1132E66D0>
2026-06-20 09:33:14,772 | DEBUG | app.api.applications | Route result dictionary: {'_sa_instance_state': <sqlalchemy.orm.state.InstanceState object at 0x000001D11335AE10>, 'status': <ApplicationStatus.APPLIED: 'applied'>, 'created_at': datetime.datetime(2026, 6, 20, 7, 33, 14, 756368, tzinfo=zoneinfo.ZoneInfo(key='Africa/Johannesburg')), 'deadline': None, 'notes': None, 'company_id': 6, 'role': 'Developer', 'id': 6, 'location': None, 'job_url': None, 'updated_at': datetime.datetime(2026, 6, 20, 7, 33, 14, 756368, tzinfo=zoneinfo.ZoneInfo(key='Africa/Johannesburg')), 'follow_up_date': None, 'user_id': 2, 'company': <app.models.company.Company object at 0x000001D1133A5BD0>}
2026-06-20 09:33:14,772 | DEBUG | app.api.applications | Route company: <app.models.company.Company object at 0x000001D1133A5BD0>
2026-06-20 09:33:14,772 | DEBUG | app.api.applications | Route company_name: Company 3
2026-06-20 09:33:14,784 | DEBUG | app.services.application_service | Company Name: Company 4
2026-06-20 09:33:14,787 | DEBUG | app.services.application_service | Company Found: None
2026-06-20 09:33:14,787 | DEBUG | app.services.application_service | company CREATED: ID is 7, name=Company 4
2026-06-20 09:33:14,787 | DEBUG | app.services.application_service | FINAL APPLICATION DATA: {'role': 'Developer', 'status': <ApplicationStatus.APPLIED: 'applied'>, 'location': None, 'job_url': None, 'notes': None, 'company_id': 7, 'user_id': 2}
2026-06-20 09:33:14,787 | DEBUG | app.repos.application_repository | Repository application before add: <app.models.application.Application object at 0x000001D1132E6390>
2026-06-20 09:33:14,787 | DEBUG | app.repos.application_repository | has company_name property: False
2026-06-20 09:33:14,787 | DEBUG | app.repos.application_repository | Repository application after refresh: <app.models.application.Application object at 0x000001D1132E6390>
2026-06-20 09:33:14,787 | DEBUG | app.repos.application_repository | Company relation refresh after refresh: <app.models.company.Company object at 0x000001D1133A5510>
2026-06-20 09:33:14,787 | DEBUG | app.repos.application_repository | company name after refresh: Company 4
2026-06-20 09:33:14,803 | DEBUG | app.services.application_service | Application company ID: 7
2026-06-20 09:33:14,803 | DEBUG | app.services.application_service | Application name attr: Company 4
2026-06-20 09:33:14,803 | DEBUG | app.api.applications | Route result: <app.models.application.Application object at 0x000001D1132E6390>
2026-06-20 09:33:14,803 | DEBUG | app.api.applications | Route result dictionary: {'_sa_instance_state': <sqlalchemy.orm.state.InstanceState object at 0x000001D11335B350>, 'status': <ApplicationStatus.APPLIED: 'applied'>, 'created_at': datetime.datetime(2026, 6, 20, 7, 33, 14, 787758, tzinfo=zoneinfo.ZoneInfo(key='Africa/Johannesburg')), 'deadline': None, 'notes': None, 'company_id': 7, 'role': 'Developer', 'id': 7, 'location': None, 'job_url': None, 'updated_at': datetime.datetime(2026, 6, 20, 7, 33, 14, 787758, tzinfo=zoneinfo.ZoneInfo(key='Africa/Johannesburg')), 'follow_up_date': None, 'user_id': 2, 'company': <app.models.company.Company object at 0x000001D1133A5510>}
2026-06-20 09:33:14,803 | DEBUG | app.api.applications | Route company: <app.models.company.Company object at 0x000001D1133A5510>
2026-06-20 09:33:14,803 | DEBUG | app.api.applications | Route company_name: Company 4
2026-06-20 09:33:14,806 | DEBUG | app.services.application_service | Company Name: Company 5
2026-06-20 09:33:14,820 | DEBUG | app.services.application_service | Company Found: None
2026-06-20 09:33:14,823 | DEBUG | app.services.application_service | company CREATED: ID is 8, name=Company 5
2026-06-20 09:33:14,828 | DEBUG | app.services.application_service | FINAL APPLICATION DATA: {'role': 'Developer', 'status': <ApplicationStatus.APPLIED: 'applied'>, 'location': None, 'job_url': None, 'notes': None, 'company_id': 8, 'user_id': 2}
2026-06-20 09:33:14,828 | DEBUG | app.repos.application_repository | Repository application before add: <app.models.application.Application object at 0x000001D112B43A90>
2026-06-20 09:33:14,828 | DEBUG | app.repos.application_repository | has company_name property: False
2026-06-20 09:33:14,832 | DEBUG | app.repos.application_repository | Repository application after refresh: <app.models.application.Application object at 0x000001D112B43A90>
2026-06-20 09:33:14,836 | DEBUG | app.repos.application_repository | Company relation refresh after refresh: <app.models.company.Company object at 0x000001D1133852D0>
2026-06-20 09:33:14,837 | DEBUG | app.repos.application_repository | company name after refresh: Company 5
2026-06-20 09:33:14,837 | DEBUG | app.services.application_service | Application company ID: 8
2026-06-20 09:33:14,837 | DEBUG | app.services.application_service | Application name attr: Company 5
2026-06-20 09:33:14,837 | DEBUG | app.api.applications | Route result: <app.models.application.Application object at 0x000001D112B43A90>
2026-06-20 09:33:14,837 | DEBUG | app.api.applications | Route result dictionary: {'_sa_instance_state': <sqlalchemy.orm.state.InstanceState object at 0x000001D1133589B0>, 'status': <ApplicationStatus.APPLIED: 'applied'>, 'created_at': datetime.datetime(2026, 6, 20, 7, 33, 14, 828114, tzinfo=zoneinfo.ZoneInfo(key='Africa/Johannesburg')), 'deadline': None, 'notes': None, 'company_id': 8, 'role': 'Developer', 'id': 8, 'location': None, 'job_url': None, 'updated_at': datetime.datetime(2026, 6, 20, 7, 33, 14, 828114, tzinfo=zoneinfo.ZoneInfo(key='Africa/Johannesburg')), 'follow_up_date': None, 'user_id': 2, 'company': <app.models.company.Company object at 0x000001D1133852D0>}
2026-06-20 09:33:14,837 | DEBUG | app.api.applications | Route company: <app.models.company.Company object at 0x000001D1133852D0>
2026-06-20 09:33:14,837 | DEBUG | app.api.applications | Route company_name: Company 5
2026-06-20 09:33:14,854 | DEBUG | app.services.application_service | Company Name: Company 6
2026-06-20 09:33:14,856 | DEBUG | app.services.application_service | Company Found: None
2026-06-20 09:33:14,858 | DEBUG | app.services.application_service | company CREATED: ID is 9, name=Company 6
2026-06-20 09:33:14,858 | DEBUG | app.services.application_service | FINAL APPLICATION DATA: {'role': 'Developer', 'status': <ApplicationStatus.APPLIED: 'applied'>, 'location': None, 'job_url': None, 'notes': None, 'company_id': 9, 'user_id': 2}
2026-06-20 09:33:14,858 | DEBUG | app.repos.application_repository | Repository application before add: <app.models.application.Application object at 0x000001D1133B3A10>
2026-06-20 09:33:14,858 | DEBUG | app.repos.application_repository | has company_name property: False
2026-06-20 09:33:14,867 | DEBUG | app.repos.application_repository | Repository application after refresh: <app.models.application.Application object at 0x000001D1133B3A10>
2026-06-20 09:33:14,867 | DEBUG | app.repos.application_repository | Company relation refresh after refresh: <app.models.company.Company object at 0x000001D1133B2050>
2026-06-20 09:33:14,867 | DEBUG | app.repos.application_repository | company name after refresh: Company 6
2026-06-20 09:33:14,867 | DEBUG | app.services.application_service | Application company ID: 9
2026-06-20 09:33:14,867 | DEBUG | app.services.application_service | Application name attr: Company 6
2026-06-20 09:33:14,867 | DEBUG | app.api.applications | Route result: <app.models.application.Application object at 0x000001D1133B3A10>
2026-06-20 09:33:14,871 | DEBUG | app.api.applications | Route result dictionary: {'_sa_instance_state': <sqlalchemy.orm.state.InstanceState object at 0x000001D11335B290>, 'status': <ApplicationStatus.APPLIED: 'applied'>, 'created_at': datetime.datetime(2026, 6, 20, 7, 33, 14, 863361, tzinfo=zoneinfo.ZoneInfo(key='Africa/Johannesburg')), 'deadline': None, 'notes': None, 'company_id': 9, 'role': 'Developer', 'id': 9, 'location': None, 'job_url': None, 'updated_at': datetime.datetime(2026, 6, 20, 7, 33, 14, 863361, tzinfo=zoneinfo.ZoneInfo(key='Africa/Johannesburg')), 'follow_up_date': None, 'user_id': 2, 'company': <app.models.company.Company object at 0x000001D1133B2050>}
2026-06-20 09:33:14,871 | DEBUG | app.api.applications | Route company: <app.models.company.Company object at 0x000001D1133B2050>
2026-06-20 09:33:14,871 | DEBUG | app.api.applications | Route company_name: Company 6
2026-06-20 09:33:14,883 | DEBUG | app.services.application_service | Company Name: Company 7
2026-06-20 09:33:14,887 | DEBUG | app.services.application_service | Company Found: None
2026-06-20 09:33:14,887 | DEBUG | app.services.application_service | company CREATED: ID is 10, name=Company 7
2026-06-20 09:33:14,887 | DEBUG | app.services.application_service | FINAL APPLICATION DATA: {'role': 'Developer', 'status': <ApplicationStatus.APPLIED: 'applied'>, 'location': None, 'job_url': None, 'notes': None, 'company_id': 10, 'user_id': 2}
2026-06-20 09:33:14,887 | DEBUG | app.repos.application_repository | Repository application before add: <app.models.application.Application object at 0x000001D1133B0DD0>
2026-06-20 09:33:14,887 | DEBUG | app.repos.application_repository | has company_name property: False
2026-06-20 09:33:14,899 | DEBUG | app.repos.application_repository | Repository application after refresh: <app.models.application.Application object at 0x000001D1133B0DD0>
2026-06-20 09:33:14,899 | DEBUG | app.repos.application_repository | Company relation refresh after refresh: <app.models.company.Company object at 0x000001D113368C50>
2026-06-20 09:33:14,899 | DEBUG | app.repos.application_repository | company name after refresh: Company 7
2026-06-20 09:33:14,899 | DEBUG | app.services.application_service | Application company ID: 10
2026-06-20 09:33:14,899 | DEBUG | app.services.application_service | Application name attr: Company 7
2026-06-20 09:33:14,899 | DEBUG | app.api.applications | Route result: <app.models.application.Application object at 0x000001D1133B0DD0>
2026-06-20 09:33:14,899 | DEBUG | app.api.applications | Route result dictionary: {'_sa_instance_state': <sqlalchemy.orm.state.InstanceState object at 0x000001D11335A150>, 'status': <ApplicationStatus.APPLIED: 'applied'>, 'created_at': datetime.datetime(2026, 6, 20, 7, 33, 14, 895110, tzinfo=zoneinfo.ZoneInfo(key='Africa/Johannesburg')), 'deadline': None, 'notes': None, 'company_id': 10, 'role': 'Developer', 'id': 10, 'location': None, 'job_url': None, 'updated_at': datetime.datetime(2026, 6, 20, 7, 33, 14, 895110, tzinfo=zoneinfo.ZoneInfo(key='Africa/Johannesburg')), 'follow_up_date': None, 'user_id': 2, 'company': <app.models.company.Company object at 0x000001D113368C50>}
2026-06-20 09:33:14,899 | DEBUG | app.api.applications | Route company: <app.models.company.Company object at 0x000001D113368C50>
2026-06-20 09:33:14,899 | DEBUG | app.api.applications | Route company_name: Company 7
2026-06-20 09:33:14,915 | DEBUG | app.services.application_service | Company Name: Company 8
2026-06-20 09:33:14,915 | DEBUG | app.services.application_service | Company Found: None
2026-06-20 09:33:14,923 | DEBUG | app.services.application_service | company CREATED: ID is 11, name=Company 8
2026-06-20 09:33:14,923 | DEBUG | app.services.application_service | FINAL APPLICATION DATA: {'role': 'Developer', 'status': <ApplicationStatus.APPLIED: 'applied'>, 'location': None, 'job_url': None, 'notes': None, 'company_id': 11, 'user_id': 2}
2026-06-20 09:33:14,923 | DEBUG | app.repos.application_repository | Repository application before add: <app.models.application.Application object at 0x000001D1133B0550>
2026-06-20 09:33:14,923 | DEBUG | app.repos.application_repository | has company_name property: False
2026-06-20 09:33:14,928 | DEBUG | app.repos.application_repository | Repository application after refresh: <app.models.application.Application object at 0x000001D1133B0550>
2026-06-20 09:33:14,932 | DEBUG | app.repos.application_repository | Company relation refresh after refresh: <app.models.company.Company object at 0x000001D1133B15D0>
2026-06-20 09:33:14,932 | DEBUG | app.repos.application_repository | company name after refresh: Company 8
2026-06-20 09:33:14,932 | DEBUG | app.services.application_service | Application company ID: 11
2026-06-20 09:33:14,932 | DEBUG | app.services.application_service | Application name attr: Company 8
2026-06-20 09:33:14,932 | DEBUG | app.api.applications | Route result: <app.models.application.Application object at 0x000001D1133B0550>
2026-06-20 09:33:14,932 | DEBUG | app.api.applications | Route result dictionary: {'_sa_instance_state': <sqlalchemy.orm.state.InstanceState object at 0x000001D11335B6B0>, 'status': <ApplicationStatus.APPLIED: 'applied'>, 'created_at': datetime.datetime(2026, 6, 20, 7, 33, 14, 923632, tzinfo=zoneinfo.ZoneInfo(key='Africa/Johannesburg')), 'deadline': None, 'notes': None, 'company_id': 11, 'role': 'Developer', 'id': 11, 'location': None, 'job_url': None, 'updated_at': datetime.datetime(2026, 6, 20, 7, 33, 14, 923632, tzinfo=zoneinfo.ZoneInfo(key='Africa/Johannesburg')), 'follow_up_date': None, 'user_id': 2, 'company': <app.models.company.Company object at 0x000001D1133B15D0>}
2026-06-20 09:33:14,932 | DEBUG | app.api.applications | Route company: <app.models.company.Company object at 0x000001D1133B15D0>
2026-06-20 09:33:14,932 | DEBUG | app.api.applications | Route company_name: Company 8
2026-06-20 09:33:14,947 | DEBUG | app.services.application_service | Company Name: Company 9
2026-06-20 09:33:14,947 | DEBUG | app.services.application_service | Company Found: None
2026-06-20 09:33:14,947 | DEBUG | app.services.application_service | company CREATED: ID is 12, name=Company 9
2026-06-20 09:33:14,947 | DEBUG | app.services.application_service | FINAL APPLICATION DATA: {'role': 'Developer', 'status': <ApplicationStatus.APPLIED: 'applied'>, 'location': None, 'job_url': None, 'notes': None, 'company_id': 12, 'user_id': 2}
2026-06-20 09:33:14,947 | DEBUG | app.repos.application_repository | Repository application before add: <app.models.application.Application object at 0x000001D112E33890>
2026-06-20 09:33:14,947 | DEBUG | app.repos.application_repository | has company_name property: False
2026-06-20 09:33:14,958 | DEBUG | app.repos.application_repository | Repository application after refresh: <app.models.application.Application object at 0x000001D112E33890>
2026-06-20 09:33:14,963 | DEBUG | app.repos.application_repository | Company relation refresh after refresh: <app.models.company.Company object at 0x000001D1133B1D90>
2026-06-20 09:33:14,963 | DEBUG | app.repos.application_repository | company name after refresh: Company 9
2026-06-20 09:33:14,963 | DEBUG | app.services.application_service | Application company ID: 12
2026-06-20 09:33:14,963 | DEBUG | app.services.application_service | Application name attr: Company 9
2026-06-20 09:33:14,963 | DEBUG | app.api.applications | Route result: <app.models.application.Application object at 0x000001D112E33890>
2026-06-20 09:33:14,963 | DEBUG | app.api.applications | Route result dictionary: {'_sa_instance_state': <sqlalchemy.orm.state.InstanceState object at 0x000001D11335B890>, 'status': <ApplicationStatus.APPLIED: 'applied'>, 'created_at': datetime.datetime(2026, 6, 20, 7, 33, 14, 958412, tzinfo=zoneinfo.ZoneInfo(key='Africa/Johannesburg')), 'deadline': None, 'notes': None, 'company_id': 12, 'role': 'Developer', 'id': 12, 'location': None, 'job_url': None, 'updated_at': datetime.datetime(2026, 6, 20, 7, 33, 14, 958412, tzinfo=zoneinfo.ZoneInfo(key='Africa/Johannesburg')), 'follow_up_date': None, 'user_id': 2, 'company': <app.models.company.Company object at 0x000001D1133B1D90>}
2026-06-20 09:33:14,963 | DEBUG | app.api.applications | Route company: <app.models.company.Company object at 0x000001D1133B1D90>
2026-06-20 09:33:14,966 | DEBUG | app.api.applications | Route company_name: Company 9
2026-06-20 09:33:14,979 | DEBUG | app.services.application_service | Company Name: Company 10
2026-06-20 09:33:14,979 | DEBUG | app.services.application_service | Company Found: None
2026-06-20 09:33:14,979 | DEBUG | app.services.application_service | company CREATED: ID is 13, name=Company 10
2026-06-20 09:33:14,979 | DEBUG | app.services.application_service | FINAL APPLICATION DATA: {'role': 'Developer', 'status': <ApplicationStatus.APPLIED: 'applied'>, 'location': None, 'job_url': None, 'notes': None, 'company_id': 13, 'user_id': 2}
2026-06-20 09:33:14,979 | DEBUG | app.repos.application_repository | Repository application before add: <app.models.application.Application object at 0x000001D112E335D0>
2026-06-20 09:33:14,979 | DEBUG | app.repos.application_repository | has company_name property: False
2026-06-20 09:33:14,979 | DEBUG | app.repos.application_repository | Repository application after refresh: <app.models.application.Application object at 0x000001D112E335D0>
2026-06-20 09:33:14,995 | DEBUG | app.repos.application_repository | Company relation refresh after refresh: <app.models.company.Company object at 0x000001D113397250>
2026-06-20 09:33:14,995 | DEBUG | app.repos.application_repository | company name after refresh: Company 10
2026-06-20 09:33:14,995 | DEBUG | app.services.application_service | Application company ID: 13
2026-06-20 09:33:14,995 | DEBUG | app.services.application_service | Application name attr: Company 10
2026-06-20 09:33:14,995 | DEBUG | app.api.applications | Route result: <app.models.application.Application object at 0x000001D112E335D0>
2026-06-20 09:33:14,995 | DEBUG | app.api.applications | Route result dictionary: {'_sa_instance_state': <sqlalchemy.orm.state.InstanceState object at 0x000001D11335A150>, 'status': <ApplicationStatus.APPLIED: 'applied'>, 'created_at': datetime.datetime(2026, 6, 20, 7, 33, 14, 979377, tzinfo=zoneinfo.ZoneInfo(key='Africa/Johannesburg')), 'deadline': None, 'notes': None, 'company_id': 13, 'role': 'Developer', 'id': 13, 'location': None, 'job_url': None, 'updated_at': datetime.datetime(2026, 6, 20, 7, 33, 14, 979377, tzinfo=zoneinfo.ZoneInfo(key='Africa/Johannesburg')), 'follow_up_date': None, 'user_id': 2, 'company': <app.models.company.Company object at 0x000001D113397250>}
2026-06-20 09:33:14,995 | DEBUG | app.api.applications | Route company: <app.models.company.Company object at 0x000001D113397250>
2026-06-20 09:33:14,995 | DEBUG | app.api.applications | Route company_name: Company 10
2026-06-20 09:33:15,011 | DEBUG | app.services.application_service | Company Name: Company 11
2026-06-20 09:33:15,011 | DEBUG | app.services.application_service | Company Found: None
2026-06-20 09:33:15,016 | DEBUG | app.services.application_service | company CREATED: ID is 14, name=Company 11
2026-06-20 09:33:15,016 | DEBUG | app.services.application_service | FINAL APPLICATION DATA: {'role': 'Developer', 'status': <ApplicationStatus.APPLIED: 'applied'>, 'location': None, 'job_url': None, 'notes': None, 'company_id': 14, 'user_id': 2}
2026-06-20 09:33:15,019 | DEBUG | app.repos.application_repository | Repository application before add: <app.models.application.Application object at 0x000001D1133C4490>
2026-06-20 09:33:15,019 | DEBUG | app.repos.application_repository | has company_name property: False
2026-06-20 09:33:15,019 | DEBUG | app.repos.application_repository | Repository application after refresh: <app.models.application.Application object at 0x000001D1133C4490>
2026-06-20 09:33:15,019 | DEBUG | app.repos.application_repository | Company relation refresh after refresh: <app.models.company.Company object at 0x000001D1133C77D0>
2026-06-20 09:33:15,019 | DEBUG | app.repos.application_repository | company name after refresh: Company 11
2026-06-20 09:33:15,019 | DEBUG | app.services.application_service | Application company ID: 14
2026-06-20 09:33:15,019 | DEBUG | app.services.application_service | Application name attr: Company 11
2026-06-20 09:33:15,028 | DEBUG | app.api.applications | Route result: <app.models.application.Application object at 0x000001D1133C4490>
2026-06-20 09:33:15,028 | DEBUG | app.api.applications | Route result dictionary: {'_sa_instance_state': <sqlalchemy.orm.state.InstanceState object at 0x000001D11335BEF0>, 'status': <ApplicationStatus.APPLIED: 'applied'>, 'created_at': datetime.datetime(2026, 6, 20, 7, 33, 15, 19681, tzinfo=zoneinfo.ZoneInfo(key='Africa/Johannesburg')), 'deadline': None, 'notes': None, 'company_id': 14, 'role': 'Developer', 'id': 14, 'location': None, 'job_url': None, 'updated_at': datetime.datetime(2026, 6, 20, 7, 33, 15, 19681, tzinfo=zoneinfo.ZoneInfo(key='Africa/Johannesburg')), 'follow_up_date': None, 'user_id': 2, 'company': <app.models.company.Company object at 0x000001D1133C77D0>}
2026-06-20 09:33:15,028 | DEBUG | app.api.applications | Route company: <app.models.company.Company object at 0x000001D1133C77D0>
2026-06-20 09:33:15,028 | DEBUG | app.api.applications | Route company_name: Company 11
2026-06-20 09:33:15,036 | DEBUG | app.services.application_service | Company Name: Company 12
2026-06-20 09:33:15,044 | DEBUG | app.services.application_service | Company Found: None
2026-06-20 09:33:15,044 | DEBUG | app.services.application_service | company CREATED: ID is 15, name=Company 12
2026-06-20 09:33:15,044 | DEBUG | app.services.application_service | FINAL APPLICATION DATA: {'role': 'Developer', 'status': <ApplicationStatus.APPLIED: 'applied'>, 'location': None, 'job_url': None, 'notes': None, 'company_id': 15, 'user_id': 2}
2026-06-20 09:33:15,044 | DEBUG | app.repos.application_repository | Repository application before add: <app.models.application.Application object at 0x000001D1133C6ED0>
2026-06-20 09:33:15,044 | DEBUG | app.repos.application_repository | has company_name property: False
2026-06-20 09:33:15,051 | DEBUG | app.repos.application_repository | Repository application after refresh: <app.models.application.Application object at 0x000001D1133C6ED0>
2026-06-20 09:33:15,051 | DEBUG | app.repos.application_repository | Company relation refresh after refresh: <app.models.company.Company object at 0x000001D1133C4690>
2026-06-20 09:33:15,051 | DEBUG | app.repos.application_repository | company name after refresh: Company 12
2026-06-20 09:33:15,051 | DEBUG | app.services.application_service | Application company ID: 15
2026-06-20 09:33:15,051 | DEBUG | app.services.application_service | Application name attr: Company 12
2026-06-20 09:33:15,051 | DEBUG | app.api.applications | Route result: <app.models.application.Application object at 0x000001D1133C6ED0>
2026-06-20 09:33:15,051 | DEBUG | app.api.applications | Route result dictionary: {'_sa_instance_state': <sqlalchemy.orm.state.InstanceState object at 0x000001D1133F0110>, 'status': <ApplicationStatus.APPLIED: 'applied'>, 'created_at': datetime.datetime(2026, 6, 20, 7, 33, 15, 51532, tzinfo=zoneinfo.ZoneInfo(key='Africa/Johannesburg')), 'deadline': None, 'notes': None, 'company_id': 15, 'role': 'Developer', 'id': 15, 'location': None, 'job_url': None, 'updated_at': datetime.datetime(2026, 6, 20, 7, 33, 15, 51532, tzinfo=zoneinfo.ZoneInfo(key='Africa/Johannesburg')), 'follow_up_date': None, 'user_id': 2, 'company': <app.models.company.Company object at 0x000001D1133C4690>}
2026-06-20 09:33:15,051 | DEBUG | app.api.applications | Route company: <app.models.company.Company object at 0x000001D1133C4690>
2026-06-20 09:33:15,051 | DEBUG | app.api.applications | Route company_name: Company 12
2026-06-20 09:33:15,073 | DEBUG | app.services.application_service | Company Name: Company 13
2026-06-20 09:33:15,073 | DEBUG | app.services.application_service | Company Found: None
2026-06-20 09:33:15,073 | DEBUG | app.services.application_service | company CREATED: ID is 16, name=Company 13
2026-06-20 09:33:15,073 | DEBUG | app.services.application_service | FINAL APPLICATION DATA: {'role': 'Developer', 'status': <ApplicationStatus.APPLIED: 'applied'>, 'location': None, 'job_url': None, 'notes': None, 'company_id': 16, 'user_id': 2}
2026-06-20 09:33:15,073 | DEBUG | app.repos.application_repository | Repository application before add: <app.models.application.Application object at 0x000001D1133A4110>
2026-06-20 09:33:15,073 | DEBUG | app.repos.application_repository | has company_name property: False
2026-06-20 09:33:15,088 | DEBUG | app.repos.application_repository | Repository application after refresh: <app.models.application.Application object at 0x000001D1133A4110>
2026-06-20 09:33:15,088 | DEBUG | app.repos.application_repository | Company relation refresh after refresh: <app.models.company.Company object at 0x000001D1133C69D0>
2026-06-20 09:33:15,088 | DEBUG | app.repos.application_repository | company name after refresh: Company 13
2026-06-20 09:33:15,088 | DEBUG | app.services.application_service | Application company ID: 16
2026-06-20 09:33:15,088 | DEBUG | app.services.application_service | Application name attr: Company 13
2026-06-20 09:33:15,088 | DEBUG | app.api.applications | Route result: <app.models.application.Application object at 0x000001D1133A4110>
2026-06-20 09:33:15,088 | DEBUG | app.api.applications | Route result dictionary: {'_sa_instance_state': <sqlalchemy.orm.state.InstanceState object at 0x000001D11335BBF0>, 'status': <ApplicationStatus.APPLIED: 'applied'>, 'created_at': datetime.datetime(2026, 6, 20, 7, 33, 15, 83059, tzinfo=zoneinfo.ZoneInfo(key='Africa/Johannesburg')), 'deadline': None, 'notes': None, 'company_id': 16, 'role': 'Developer', 'id': 16, 'location': None, 'job_url': None, 'updated_at': datetime.datetime(2026, 6, 20, 7, 33, 15, 83059, tzinfo=zoneinfo.ZoneInfo(key='Africa/Johannesburg')), 'follow_up_date': None, 'user_id': 2, 'company': <app.models.company.Company object at 0x000001D1133C69D0>}
2026-06-20 09:33:15,088 | DEBUG | app.api.applications | Route company: <app.models.company.Company object at 0x000001D1133C69D0>
2026-06-20 09:33:15,092 | DEBUG | app.api.applications | Route company_name: Company 13
2026-06-20 09:33:15,105 | DEBUG | app.services.application_service | Company Name: Company 14
2026-06-20 09:33:15,105 | DEBUG | app.services.application_service | Company Found: None
2026-06-20 09:33:15,105 | DEBUG | app.services.application_service | company CREATED: ID is 17, name=Company 14
2026-06-20 09:33:15,105 | DEBUG | app.services.application_service | FINAL APPLICATION DATA: {'role': 'Developer', 'status': <ApplicationStatus.APPLIED: 'applied'>, 'location': None, 'job_url': None, 'notes': None, 'company_id': 17, 'user_id': 2}
2026-06-20 09:33:15,105 | DEBUG | app.repos.application_repository | Repository application before add: <app.models.application.Application object at 0x000001D1133C6E10>
2026-06-20 09:33:15,105 | DEBUG | app.repos.application_repository | has company_name property: False
2026-06-20 09:33:15,120 | DEBUG | app.repos.application_repository | Repository application after refresh: <app.models.application.Application object at 0x000001D1133C6E10>
2026-06-20 09:33:15,121 | DEBUG | app.repos.application_repository | Company relation refresh after refresh: <app.models.company.Company object at 0x000001D1133B3D90>
2026-06-20 09:33:15,121 | DEBUG | app.repos.application_repository | company name after refresh: Company 14
2026-06-20 09:33:15,121 | DEBUG | app.services.application_service | Application company ID: 17
2026-06-20 09:33:15,121 | DEBUG | app.services.application_service | Application name attr: Company 14
2026-06-20 09:33:15,121 | DEBUG | app.api.applications | Route result: <app.models.application.Application object at 0x000001D1133C6E10>
2026-06-20 09:33:15,124 | DEBUG | app.api.applications | Route result dictionary: {'_sa_instance_state': <sqlalchemy.orm.state.InstanceState object at 0x000001D11335BD70>, 'status': <ApplicationStatus.APPLIED: 'applied'>, 'created_at': datetime.datetime(2026, 6, 20, 7, 33, 15, 115512, tzinfo=zoneinfo.ZoneInfo(key='Africa/Johannesburg')), 'deadline': None, 'notes': None, 'company_id': 17, 'role': 'Developer', 'id': 17, 'location': None, 'job_url': None, 'updated_at': datetime.datetime(2026, 6, 20, 7, 33, 15, 115512, tzinfo=zoneinfo.ZoneInfo(key='Africa/Johannesburg')), 'follow_up_date': None, 'user_id': 2, 'company': <app.models.company.Company object at 0x000001D1133B3D90>}
2026-06-20 09:33:15,124 | DEBUG | app.api.applications | Route company: <app.models.company.Company object at 0x000001D1133B3D90>
2026-06-20 09:33:15,124 | DEBUG | app.api.applications | Route company_name: Company 14
2026-06-20 09:33:15,141 | DEBUG | app.repos.application_repository | Base count: 15
2026-06-20 09:33:15,143 | DEBUG | app.repos.application_repository | Final result count: 10
2026-06-20 09:33:15,162 | DEBUG | app.repos.application_repository | Final results: ['Company 14', 'Company 13', 'Company 12', 'Company 11', 'Company 10', 'Company 9', 'Company 8', 'Company 7', 'Company 6', 'Company 5']
2026-06-20 09:33:15,965 | DEBUG | app.services.application_service | Company Name: Company 0
2026-06-20 09:33:15,965 | DEBUG | app.services.application_service | Company Found: None
2026-06-20 09:33:15,965 | DEBUG | app.services.application_service | company CREATED: ID is 18, name=Company 0
2026-06-20 09:33:15,965 | DEBUG | app.services.application_service | FINAL APPLICATION DATA: {'role': 'Developer', 'status': <ApplicationStatus.APPLIED: 'applied'>, 'location': None, 'job_url': None, 'notes': None, 'company_id': 18, 'user_id': 3}
2026-06-20 09:33:15,965 | DEBUG | app.repos.application_repository | Repository application before add: <app.models.application.Application object at 0x000001D113363E90>
2026-06-20 09:33:15,965 | DEBUG | app.repos.application_repository | has company_name property: False
2026-06-20 09:33:15,976 | DEBUG | app.repos.application_repository | Repository application after refresh: <app.models.application.Application object at 0x000001D113363E90>
2026-06-20 09:33:15,981 | DEBUG | app.repos.application_repository | Company relation refresh after refresh: <app.models.company.Company object at 0x000001D1133A7D10>
2026-06-20 09:33:15,981 | DEBUG | app.repos.application_repository | company name after refresh: Company 0
2026-06-20 09:33:15,981 | DEBUG | app.services.application_service | Application company ID: 18
2026-06-20 09:33:15,981 | DEBUG | app.services.application_service | Application name attr: Company 0
2026-06-20 09:33:15,981 | DEBUG | app.api.applications | Route result: <app.models.application.Application object at 0x000001D113363E90>
2026-06-20 09:33:15,981 | DEBUG | app.api.applications | Route result dictionary: {'_sa_instance_state': <sqlalchemy.orm.state.InstanceState object at 0x000001D11324C4D0>, 'status': <ApplicationStatus.APPLIED: 'applied'>, 'created_at': datetime.datetime(2026, 6, 20, 7, 33, 15, 976945, tzinfo=zoneinfo.ZoneInfo(key='Africa/Johannesburg')), 'deadline': None, 'notes': None, 'company_id': 18, 'role': 'Developer', 'id': 18, 'location': None, 'job_url': None, 'updated_at': datetime.datetime(2026, 6, 20, 7, 33, 15, 976945, tzinfo=zoneinfo.ZoneInfo(key='Africa/Johannesburg')), 'follow_up_date': None, 'user_id': 3, 'company': <app.models.company.Company object at 0x000001D1133A7D10>}
2026-06-20 09:33:15,981 | DEBUG | app.api.applications | Route company: <app.models.company.Company object at 0x000001D1133A7D10>
2026-06-20 09:33:15,981 | DEBUG | app.api.applications | Route company_name: Company 0
2026-06-20 09:33:15,997 | DEBUG | app.services.application_service | Company Name: Company 1
2026-06-20 09:33:15,997 | DEBUG | app.services.application_service | Company Found: None
2026-06-20 09:33:16,003 | DEBUG | app.services.application_service | company CREATED: ID is 19, name=Company 1
2026-06-20 09:33:16,003 | DEBUG | app.services.application_service | FINAL APPLICATION DATA: {'role': 'Developer', 'status': <ApplicationStatus.APPLIED: 'applied'>, 'location': None, 'job_url': None, 'notes': None, 'company_id': 19, 'user_id': 3}
2026-06-20 09:33:16,003 | DEBUG | app.repos.application_repository | Repository application before add: <app.models.application.Application object at 0x000001D1133A5790>
2026-06-20 09:33:16,003 | DEBUG | app.repos.application_repository | has company_name property: False
2026-06-20 09:33:16,007 | DEBUG | app.repos.application_repository | Repository application after refresh: <app.models.application.Application object at 0x000001D1133A5790>
2026-06-20 09:33:16,013 | DEBUG | app.repos.application_repository | Company relation refresh after refresh: <app.models.company.Company object at 0x000001D112E2AA10>
2026-06-20 09:33:16,013 | DEBUG | app.repos.application_repository | company name after refresh: Company 1
2026-06-20 09:33:16,013 | DEBUG | app.services.application_service | Application company ID: 19
2026-06-20 09:33:16,013 | DEBUG | app.services.application_service | Application name attr: Company 1
2026-06-20 09:33:16,013 | DEBUG | app.api.applications | Route result: <app.models.application.Application object at 0x000001D1133A5790>
2026-06-20 09:33:16,013 | DEBUG | app.api.applications | Route result dictionary: {'_sa_instance_state': <sqlalchemy.orm.state.InstanceState object at 0x000001D1133586B0>, 'status': <ApplicationStatus.APPLIED: 'applied'>, 'created_at': datetime.datetime(2026, 6, 20, 7, 33, 16, 7081, tzinfo=zoneinfo.ZoneInfo(key='Africa/Johannesburg')), 'deadline': None, 'notes': None, 'company_id': 19, 'role': 'Developer', 'id': 19, 'location': None, 'job_url': None, 'updated_at': datetime.datetime(2026, 6, 20, 7, 33, 16, 7081, tzinfo=zoneinfo.ZoneInfo(key='Africa/Johannesburg')), 'follow_up_date': None, 'user_id': 3, 'company': <app.models.company.Company object at 0x000001D112E2AA10>}
2026-06-20 09:33:16,013 | DEBUG | app.api.applications | Route company: <app.models.company.Company object at 0x000001D112E2AA10>
2026-06-20 09:33:16,013 | DEBUG | app.api.applications | Route company_name: Company 1
2026-06-20 09:33:16,026 | DEBUG | app.services.application_service | Company Name: Company 2
2026-06-20 09:33:16,030 | DEBUG | app.services.application_service | Company Found: None
2026-06-20 09:33:16,037 | DEBUG | app.services.application_service | company CREATED: ID is 20, name=Company 2
2026-06-20 09:33:16,037 | DEBUG | app.services.application_service | FINAL APPLICATION DATA: {'role': 'Developer', 'status': <ApplicationStatus.APPLIED: 'applied'>, 'location': None, 'job_url': None, 'notes': None, 'company_id': 20, 'user_id': 3}
2026-06-20 09:33:16,037 | DEBUG | app.repos.application_repository | Repository application before add: <app.models.application.Application object at 0x000001D1133C5790>
2026-06-20 09:33:16,037 | DEBUG | app.repos.application_repository | has company_name property: False
2026-06-20 09:33:16,043 | DEBUG | app.repos.application_repository | Repository application after refresh: <app.models.application.Application object at 0x000001D1133C5790>
2026-06-20 09:33:16,045 | DEBUG | app.repos.application_repository | Company relation refresh after refresh: <app.models.company.Company object at 0x000001D1133953D0>
2026-06-20 09:33:16,045 | DEBUG | app.repos.application_repository | company name after refresh: Company 2
2026-06-20 09:33:16,047 | DEBUG | app.services.application_service | Application company ID: 20
2026-06-20 09:33:16,047 | DEBUG | app.services.application_service | Application name attr: Company 2
2026-06-20 09:33:16,047 | DEBUG | app.api.applications | Route result: <app.models.application.Application object at 0x000001D1133C5790>
2026-06-20 09:33:16,047 | DEBUG | app.api.applications | Route result dictionary: {'_sa_instance_state': <sqlalchemy.orm.state.InstanceState object at 0x000001D113359C10>, 'status': <ApplicationStatus.APPLIED: 'applied'>, 'created_at': datetime.datetime(2026, 6, 20, 7, 33, 16, 39276, tzinfo=zoneinfo.ZoneInfo(key='Africa/Johannesburg')), 'deadline': None, 'notes': None, 'company_id': 20, 'role': 'Developer', 'id': 20, 'location': None, 'job_url': None, 'updated_at': datetime.datetime(2026, 6, 20, 7, 33, 16, 39276, tzinfo=zoneinfo.ZoneInfo(key='Africa/Johannesburg')), 'follow_up_date': None, 'user_id': 3, 'company': <app.models.company.Company object at 0x000001D1133953D0>}
2026-06-20 09:33:16,047 | DEBUG | app.api.applications | Route company: <app.models.company.Company object at 0x000001D1133953D0>
2026-06-20 09:33:16,047 | DEBUG | app.api.applications | Route company_name: Company 2
2026-06-20 09:33:16,061 | DEBUG | app.services.application_service | Company Name: Company 3
2026-06-20 09:33:16,061 | DEBUG | app.services.application_service | Company Found: None
2026-06-20 09:33:16,068 | DEBUG | app.services.application_service | company CREATED: ID is 21, name=Company 3
2026-06-20 09:33:16,068 | DEBUG | app.services.application_service | FINAL APPLICATION DATA: {'role': 'Developer', 'status': <ApplicationStatus.APPLIED: 'applied'>, 'location': None, 'job_url': None, 'notes': None, 'company_id': 21, 'user_id': 3}
2026-06-20 09:33:16,068 | DEBUG | app.repos.application_repository | Repository application before add: <app.models.application.Application object at 0x000001D1133C5ED0>
2026-06-20 09:33:16,073 | DEBUG | app.repos.application_repository | has company_name property: False
2026-06-20 09:33:16,073 | DEBUG | app.repos.application_repository | Repository application after refresh: <app.models.application.Application object at 0x000001D1133C5ED0>
2026-06-20 09:33:16,073 | DEBUG | app.repos.application_repository | Company relation refresh after refresh: <app.models.company.Company object at 0x000001D1133C4F50>
2026-06-20 09:33:16,073 | DEBUG | app.repos.application_repository | company name after refresh: Company 3
2026-06-20 09:33:16,073 | DEBUG | app.services.application_service | Application company ID: 21
2026-06-20 09:33:16,073 | DEBUG | app.services.application_service | Application name attr: Company 3
2026-06-20 09:33:16,073 | DEBUG | app.api.applications | Route result: <app.models.application.Application object at 0x000001D1133C5ED0>
2026-06-20 09:33:16,073 | DEBUG | app.api.applications | Route result dictionary: {'_sa_instance_state': <sqlalchemy.orm.state.InstanceState object at 0x000001D11335AE70>, 'status': <ApplicationStatus.APPLIED: 'applied'>, 'created_at': datetime.datetime(2026, 6, 20, 7, 33, 16, 73717, tzinfo=zoneinfo.ZoneInfo(key='Africa/Johannesburg')), 'deadline': None, 'notes': None, 'company_id': 21, 'role': 'Developer', 'id': 21, 'location': None, 'job_url': None, 'updated_at': datetime.datetime(2026, 6, 20, 7, 33, 16, 73717, tzinfo=zoneinfo.ZoneInfo(key='Africa/Johannesburg')), 'follow_up_date': None, 'user_id': 3, 'company': <app.models.company.Company object at 0x000001D1133C4F50>}
2026-06-20 09:33:16,073 | DEBUG | app.api.applications | Route company: <app.models.company.Company object at 0x000001D1133C4F50>
2026-06-20 09:33:16,073 | DEBUG | app.api.applications | Route company_name: Company 3
2026-06-20 09:33:16,089 | DEBUG | app.services.application_service | Company Name: Company 4
2026-06-20 09:33:16,089 | DEBUG | app.services.application_service | Company Found: None
2026-06-20 09:33:16,104 | DEBUG | app.services.application_service | company CREATED: ID is 22, name=Company 4
2026-06-20 09:33:16,104 | DEBUG | app.services.application_service | FINAL APPLICATION DATA: {'role': 'Developer', 'status': <ApplicationStatus.APPLIED: 'applied'>, 'location': None, 'job_url': None, 'notes': None, 'company_id': 22, 'user_id': 3}
2026-06-20 09:33:16,104 | DEBUG | app.repos.application_repository | Repository application before add: <app.models.application.Application object at 0x000001D1133C7E50>
2026-06-20 09:33:16,104 | DEBUG | app.repos.application_repository | has company_name property: False
2026-06-20 09:33:16,104 | DEBUG | app.repos.application_repository | Repository application after refresh: <app.models.application.Application object at 0x000001D1133C7E50>
2026-06-20 09:33:16,104 | DEBUG | app.repos.application_repository | Company relation refresh after refresh: <app.models.company.Company object at 0x000001D113396250>
2026-06-20 09:33:16,104 | DEBUG | app.repos.application_repository | company name after refresh: Company 4
2026-06-20 09:33:16,116 | DEBUG | app.services.application_service | Application company ID: 22
2026-06-20 09:33:16,116 | DEBUG | app.services.application_service | Application name attr: Company 4
2026-06-20 09:33:16,116 | DEBUG | app.api.applications | Route result: <app.models.application.Application object at 0x000001D1133C7E50>
2026-06-20 09:33:16,116 | DEBUG | app.api.applications | Route result dictionary: {'_sa_instance_state': <sqlalchemy.orm.state.InstanceState object at 0x000001D11335B230>, 'status': <ApplicationStatus.APPLIED: 'applied'>, 'created_at': datetime.datetime(2026, 6, 20, 7, 33, 16, 104088, tzinfo=zoneinfo.ZoneInfo(key='Africa/Johannesburg')), 'deadline': None, 'notes': None, 'company_id': 22, 'role': 'Developer', 'id': 22, 'location': None, 'job_url': None, 'updated_at': datetime.datetime(2026, 6, 20, 7, 33, 16, 104088, tzinfo=zoneinfo.ZoneInfo(key='Africa/Johannesburg')), 'follow_up_date': None, 'user_id': 3, 'company': <app.models.company.Company object at 0x000001D113396250>}
2026-06-20 09:33:16,116 | DEBUG | app.api.applications | Route company: <app.models.company.Company object at 0x000001D113396250>
2026-06-20 09:33:16,116 | DEBUG | app.api.applications | Route company_name: Company 4
2026-06-20 09:33:16,120 | DEBUG | app.services.application_service | Company Name: Company 5
2026-06-20 09:33:16,132 | DEBUG | app.services.application_service | Company Found: None
2026-06-20 09:33:16,135 | DEBUG | app.services.application_service | company CREATED: ID is 23, name=Company 5
2026-06-20 09:33:16,135 | DEBUG | app.services.application_service | FINAL APPLICATION DATA: {'role': 'Developer', 'status': <ApplicationStatus.APPLIED: 'applied'>, 'location': None, 'job_url': None, 'notes': None, 'company_id': 23, 'user_id': 3}
2026-06-20 09:33:16,135 | DEBUG | app.repos.application_repository | Repository application before add: <app.models.application.Application object at 0x000001D1133C7250>
2026-06-20 09:33:16,135 | DEBUG | app.repos.application_repository | has company_name property: False
2026-06-20 09:33:16,135 | DEBUG | app.repos.application_repository | Repository application after refresh: <app.models.application.Application object at 0x000001D1133C7250>
2026-06-20 09:33:16,135 | DEBUG | app.repos.application_repository | Company relation refresh after refresh: <app.models.company.Company object at 0x000001D1133979D0>
2026-06-20 09:33:16,135 | DEBUG | app.repos.application_repository | company name after refresh: Company 5
2026-06-20 09:33:16,135 | DEBUG | app.services.application_service | Application company ID: 23
2026-06-20 09:33:16,135 | DEBUG | app.services.application_service | Application name attr: Company 5
2026-06-20 09:33:16,148 | DEBUG | app.api.applications | Route result: <app.models.application.Application object at 0x000001D1133C7250>
2026-06-20 09:33:16,148 | DEBUG | app.api.applications | Route result dictionary: {'_sa_instance_state': <sqlalchemy.orm.state.InstanceState object at 0x000001D11335B1D0>, 'status': <ApplicationStatus.APPLIED: 'applied'>, 'created_at': datetime.datetime(2026, 6, 20, 7, 33, 16, 135932, tzinfo=zoneinfo.ZoneInfo(key='Africa/Johannesburg')), 'deadline': None, 'notes': None, 'company_id': 23, 'role': 'Developer', 'id': 23, 'location': None, 'job_url': None, 'updated_at': datetime.datetime(2026, 6, 20, 7, 33, 16, 135932, tzinfo=zoneinfo.ZoneInfo(key='Africa/Johannesburg')), 'follow_up_date': None, 'user_id': 3, 'company': <app.models.company.Company object at 0x000001D1133979D0>}
2026-06-20 09:33:16,148 | DEBUG | app.api.applications | Route company: <app.models.company.Company object at 0x000001D1133979D0>
2026-06-20 09:33:16,148 | DEBUG | app.api.applications | Route company_name: Company 5
2026-06-20 09:33:16,148 | DEBUG | app.services.application_service | Company Name: Company 6
2026-06-20 09:33:16,163 | DEBUG | app.services.application_service | Company Found: None
2026-06-20 09:33:16,170 | DEBUG | app.services.application_service | company CREATED: ID is 24, name=Company 6
2026-06-20 09:33:16,170 | DEBUG | app.services.application_service | FINAL APPLICATION DATA: {'role': 'Developer', 'status': <ApplicationStatus.APPLIED: 'applied'>, 'location': None, 'job_url': None, 'notes': None, 'company_id': 24, 'user_id': 3}
2026-06-20 09:33:16,170 | DEBUG | app.repos.application_repository | Repository application before add: <app.models.application.Application object at 0x000001D1133979D0>
2026-06-20 09:33:16,170 | DEBUG | app.repos.application_repository | has company_name property: False
2026-06-20 09:33:16,170 | DEBUG | app.repos.application_repository | Repository application after refresh: <app.models.application.Application object at 0x000001D1133979D0>
2026-06-20 09:33:16,179 | DEBUG | app.repos.application_repository | Company relation refresh after refresh: <app.models.company.Company object at 0x000001D112E1B250>
2026-06-20 09:33:16,179 | DEBUG | app.repos.application_repository | company name after refresh: Company 6
2026-06-20 09:33:16,179 | DEBUG | app.services.application_service | Application company ID: 24
2026-06-20 09:33:16,179 | DEBUG | app.services.application_service | Application name attr: Company 6
2026-06-20 09:33:16,179 | DEBUG | app.api.applications | Route result: <app.models.application.Application object at 0x000001D1133979D0>
2026-06-20 09:33:16,179 | DEBUG | app.api.applications | Route result dictionary: {'_sa_instance_state': <sqlalchemy.orm.state.InstanceState object at 0x000001D11335B470>, 'status': <ApplicationStatus.APPLIED: 'applied'>, 'created_at': datetime.datetime(2026, 6, 20, 7, 33, 16, 170165, tzinfo=zoneinfo.ZoneInfo(key='Africa/Johannesburg')), 'deadline': None, 'notes': None, 'company_id': 24, 'role': 'Developer', 'id': 24, 'location': None, 'job_url': None, 'updated_at': datetime.datetime(2026, 6, 20, 7, 33, 16, 170165, tzinfo=zoneinfo.ZoneInfo(key='Africa/Johannesburg')), 'follow_up_date': None, 'user_id': 3, 'company': <app.models.company.Company object at 0x000001D112E1B250>}
2026-06-20 09:33:16,179 | DEBUG | app.api.applications | Route company: <app.models.company.Company object at 0x000001D112E1B250>
2026-06-20 09:33:16,179 | DEBUG | app.api.applications | Route company_name: Company 6
2026-06-20 09:33:16,195 | DEBUG | app.services.application_service | Company Name: Company 7
2026-06-20 09:33:16,195 | DEBUG | app.services.application_service | Company Found: None
2026-06-20 09:33:16,203 | DEBUG | app.services.application_service | company CREATED: ID is 25, name=Company 7
2026-06-20 09:33:16,203 | DEBUG | app.services.application_service | FINAL APPLICATION DATA: {'role': 'Developer', 'status': <ApplicationStatus.APPLIED: 'applied'>, 'location': None, 'job_url': None, 'notes': None, 'company_id': 25, 'user_id': 3}
2026-06-20 09:33:16,203 | DEBUG | app.repos.application_repository | Repository application before add: <app.models.application.Application object at 0x000001D112ED5C90>
2026-06-20 09:33:16,203 | DEBUG | app.repos.application_repository | has company_name property: False
2026-06-20 09:33:16,205 | DEBUG | app.repos.application_repository | Repository application after refresh: <app.models.application.Application object at 0x000001D112ED5C90>
2026-06-20 09:33:16,205 | DEBUG | app.repos.application_repository | Company relation refresh after refresh: <app.models.company.Company object at 0x000001D113397B50>
2026-06-20 09:33:16,205 | DEBUG | app.repos.application_repository | company name after refresh: Company 7
2026-06-20 09:33:16,205 | DEBUG | app.services.application_service | Application company ID: 25
2026-06-20 09:33:16,205 | DEBUG | app.services.application_service | Application name attr: Company 7
2026-06-20 09:33:16,205 | DEBUG | app.api.applications | Route result: <app.models.application.Application object at 0x000001D112ED5C90>
2026-06-20 09:33:16,205 | DEBUG | app.api.applications | Route result dictionary: {'_sa_instance_state': <sqlalchemy.orm.state.InstanceState object at 0x000001D11335B4D0>, 'status': <ApplicationStatus.APPLIED: 'applied'>, 'created_at': datetime.datetime(2026, 6, 20, 7, 33, 16, 205143, tzinfo=zoneinfo.ZoneInfo(key='Africa/Johannesburg')), 'deadline': None, 'notes': None, 'company_id': 25, 'role': 'Developer', 'id': 25, 'location': None, 'job_url': None, 'updated_at': datetime.datetime(2026, 6, 20, 7, 33, 16, 205143, tzinfo=zoneinfo.ZoneInfo(key='Africa/Johannesburg')), 'follow_up_date': None, 'user_id': 3, 'company': <app.models.company.Company object at 0x000001D113397B50>}
2026-06-20 09:33:16,205 | DEBUG | app.api.applications | Route company: <app.models.company.Company object at 0x000001D113397B50>
2026-06-20 09:33:16,205 | DEBUG | app.api.applications | Route company_name: Company 7
2026-06-20 09:33:16,227 | DEBUG | app.services.application_service | Company Name: Company 8
2026-06-20 09:33:16,227 | DEBUG | app.services.application_service | Company Found: None
2026-06-20 09:33:16,238 | DEBUG | app.services.application_service | company CREATED: ID is 26, name=Company 8
2026-06-20 09:33:16,238 | DEBUG | app.services.application_service | FINAL APPLICATION DATA: {'role': 'Developer', 'status': <ApplicationStatus.APPLIED: 'applied'>, 'location': None, 'job_url': None, 'notes': None, 'company_id': 26, 'user_id': 3}
2026-06-20 09:33:16,238 | DEBUG | app.repos.application_repository | Repository application before add: <app.models.application.Application object at 0x000001D113396250>
2026-06-20 09:33:16,238 | DEBUG | app.repos.application_repository | has company_name property: False
2026-06-20 09:33:16,242 | DEBUG | app.repos.application_repository | Repository application after refresh: <app.models.application.Application object at 0x000001D113396250>
2026-06-20 09:33:16,242 | DEBUG | app.repos.application_repository | Company relation refresh after refresh: <app.models.company.Company object at 0x000001D113363F90>
2026-06-20 09:33:16,242 | DEBUG | app.repos.application_repository | company name after refresh: Company 8
2026-06-20 09:33:16,242 | DEBUG | app.services.application_service | Application company ID: 26
2026-06-20 09:33:16,242 | DEBUG | app.services.application_service | Application name attr: Company 8
2026-06-20 09:33:16,242 | DEBUG | app.api.applications | Route result: <app.models.application.Application object at 0x000001D113396250>
2026-06-20 09:33:16,242 | DEBUG | app.api.applications | Route result dictionary: {'_sa_instance_state': <sqlalchemy.orm.state.InstanceState object at 0x000001D11335B4D0>, 'status': <ApplicationStatus.APPLIED: 'applied'>, 'created_at': datetime.datetime(2026, 6, 20, 7, 33, 16, 242584, tzinfo=zoneinfo.ZoneInfo(key='Africa/Johannesburg')), 'deadline': None, 'notes': None, 'company_id': 26, 'role': 'Developer', 'id': 26, 'location': None, 'job_url': None, 'updated_at': datetime.datetime(2026, 6, 20, 7, 33, 16, 242584, tzinfo=zoneinfo.ZoneInfo(key='Africa/Johannesburg')), 'follow_up_date': None, 'user_id': 3, 'company': <app.models.company.Company object at 0x000001D113363F90>}
2026-06-20 09:33:16,242 | DEBUG | app.api.applications | Route company: <app.models.company.Company object at 0x000001D113363F90>
2026-06-20 09:33:16,242 | DEBUG | app.api.applications | Route company_name: Company 8
2026-06-20 09:33:16,253 | DEBUG | app.services.application_service | Company Name: Company 9
2026-06-20 09:33:16,266 | DEBUG | app.services.application_service | Company Found: None
2026-06-20 09:33:16,271 | DEBUG | app.services.application_service | company CREATED: ID is 27, name=Company 9
2026-06-20 09:33:16,271 | DEBUG | app.services.application_service | FINAL APPLICATION DATA: {'role': 'Developer', 'status': <ApplicationStatus.APPLIED: 'applied'>, 'location': None, 'job_url': None, 'notes': None, 'company_id': 27, 'user_id': 3}
2026-06-20 09:33:16,271 | DEBUG | app.repos.application_repository | Repository application before add: <app.models.application.Application object at 0x000001D1133B39D0>
2026-06-20 09:33:16,271 | DEBUG | app.repos.application_repository | has company_name property: False
2026-06-20 09:33:16,271 | DEBUG | app.repos.application_repository | Repository application after refresh: <app.models.application.Application object at 0x000001D1133B39D0>
2026-06-20 09:33:16,271 | DEBUG | app.repos.application_repository | Company relation refresh after refresh: <app.models.company.Company object at 0x000001D112E4F4D0>
2026-06-20 09:33:16,282 | DEBUG | app.repos.application_repository | company name after refresh: Company 9
2026-06-20 09:33:16,282 | DEBUG | app.services.application_service | Application company ID: 27
2026-06-20 09:33:16,282 | DEBUG | app.services.application_service | Application name attr: Company 9
2026-06-20 09:33:16,282 | DEBUG | app.api.applications | Route result: <app.models.application.Application object at 0x000001D1133B39D0>
2026-06-20 09:33:16,282 | DEBUG | app.api.applications | Route result dictionary: {'_sa_instance_state': <sqlalchemy.orm.state.InstanceState object at 0x000001D11335B4D0>, 'status': <ApplicationStatus.APPLIED: 'applied'>, 'created_at': datetime.datetime(2026, 6, 20, 7, 33, 16, 271385, tzinfo=zoneinfo.ZoneInfo(key='Africa/Johannesburg')), 'deadline': None, 'notes': None, 'company_id': 27, 'role': 'Developer', 'id': 27, 'location': None, 'job_url': None, 'updated_at': datetime.datetime(2026, 6, 20, 7, 33, 16, 271385, tzinfo=zoneinfo.ZoneInfo(key='Africa/Johannesburg')), 'follow_up_date': None, 'user_id': 3, 'company': <app.models.company.Company object at 0x000001D112E4F4D0>}
2026-06-20 09:33:16,282 | DEBUG | app.api.applications | Route company: <app.models.company.Company object at 0x000001D112E4F4D0>
2026-06-20 09:33:16,282 | DEBUG | app.api.applications | Route company_name: Company 9
2026-06-20 09:33:16,300 | DEBUG | app.services.application_service | Company Name: Company 10
2026-06-20 09:33:16,303 | DEBUG | app.services.application_service | Company Found: None
2026-06-20 09:33:16,305 | DEBUG | app.services.application_service | company CREATED: ID is 28, name=Company 10
2026-06-20 09:33:16,305 | DEBUG | app.services.application_service | FINAL APPLICATION DATA: {'role': 'Developer', 'status': <ApplicationStatus.APPLIED: 'applied'>, 'location': None, 'job_url': None, 'notes': None, 'company_id': 28, 'user_id': 3}
2026-06-20 09:33:16,305 | DEBUG | app.repos.application_repository | Repository application before add: <app.models.application.Application object at 0x000001D1133C7E50>
2026-06-20 09:33:16,305 | DEBUG | app.repos.application_repository | has company_name property: False
2026-06-20 09:33:16,313 | DEBUG | app.repos.application_repository | Repository application after refresh: <app.models.application.Application object at 0x000001D1133C7E50>
2026-06-20 09:33:16,313 | DEBUG | app.repos.application_repository | Company relation refresh after refresh: <app.models.company.Company object at 0x000001D113362750>
2026-06-20 09:33:16,313 | DEBUG | app.repos.application_repository | company name after refresh: Company 10
2026-06-20 09:33:16,313 | DEBUG | app.services.application_service | Application company ID: 28
2026-06-20 09:33:16,313 | DEBUG | app.services.application_service | Application name attr: Company 10
2026-06-20 09:33:16,313 | DEBUG | app.api.applications | Route result: <app.models.application.Application object at 0x000001D1133C7E50>
2026-06-20 09:33:16,313 | DEBUG | app.api.applications | Route result dictionary: {'_sa_instance_state': <sqlalchemy.orm.state.InstanceState object at 0x000001D11335B590>, 'status': <ApplicationStatus.APPLIED: 'applied'>, 'created_at': datetime.datetime(2026, 6, 20, 7, 33, 16, 305006, tzinfo=zoneinfo.ZoneInfo(key='Africa/Johannesburg')), 'deadline': None, 'notes': None, 'company_id': 28, 'role': 'Developer', 'id': 28, 'location': None, 'job_url': None, 'updated_at': datetime.datetime(2026, 6, 20, 7, 33, 16, 305006, tzinfo=zoneinfo.ZoneInfo(key='Africa/Johannesburg')), 'follow_up_date': None, 'user_id': 3, 'company': <app.models.company.Company object at 0x000001D113362750>}
2026-06-20 09:33:16,313 | DEBUG | app.api.applications | Route company: <app.models.company.Company object at 0x000001D113362750>
2026-06-20 09:33:16,313 | DEBUG | app.api.applications | Route company_name: Company 10
2026-06-20 09:33:16,332 | DEBUG | app.services.application_service | Company Name: Company 11
2026-06-20 09:33:16,332 | DEBUG | app.services.application_service | Company Found: None
2026-06-20 09:33:16,339 | DEBUG | app.services.application_service | company CREATED: ID is 29, name=Company 11
2026-06-20 09:33:16,339 | DEBUG | app.services.application_service | FINAL APPLICATION DATA: {'role': 'Developer', 'status': <ApplicationStatus.APPLIED: 'applied'>, 'location': None, 'job_url': None, 'notes': None, 'company_id': 29, 'user_id': 3}
2026-06-20 09:33:16,339 | DEBUG | app.repos.application_repository | Repository application before add: <app.models.application.Application object at 0x000001D1133C7650>
2026-06-20 09:33:16,339 | DEBUG | app.repos.application_repository | has company_name property: False
2026-06-20 09:33:16,346 | DEBUG | app.repos.application_repository | Repository application after refresh: <app.models.application.Application object at 0x000001D1133C7650>
2026-06-20 09:33:16,346 | DEBUG | app.repos.application_repository | Company relation refresh after refresh: <app.models.company.Company object at 0x000001D1133C4290>
2026-06-20 09:33:16,346 | DEBUG | app.repos.application_repository | company name after refresh: Company 11
2026-06-20 09:33:16,346 | DEBUG | app.services.application_service | Application company ID: 29
2026-06-20 09:33:16,346 | DEBUG | app.services.application_service | Application name attr: Company 11
2026-06-20 09:33:16,346 | DEBUG | app.api.applications | Route result: <app.models.application.Application object at 0x000001D1133C7650>
2026-06-20 09:33:16,346 | DEBUG | app.api.applications | Route result dictionary: {'_sa_instance_state': <sqlalchemy.orm.state.InstanceState object at 0x000001D11335B590>, 'status': <ApplicationStatus.APPLIED: 'applied'>, 'created_at': datetime.datetime(2026, 6, 20, 7, 33, 16, 339894, tzinfo=zoneinfo.ZoneInfo(key='Africa/Johannesburg')), 'deadline': None, 'notes': None, 'company_id': 29, 'role': 'Developer', 'id': 29, 'location': None, 'job_url': None, 'updated_at': datetime.datetime(2026, 6, 20, 7, 33, 16, 339894, tzinfo=zoneinfo.ZoneInfo(key='Africa/Johannesburg')), 'follow_up_date': None, 'user_id': 3, 'company': <app.models.company.Company object at 0x000001D1133C4290>}
2026-06-20 09:33:16,346 | DEBUG | app.api.applications | Route company: <app.models.company.Company object at 0x000001D1133C4290>
2026-06-20 09:33:16,346 | DEBUG | app.api.applications | Route company_name: Company 11
2026-06-20 09:33:16,362 | DEBUG | app.services.application_service | Company Name: Company 12
2026-06-20 09:33:16,362 | DEBUG | app.services.application_service | Company Found: None
2026-06-20 09:33:16,371 | DEBUG | app.services.application_service | company CREATED: ID is 30, name=Company 12
2026-06-20 09:33:16,371 | DEBUG | app.services.application_service | FINAL APPLICATION DATA: {'role': 'Developer', 'status': <ApplicationStatus.APPLIED: 'applied'>, 'location': None, 'job_url': None, 'notes': None, 'company_id': 30, 'user_id': 3}
2026-06-20 09:33:16,371 | DEBUG | app.repos.application_repository | Repository application before add: <app.models.application.Application object at 0x000001D112E4DBD0>
2026-06-20 09:33:16,371 | DEBUG | app.repos.application_repository | has company_name property: False
2026-06-20 09:33:16,374 | DEBUG | app.repos.application_repository | Repository application after refresh: <app.models.application.Application object at 0x000001D112E4DBD0>
2026-06-20 09:33:16,380 | DEBUG | app.repos.application_repository | Company relation refresh after refresh: <app.models.company.Company object at 0x000001D1133B28D0>
2026-06-20 09:33:16,380 | DEBUG | app.repos.application_repository | company name after refresh: Company 12
2026-06-20 09:33:16,380 | DEBUG | app.services.application_service | Application company ID: 30
2026-06-20 09:33:16,380 | DEBUG | app.services.application_service | Application name attr: Company 12
2026-06-20 09:33:16,380 | DEBUG | app.api.applications | Route result: <app.models.application.Application object at 0x000001D112E4DBD0>
2026-06-20 09:33:16,380 | DEBUG | app.api.applications | Route result dictionary: {'_sa_instance_state': <sqlalchemy.orm.state.InstanceState object at 0x000001D11335B8F0>, 'status': <ApplicationStatus.APPLIED: 'applied'>, 'created_at': datetime.datetime(2026, 6, 20, 7, 33, 16, 374324, tzinfo=zoneinfo.ZoneInfo(key='Africa/Johannesburg')), 'deadline': None, 'notes': None, 'company_id': 30, 'role': 'Developer', 'id': 30, 'location': None, 'job_url': None, 'updated_at': datetime.datetime(2026, 6, 20, 7, 33, 16, 374324, tzinfo=zoneinfo.ZoneInfo(key='Africa/Johannesburg')), 'follow_up_date': None, 'user_id': 3, 'company': <app.models.company.Company object at 0x000001D1133B28D0>}
2026-06-20 09:33:16,380 | DEBUG | app.api.applications | Route company: <app.models.company.Company object at 0x000001D1133B28D0>
2026-06-20 09:33:16,383 | DEBUG | app.api.applications | Route company_name: Company 12
2026-06-20 09:33:16,394 | DEBUG | app.services.application_service | Company Name: Company 13
2026-06-20 09:33:16,397 | DEBUG | app.services.application_service | Company Found: None
2026-06-20 09:33:16,404 | DEBUG | app.services.application_service | company CREATED: ID is 31, name=Company 13
2026-06-20 09:33:16,404 | DEBUG | app.services.application_service | FINAL APPLICATION DATA: {'role': 'Developer', 'status': <ApplicationStatus.APPLIED: 'applied'>, 'location': None, 'job_url': None, 'notes': None, 'company_id': 31, 'user_id': 3}
2026-06-20 09:33:16,404 | DEBUG | app.repos.application_repository | Repository application before add: <app.models.application.Application object at 0x000001D1133B0ED0>
2026-06-20 09:33:16,404 | DEBUG | app.repos.application_repository | has company_name property: False
2026-06-20 09:33:16,404 | DEBUG | app.repos.application_repository | Repository application after refresh: <app.models.application.Application object at 0x000001D1133B0ED0>
2026-06-20 09:33:16,404 | DEBUG | app.repos.application_repository | Company relation refresh after refresh: <app.models.company.Company object at 0x000001D1133DE810>
2026-06-20 09:33:16,404 | DEBUG | app.repos.application_repository | company name after refresh: Company 13
2026-06-20 09:33:16,404 | DEBUG | app.services.application_service | Application company ID: 31
2026-06-20 09:33:16,404 | DEBUG | app.services.application_service | Application name attr: Company 13
2026-06-20 09:33:16,404 | DEBUG | app.api.applications | Route result: <app.models.application.Application object at 0x000001D1133B0ED0>
2026-06-20 09:33:16,404 | DEBUG | app.api.applications | Route result dictionary: {'_sa_instance_state': <sqlalchemy.orm.state.InstanceState object at 0x000001D11335BF50>, 'status': <ApplicationStatus.APPLIED: 'applied'>, 'created_at': datetime.datetime(2026, 6, 20, 7, 33, 16, 404800, tzinfo=zoneinfo.ZoneInfo(key='Africa/Johannesburg')), 'deadline': None, 'notes': None, 'company_id': 31, 'role': 'Developer', 'id': 31, 'location': None, 'job_url': None, 'updated_at': datetime.datetime(2026, 6, 20, 7, 33, 16, 404800, tzinfo=zoneinfo.ZoneInfo(key='Africa/Johannesburg')), 'follow_up_date': None, 'user_id': 3, 'company': <app.models.company.Company object at 0x000001D1133DE810>}
2026-06-20 09:33:16,404 | DEBUG | app.api.applications | Route company: <app.models.company.Company object at 0x000001D1133DE810>
2026-06-20 09:33:16,404 | DEBUG | app.api.applications | Route company_name: Company 13
2026-06-20 09:33:16,426 | DEBUG | app.services.application_service | Company Name: Company 14
2026-06-20 09:33:16,426 | DEBUG | app.services.application_service | Company Found: None
2026-06-20 09:33:16,435 | DEBUG | app.services.application_service | company CREATED: ID is 32, name=Company 14
2026-06-20 09:33:16,435 | DEBUG | app.services.application_service | FINAL APPLICATION DATA: {'role': 'Developer', 'status': <ApplicationStatus.APPLIED: 'applied'>, 'location': None, 'job_url': None, 'notes': None, 'company_id': 32, 'user_id': 3}
2026-06-20 09:33:16,437 | DEBUG | app.repos.application_repository | Repository application before add: <app.models.application.Application object at 0x000001D1133B2E10>
2026-06-20 09:33:16,437 | DEBUG | app.repos.application_repository | has company_name property: False
2026-06-20 09:33:16,442 | DEBUG | app.repos.application_repository | Repository application after refresh: <app.models.application.Application object at 0x000001D1133B2E10>
2026-06-20 09:33:16,442 | DEBUG | app.repos.application_repository | Company relation refresh after refresh: <app.models.company.Company object at 0x000001D1133DF090>
2026-06-20 09:33:16,442 | DEBUG | app.repos.application_repository | company name after refresh: Company 14
2026-06-20 09:33:16,442 | DEBUG | app.services.application_service | Application company ID: 32
2026-06-20 09:33:16,442 | DEBUG | app.services.application_service | Application name attr: Company 14
2026-06-20 09:33:16,442 | DEBUG | app.api.applications | Route result: <app.models.application.Application object at 0x000001D1133B2E10>
2026-06-20 09:33:16,442 | DEBUG | app.api.applications | Route result dictionary: {'_sa_instance_state': <sqlalchemy.orm.state.InstanceState object at 0x000001D11335BCB0>, 'status': <ApplicationStatus.APPLIED: 'applied'>, 'created_at': datetime.datetime(2026, 6, 20, 7, 33, 16, 437602, tzinfo=zoneinfo.ZoneInfo(key='Africa/Johannesburg')), 'deadline': None, 'notes': None, 'company_id': 32, 'role': 'Developer', 'id': 32, 'location': None, 'job_url': None, 'updated_at': datetime.datetime(2026, 6, 20, 7, 33, 16, 437602, tzinfo=zoneinfo.ZoneInfo(key='Africa/Johannesburg')), 'follow_up_date': None, 'user_id': 3, 'company': <app.models.company.Company object at 0x000001D1133DF090>}
2026-06-20 09:33:16,442 | DEBUG | app.api.applications | Route company: <app.models.company.Company object at 0x000001D1133DF090>
2026-06-20 09:33:16,442 | DEBUG | app.api.applications | Route company_name: Company 14
2026-06-20 09:33:16,459 | DEBUG | app.repos.application_repository | Base count: 15
2026-06-20 09:33:16,459 | DEBUG | app.repos.application_repository | Final result count: 10
2026-06-20 09:33:16,467 | DEBUG | app.repos.application_repository | Final results: ['Company 14', 'Company 13', 'Company 12', 'Company 11', 'Company 10', 'Company 9', 'Company 8', 'Company 7', 'Company 6', 'Company 5']
2026-06-20 09:33:17,249 | DEBUG | app.services.application_service | Company Name: Google
2026-06-20 09:33:17,254 | DEBUG | app.services.application_service | Company Found: None
2026-06-20 09:33:17,254 | DEBUG | app.services.application_service | company CREATED: ID is 33, name=Google
2026-06-20 09:33:17,254 | DEBUG | app.services.application_service | FINAL APPLICATION DATA: {'role': 'Back-End Engineer', 'status': <ApplicationStatus.APPLIED: 'applied'>, 'location': None, 'job_url': None, 'notes': None, 'company_id': 33, 'user_id': 4}
2026-06-20 09:33:17,254 | DEBUG | app.repos.application_repository | Repository application before add: <app.models.application.Application object at 0x000001D112EE46D0>
2026-06-20 09:33:17,254 | DEBUG | app.repos.application_repository | has company_name property: False
2026-06-20 09:33:17,254 | DEBUG | app.repos.application_repository | Repository application after refresh: <app.models.application.Application object at 0x000001D112EE46D0>
2026-06-20 09:33:17,267 | DEBUG | app.repos.application_repository | Company relation refresh after refresh: <app.models.company.Company object at 0x000001D1133B1CD0>
2026-06-20 09:33:17,269 | DEBUG | app.repos.application_repository | company name after refresh: Google
2026-06-20 09:33:17,269 | DEBUG | app.services.application_service | Application company ID: 33
2026-06-20 09:33:17,269 | DEBUG | app.services.application_service | Application name attr: Google
2026-06-20 09:33:17,269 | DEBUG | app.api.applications | Route result: <app.models.application.Application object at 0x000001D112EE46D0>
2026-06-20 09:33:17,269 | DEBUG | app.api.applications | Route result dictionary: {'_sa_instance_state': <sqlalchemy.orm.state.InstanceState object at 0x000001D11324EA50>, 'status': <ApplicationStatus.APPLIED: 'applied'>, 'created_at': datetime.datetime(2026, 6, 20, 7, 33, 17, 254837, tzinfo=zoneinfo.ZoneInfo(key='Africa/Johannesburg')), 'deadline': None, 'notes': None, 'company_id': 33, 'role': 'Back-End Engineer', 'id': 33, 'location': None, 'job_url': None, 'updated_at': datetime.datetime(2026, 6, 20, 7, 33, 17, 254837, tzinfo=zoneinfo.ZoneInfo(key='Africa/Johannesburg')), 'follow_up_date': None, 'user_id': 4, 'company': <app.models.company.Company object at 0x000001D1133B1CD0>}
2026-06-20 09:33:17,270 | DEBUG | app.api.applications | Route company: <app.models.company.Company object at 0x000001D1133B1CD0>
2026-06-20 09:33:17,270 | DEBUG | app.api.applications | Route company_name: Google
2026-06-20 09:33:17,283 | DEBUG | app.services.application_service | Company Name: Rock Star Games
2026-06-20 09:33:17,286 | DEBUG | app.services.application_service | Company Found: None
2026-06-20 09:33:17,286 | DEBUG | app.services.application_service | company CREATED: ID is 34, name=Rock Star Games
2026-06-20 09:33:17,286 | DEBUG | app.services.application_service | FINAL APPLICATION DATA: {'role': 'Game Developer', 'status': <ApplicationStatus.APPLIED: 'applied'>, 'location': None, 'job_url': None, 'notes': None, 'company_id': 34, 'user_id': 4}
2026-06-20 09:33:17,286 | DEBUG | app.repos.application_repository | Repository application before add: <app.models.application.Application object at 0x000001D113363190>
2026-06-20 09:33:17,286 | DEBUG | app.repos.application_repository | has company_name property: False
2026-06-20 09:33:17,286 | DEBUG | app.repos.application_repository | Repository application after refresh: <app.models.application.Application object at 0x000001D113363190>
2026-06-20 09:33:17,299 | DEBUG | app.repos.application_repository | Company relation refresh after refresh: <app.models.company.Company object at 0x000001D113363D50>
2026-06-20 09:33:17,299 | DEBUG | app.repos.application_repository | company name after refresh: Rock Star Games
2026-06-20 09:33:17,299 | DEBUG | app.services.application_service | Application company ID: 34
2026-06-20 09:33:17,301 | DEBUG | app.services.application_service | Application name attr: Rock Star Games
2026-06-20 09:33:17,301 | DEBUG | app.api.applications | Route result: <app.models.application.Application object at 0x000001D113363190>
2026-06-20 09:33:17,301 | DEBUG | app.api.applications | Route result dictionary: {'_sa_instance_state': <sqlalchemy.orm.state.InstanceState object at 0x000001D11324EE10>, 'status': <ApplicationStatus.APPLIED: 'applied'>, 'created_at': datetime.datetime(2026, 6, 20, 7, 33, 17, 286816, tzinfo=zoneinfo.ZoneInfo(key='Africa/Johannesburg')), 'deadline': None, 'notes': None, 'company_id': 34, 'role': 'Game Developer', 'id': 34, 'location': None, 'job_url': None, 'updated_at': datetime.datetime(2026, 6, 20, 7, 33, 17, 286816, tzinfo=zoneinfo.ZoneInfo(key='Africa/Johannesburg')), 'follow_up_date': None, 'user_id': 4, 'company': <app.models.company.Company object at 0x000001D113363D50>}
2026-06-20 09:33:17,301 | DEBUG | app.api.applications | Route company: <app.models.company.Company object at 0x000001D113363D50>
2026-06-20 09:33:17,301 | DEBUG | app.api.applications | Route company_name: Rock Star Games
2026-06-20 09:33:17,315 | DEBUG | app.services.application_service | Company Name: Meta
2026-06-20 09:33:17,317 | DEBUG | app.services.application_service | Company Found: None
2026-06-20 09:33:17,323 | DEBUG | app.services.application_service | company CREATED: ID is 35, name=Meta
2026-06-20 09:33:17,323 | DEBUG | app.services.application_service | FINAL APPLICATION DATA: {'role': 'Marketing Manager', 'status': <ApplicationStatus.WISHLIST: 'wishlist'>, 'location': None, 'job_url': None, 'notes': None, 'company_id': 35, 'user_id': 4}
2026-06-20 09:33:17,323 | DEBUG | app.repos.application_repository | Repository application before add: <app.models.application.Application object at 0x000001D1133B1E50>
2026-06-20 09:33:17,323 | DEBUG | app.repos.application_repository | has company_name property: False
2026-06-20 09:33:17,329 | DEBUG | app.repos.application_repository | Repository application after refresh: <app.models.application.Application object at 0x000001D1133B1E50>
2026-06-20 09:33:17,333 | DEBUG | app.repos.application_repository | Company relation refresh after refresh: <app.models.company.Company object at 0x000001D1133B3E10>
2026-06-20 09:33:17,333 | DEBUG | app.repos.application_repository | company name after refresh: Meta
2026-06-20 09:33:17,333 | DEBUG | app.services.application_service | Application company ID: 35
2026-06-20 09:33:17,333 | DEBUG | app.services.application_service | Application name attr: Meta
2026-06-20 09:33:17,333 | DEBUG | app.api.applications | Route result: <app.models.application.Application object at 0x000001D1133B1E50>
2026-06-20 09:33:17,333 | DEBUG | app.api.applications | Route result dictionary: {'_sa_instance_state': <sqlalchemy.orm.state.InstanceState object at 0x000001D113359850>, 'status': <ApplicationStatus.WISHLIST: 'wishlist'>, 'created_at': datetime.datetime(2026, 6, 20, 7, 33, 17, 325941, tzinfo=zoneinfo.ZoneInfo(key='Africa/Johannesburg')), 'deadline': None, 'notes': None, 'company_id': 35, 'role': 'Marketing Manager', 'id': 35, 'location': None, 'job_url': None, 'updated_at': datetime.datetime(2026, 6, 20, 7, 33, 17, 325941, tzinfo=zoneinfo.ZoneInfo(key='Africa/Johannesburg')), 'follow_up_date': None, 'user_id': 4, 'company': <app.models.company.Company object at 0x000001D1133B3E10>}
2026-06-20 09:33:17,333 | DEBUG | app.api.applications | Route company: <app.models.company.Company object at 0x000001D1133B3E10>
2026-06-20 09:33:17,333 | DEBUG | app.api.applications | Route company_name: Meta
2026-06-20 09:33:17,352 | DEBUG | app.repos.application_repository | Base count: 3
2026-06-20 09:33:17,355 | DEBUG | app.repos.application_repository | After status filter count: 2
2026-06-20 09:33:17,355 | DEBUG | app.repos.application_repository | Final result count: 2
2026-06-20 09:33:17,355 | DEBUG | app.repos.application_repository | Final results: ['Rock Star Games', 'Google']
2026-06-20 09:33:18,103 | DEBUG | app.services.application_service | Company Name: Apple iOS
2026-06-20 09:33:18,104 | DEBUG | app.services.application_service | Company Found: None
2026-06-20 09:33:18,108 | DEBUG | app.services.application_service | company CREATED: ID is 36, name=Apple iOS
2026-06-20 09:33:18,108 | DEBUG | app.services.application_service | FINAL APPLICATION DATA: {'role': 'Developer', 'status': <ApplicationStatus.APPLIED: 'applied'>, 'location': None, 'job_url': None, 'notes': None, 'company_id': 36, 'user_id': 5}
2026-06-20 09:33:18,108 | DEBUG | app.repos.application_repository | Repository application before add: <app.models.application.Application object at 0x000001D1133DF9D0>
2026-06-20 09:33:18,108 | DEBUG | app.repos.application_repository | has company_name property: False
2026-06-20 09:33:18,113 | DEBUG | app.repos.application_repository | Repository application after refresh: <app.models.application.Application object at 0x000001D1133DF9D0>
2026-06-20 09:33:18,118 | DEBUG | app.repos.application_repository | Company relation refresh after refresh: <app.models.company.Company object at 0x000001D1133DEF90>
2026-06-20 09:33:18,118 | DEBUG | app.repos.application_repository | company name after refresh: Apple iOS
2026-06-20 09:33:18,118 | DEBUG | app.services.application_service | Application company ID: 36
2026-06-20 09:33:18,120 | DEBUG | app.services.application_service | Application name attr: Apple iOS
2026-06-20 09:33:18,120 | DEBUG | app.api.applications | Route result: <app.models.application.Application object at 0x000001D1133DF9D0>
2026-06-20 09:33:18,120 | DEBUG | app.api.applications | Route result dictionary: {'_sa_instance_state': <sqlalchemy.orm.state.InstanceState object at 0x000001D11324E150>, 'status': <ApplicationStatus.APPLIED: 'applied'>, 'created_at': datetime.datetime(2026, 6, 20, 7, 33, 18, 108313, tzinfo=zoneinfo.ZoneInfo(key='Africa/Johannesburg')), 'deadline': None, 'notes': None, 'company_id': 36, 'role': 'Developer', 'id': 36, 'location': None, 'job_url': None, 'updated_at': datetime.datetime(2026, 6, 20, 7, 33, 18, 108313, tzinfo=zoneinfo.ZoneInfo(key='Africa/Johannesburg')), 'follow_up_date': None, 'user_id': 5, 'company': <app.models.company.Company object at 0x000001D1133DEF90>}
2026-06-20 09:33:18,120 | DEBUG | app.api.applications | Route company: <app.models.company.Company object at 0x000001D1133DEF90>
2026-06-20 09:33:18,120 | DEBUG | app.api.applications | Route company_name: Apple iOS
2026-06-20 09:33:20,151 | DEBUG | app.services.application_service | Company Name: Google
2026-06-20 09:33:20,151 | DEBUG | app.services.application_service | Company Found: None
2026-06-20 09:33:20,167 | DEBUG | app.services.application_service | company CREATED: ID is 37, name=Google
2026-06-20 09:33:20,167 | DEBUG | app.services.application_service | FINAL APPLICATION DATA: {'role': 'Developer', 'status': <ApplicationStatus.WISHLIST: 'wishlist'>, 'location': None, 'job_url': None, 'notes': None, 'company_id': 37, 'user_id': 5}
2026-06-20 09:33:20,167 | DEBUG | app.repos.application_repository | Repository application before add: <app.models.application.Application object at 0x000001D1133DD610>
2026-06-20 09:33:20,167 | DEBUG | app.repos.application_repository | has company_name property: False
2026-06-20 09:33:20,181 | DEBUG | app.repos.application_repository | Repository application after refresh: <app.models.application.Application object at 0x000001D1133DD610>
2026-06-20 09:33:20,184 | DEBUG | app.repos.application_repository | Company relation refresh after refresh: <app.models.company.Company object at 0x000001D1133FF8D0>
2026-06-20 09:33:20,184 | DEBUG | app.repos.application_repository | company name after refresh: Google
2026-06-20 09:33:20,184 | DEBUG | app.services.application_service | Application company ID: 37
2026-06-20 09:33:20,184 | DEBUG | app.services.application_service | Application name attr: Google
2026-06-20 09:33:20,184 | DEBUG | app.api.applications | Route result: <app.models.application.Application object at 0x000001D1133DD610>
2026-06-20 09:33:20,184 | DEBUG | app.api.applications | Route result dictionary: {'_sa_instance_state': <sqlalchemy.orm.state.InstanceState object at 0x000001D113358290>, 'status': <ApplicationStatus.WISHLIST: 'wishlist'>, 'created_at': datetime.datetime(2026, 6, 20, 7, 33, 20, 167666, tzinfo=zoneinfo.ZoneInfo(key='Africa/Johannesburg')), 'deadline': None, 'notes': None, 'company_id': 37, 'role': 'Developer', 'id': 37, 'location': None, 'job_url': None, 'updated_at': datetime.datetime(2026, 6, 20, 7, 33, 20, 167666, tzinfo=zoneinfo.ZoneInfo(key='Africa/Johannesburg')), 'follow_up_date': None, 'user_id': 5, 'company': <app.models.company.Company object at 0x000001D1133FF8D0>}
2026-06-20 09:33:20,184 | DEBUG | app.api.applications | Route company: <app.models.company.Company object at 0x000001D1133FF8D0>
2026-06-20 09:33:20,184 | DEBUG | app.api.applications | Route company_name: Google
2026-06-20 09:33:20,232 | DEBUG | app.repos.application_repository | Base count: 2
2026-06-20 09:33:20,234 | DEBUG | app.repos.application_repository | Final result count: 2
2026-06-20 09:33:20,245 | DEBUG | app.repos.application_repository | Final results: ['Google', 'Apple iOS']
2026-06-20 09:33:21,001 | DEBUG | app.services.application_service | Company Name: Google
2026-06-20 09:33:21,001 | DEBUG | app.services.application_service | Company Found: None
2026-06-20 09:33:21,006 | DEBUG | app.services.application_service | company CREATED: ID is 38, name=Google
2026-06-20 09:33:21,006 | DEBUG | app.services.application_service | FINAL APPLICATION DATA: {'role': 'Software Developer', 'status': <ApplicationStatus.APPLIED: 'applied'>, 'location': 'Remote', 'job_url': 'https://example.com/job', 'notes': 'Dream job', 'company_id': 38, 'user_id': 6}
2026-06-20 09:33:21,006 | DEBUG | app.repos.application_repository | Repository application before add: <app.models.application.Application object at 0x000001D1133B1110>
2026-06-20 09:33:21,006 | DEBUG | app.repos.application_repository | has company_name property: False
2026-06-20 09:33:21,009 | DEBUG | app.repos.application_repository | Repository application after refresh: <app.models.application.Application object at 0x000001D1133B1110>
2026-06-20 09:33:21,016 | DEBUG | app.repos.application_repository | Company relation refresh after refresh: <app.models.company.Company object at 0x000001D1133B3B10>
2026-06-20 09:33:21,016 | DEBUG | app.repos.application_repository | company name after refresh: Google
2026-06-20 09:33:21,016 | DEBUG | app.services.application_service | Application company ID: 38
2026-06-20 09:33:21,016 | DEBUG | app.services.application_service | Application name attr: Google
2026-06-20 09:33:21,016 | DEBUG | app.api.applications | Route result: <app.models.application.Application object at 0x000001D1133B1110>
2026-06-20 09:33:21,018 | DEBUG | app.api.applications | Route result dictionary: {'_sa_instance_state': <sqlalchemy.orm.state.InstanceState object at 0x000001D11335BC50>, 'status': <ApplicationStatus.APPLIED: 'applied'>, 'created_at': datetime.datetime(2026, 6, 20, 7, 33, 21, 9999, tzinfo=zoneinfo.ZoneInfo(key='Africa/Johannesburg')), 'deadline': None, 'notes': 'Dream job', 'company_id': 38, 'role': 'Software Developer', 'id': 38, 'location': 'Remote', 'job_url': 'https://example.com/job', 'updated_at': datetime.datetime(2026, 6, 20, 7, 33, 21, 9999, tzinfo=zoneinfo.ZoneInfo(key='Africa/Johannesburg')), 'follow_up_date': None, 'user_id': 6, 'company': <app.models.company.Company object at 0x000001D1133B3B10>}
2026-06-20 09:33:21,018 | DEBUG | app.api.applications | Route company: <app.models.company.Company object at 0x000001D1133B3B10>
2026-06-20 09:33:21,018 | DEBUG | app.api.applications | Route company_name: Google
2026-06-20 09:33:21,733 | DEBUG | app.services.application_service | Company Name: Microsoft
2026-06-20 09:33:21,736 | DEBUG | app.services.application_service | Company Found: None
2026-06-20 09:33:21,738 | DEBUG | app.services.application_service | company CREATED: ID is 39, name=Microsoft
2026-06-20 09:33:21,738 | DEBUG | app.services.application_service | FINAL APPLICATION DATA: {'role': 'Data Scientist', 'status': <ApplicationStatus.OFFER: 'offer'>, 'location': None, 'job_url': None, 'notes': None, 'company_id': 39, 'user_id': 7}
2026-06-20 09:33:21,738 | DEBUG | app.repos.application_repository | Repository application before add: <app.models.application.Application object at 0x000001D1133C4BD0>
2026-06-20 09:33:21,738 | DEBUG | app.repos.application_repository | has company_name property: False
2026-06-20 09:33:21,738 | DEBUG | app.repos.application_repository | Repository application after refresh: <app.models.application.Application object at 0x000001D1133C4BD0>
2026-06-20 09:33:21,738 | DEBUG | app.repos.application_repository | Company relation refresh after refresh: <app.models.company.Company object at 0x000001D113410410>
2026-06-20 09:33:21,738 | DEBUG | app.repos.application_repository | company name after refresh: Microsoft
2026-06-20 09:33:21,738 | DEBUG | app.services.application_service | Application company ID: 39
2026-06-20 09:33:21,738 | DEBUG | app.services.application_service | Application name attr: Microsoft
2026-06-20 09:33:21,738 | DEBUG | app.api.applications | Route result: <app.models.application.Application object at 0x000001D1133C4BD0>
2026-06-20 09:33:21,738 | DEBUG | app.api.applications | Route result dictionary: {'_sa_instance_state': <sqlalchemy.orm.state.InstanceState object at 0x000001D113358290>, 'status': <ApplicationStatus.OFFER: 'offer'>, 'created_at': datetime.datetime(2026, 6, 20, 7, 33, 21, 738501, tzinfo=zoneinfo.ZoneInfo(key='Africa/Johannesburg')), 'deadline': None, 'notes': None, 'company_id': 39, 'role': 'Data Scientist', 'id': 39, 'location': None, 'job_url': None, 'updated_at': datetime.datetime(2026, 6, 20, 7, 33, 21, 738501, tzinfo=zoneinfo.ZoneInfo(key='Africa/Johannesburg')), 'follow_up_date': None, 'user_id': 7, 'company': <app.models.company.Company object at 0x000001D113410410>}
2026-06-20 09:33:21,738 | DEBUG | app.api.applications | Route company: <app.models.company.Company object at 0x000001D113410410>
2026-06-20 09:33:21,738 | DEBUG | app.api.applications | Route company_name: Microsoft
2026-06-20 09:33:21,770 | DEBUG | app.repos.application_repository | Base count: 1
2026-06-20 09:33:21,770 | DEBUG | app.repos.application_repository | Final result count: 1
2026-06-20 09:33:21,770 | DEBUG | app.repos.application_repository | Final results: ['Microsoft']
2026-06-20 09:33:22,498 | DEBUG | app.services.application_service | Company Name: Amazon AWS
2026-06-20 09:33:22,498 | DEBUG | app.services.application_service | Company Found: None
2026-06-20 09:33:22,498 | DEBUG | app.services.application_service | company CREATED: ID is 40, name=Amazon AWS
2026-06-20 09:33:22,498 | DEBUG | app.services.application_service | FINAL APPLICATION DATA: {'role': 'Cloud Engineer', 'status': <ApplicationStatus.APPLIED: 'applied'>, 'location': None, 'job_url': None, 'notes': None, 'company_id': 40, 'user_id': 8}
2026-06-20 09:33:22,498 | DEBUG | app.repos.application_repository | Repository application before add: <app.models.application.Application object at 0x000001D1133C5410>
2026-06-20 09:33:22,498 | DEBUG | app.repos.application_repository | has company_name property: False
2026-06-20 09:33:22,514 | DEBUG | app.repos.application_repository | Repository application after refresh: <app.models.application.Application object at 0x000001D1133C5410>
2026-06-20 09:33:22,514 | DEBUG | app.repos.application_repository | Company relation refresh after refresh: <app.models.company.Company object at 0x000001D1133C60D0>
2026-06-20 09:33:22,514 | DEBUG | app.repos.application_repository | company name after refresh: Amazon AWS
2026-06-20 09:33:22,514 | DEBUG | app.services.application_service | Application company ID: 40
2026-06-20 09:33:22,514 | DEBUG | app.services.application_service | Application name attr: Amazon AWS
2026-06-20 09:33:22,514 | DEBUG | app.api.applications | Route result: <app.models.application.Application object at 0x000001D1133C5410>
2026-06-20 09:33:22,514 | DEBUG | app.api.applications | Route result dictionary: {'_sa_instance_state': <sqlalchemy.orm.state.InstanceState object at 0x000001D11335B590>, 'status': <ApplicationStatus.APPLIED: 'applied'>, 'created_at': datetime.datetime(2026, 6, 20, 7, 33, 22, 498613, tzinfo=zoneinfo.ZoneInfo(key='Africa/Johannesburg')), 'deadline': None, 'notes': None, 'company_id': 40, 'role': 'Cloud Engineer', 'id': 40, 'location': None, 'job_url': None, 'updated_at': datetime.datetime(2026, 6, 20, 7, 33, 22, 498613, tzinfo=zoneinfo.ZoneInfo(key='Africa/Johannesburg')), 'follow_up_date': None, 'user_id': 8, 'company': <app.models.company.Company object at 0x000001D1133C60D0>}
2026-06-20 09:33:22,514 | DEBUG | app.api.applications | Route company: <app.models.company.Company object at 0x000001D1133C60D0>
2026-06-20 09:33:22,514 | DEBUG | app.api.applications | Route company_name: Amazon AWS
2026-06-20 09:33:22,539 | DEBUG | app.repos.application_repository | Get by user and id result: <app.models.application.Application object at 0x000001D11342A890>
2026-06-20 09:33:23,241 | DEBUG | app.services.application_service | Company Name: Oracle
2026-06-20 09:33:23,257 | DEBUG | app.services.application_service | Company Found: None
2026-06-20 09:33:23,262 | DEBUG | app.services.application_service | company CREATED: ID is 41, name=Oracle
2026-06-20 09:33:23,263 | DEBUG | app.services.application_service | FINAL APPLICATION DATA: {'role': 'Database Manager', 'status': <ApplicationStatus.WISHLIST: 'wishlist'>, 'location': None, 'job_url': None, 'notes': None, 'company_id': 41, 'user_id': 9}
2026-06-20 09:33:23,263 | DEBUG | app.repos.application_repository | Repository application before add: <app.models.application.Application object at 0x000001D113363E50>
2026-06-20 09:33:23,263 | DEBUG | app.repos.application_repository | has company_name property: False
2026-06-20 09:33:23,263 | DEBUG | app.repos.application_repository | Repository application after refresh: <app.models.application.Application object at 0x000001D113363E50>
2026-06-20 09:33:23,263 | DEBUG | app.repos.application_repository | Company relation refresh after refresh: <app.models.company.Company object at 0x000001D1133FE510>
2026-06-20 09:33:23,263 | DEBUG | app.repos.application_repository | company name after refresh: Oracle
2026-06-20 09:33:23,263 | DEBUG | app.services.application_service | Application company ID: 41
2026-06-20 09:33:23,263 | DEBUG | app.services.application_service | Application name attr: Oracle
2026-06-20 09:33:23,263 | DEBUG | app.api.applications | Route result: <app.models.application.Application object at 0x000001D113363E50>
2026-06-20 09:33:23,263 | DEBUG | app.api.applications | Route result dictionary: {'_sa_instance_state': <sqlalchemy.orm.state.InstanceState object at 0x000001D1133F0CB0>, 'status': <ApplicationStatus.WISHLIST: 'wishlist'>, 'created_at': datetime.datetime(2026, 6, 20, 7, 33, 23, 263915, tzinfo=zoneinfo.ZoneInfo(key='Africa/Johannesburg')), 'deadline': None, 'notes': None, 'company_id': 41, 'role': 'Database Manager', 'id': 41, 'location': None, 'job_url': None, 'updated_at': datetime.datetime(2026, 6, 20, 7, 33, 23, 263915, tzinfo=zoneinfo.ZoneInfo(key='Africa/Johannesburg')), 'follow_up_date': None, 'user_id': 9, 'company': <app.models.company.Company object at 0x000001D1133FE510>}
2026-06-20 09:33:23,263 | DEBUG | app.api.applications | Route company: <app.models.company.Company object at 0x000001D1133FE510>
2026-06-20 09:33:23,263 | DEBUG | app.api.applications | Route company_name: Oracle
2026-06-20 09:33:23,291 | DEBUG | app.repos.application_repository | Get by user and id result: <app.models.application.Application object at 0x000001D113425B50>
2026-06-20 09:33:24,009 | DEBUG | app.services.application_service | Company Name: Codecademy
2026-06-20 09:33:24,012 | DEBUG | app.services.application_service | Company Found: None
2026-06-20 09:33:24,012 | DEBUG | app.services.application_service | company CREATED: ID is 42, name=Codecademy
2026-06-20 09:33:24,012 | DEBUG | app.services.application_service | FINAL APPLICATION DATA: {'role': 'Full-Stack Engineer', 'status': <ApplicationStatus.APPLIED: 'applied'>, 'location': None, 'job_url': None, 'notes': None, 'company_id': 42, 'user_id': 10}
2026-06-20 09:33:24,012 | DEBUG | app.repos.application_repository | Repository application before add: <app.models.application.Application object at 0x000001D1133A7BD0>
2026-06-20 09:33:24,012 | DEBUG | app.repos.application_repository | has company_name property: False
2026-06-20 09:33:24,025 | DEBUG | app.repos.application_repository | Repository application after refresh: <app.models.application.Application object at 0x000001D1133A7BD0>
2026-06-20 09:33:24,028 | DEBUG | app.repos.application_repository | Company relation refresh after refresh: <app.models.company.Company object at 0x000001D11342B390>
2026-06-20 09:33:24,028 | DEBUG | app.repos.application_repository | company name after refresh: Codecademy
2026-06-20 09:33:24,028 | DEBUG | app.services.application_service | Application company ID: 42
2026-06-20 09:33:24,028 | DEBUG | app.services.application_service | Application name attr: Codecademy
2026-06-20 09:33:24,028 | DEBUG | app.api.applications | Route result: <app.models.application.Application object at 0x000001D1133A7BD0>
2026-06-20 09:33:24,028 | DEBUG | app.api.applications | Route result dictionary: {'_sa_instance_state': <sqlalchemy.orm.state.InstanceState object at 0x000001D1133F1490>, 'status': <ApplicationStatus.APPLIED: 'applied'>, 'created_at': datetime.datetime(2026, 6, 20, 7, 33, 24, 12815, tzinfo=zoneinfo.ZoneInfo(key='Africa/Johannesburg')), 'deadline': None, 'notes': None, 'company_id': 42, 'role': 'Full-Stack Engineer', 'id': 42, 'location': None, 'job_url': None, 'updated_at': datetime.datetime(2026, 6, 20, 7, 33, 24, 12815, tzinfo=zoneinfo.ZoneInfo(key='Africa/Johannesburg')), 'follow_up_date': None, 'user_id': 10, 'company': <app.models.company.Company object at 0x000001D11342B390>}
2026-06-20 09:33:24,028 | DEBUG | app.api.applications | Route company: <app.models.company.Company object at 0x000001D11342B390>
2026-06-20 09:33:24,028 | DEBUG | app.api.applications | Route company_name: Codecademy
2026-06-20 09:33:24,045 | DEBUG | app.api.applications | Route application_id=42, current_user_id: 10
2026-06-20 09:33:24,045 | DEBUG | app.repos.application_repository | Get by user and id result: None
2026-06-20 09:33:24,045 | DEBUG | app.services.application_service | Application found for delete: None
2026-06-20 09:33:24,045 | DEBUG | app.services.application_service | DELETE FAILED: application not found
2026-06-20 09:33:28,438 | DEBUG | app.services.application_service | Company Name: Test Company
2026-06-20 09:33:28,438 | DEBUG | app.services.application_service | Company Found: None
2026-06-20 09:33:28,438 | DEBUG | app.services.application_service | company CREATED: ID is 43, name=Test Company
2026-06-20 09:33:28,438 | DEBUG | app.services.application_service | FINAL APPLICATION DATA: {'role': 'Developer', 'status': <ApplicationStatus.WISHLIST: 'wishlist'>, 'location': None, 'job_url': None, 'notes': None, 'company_id': 43, 'user_id': 16}
2026-06-20 09:33:28,438 | DEBUG | app.repos.application_repository | Repository application before add: <app.models.application.Application object at 0x000001D112ED5A90>
2026-06-20 09:33:28,438 | DEBUG | app.repos.application_repository | has company_name property: False
2026-06-20 09:33:28,452 | DEBUG | app.repos.application_repository | Repository application after refresh: <app.models.application.Application object at 0x000001D112ED5A90>
2026-06-20 09:33:28,452 | DEBUG | app.repos.application_repository | Company relation refresh after refresh: <app.models.company.Company object at 0x000001D1133A5790>
2026-06-20 09:33:28,452 | DEBUG | app.repos.application_repository | company name after refresh: Test Company
2026-06-20 09:33:28,452 | DEBUG | app.services.application_service | Application company ID: 43
2026-06-20 09:33:28,452 | DEBUG | app.services.application_service | Application name attr: Test Company
2026-06-20 09:33:28,452 | DEBUG | app.api.applications | Route result: <app.models.application.Application object at 0x000001D112ED5A90>
2026-06-20 09:33:28,452 | DEBUG | app.api.applications | Route result dictionary: {'_sa_instance_state': <sqlalchemy.orm.state.InstanceState object at 0x000001D1133F10D0>, 'status': <ApplicationStatus.WISHLIST: 'wishlist'>, 'created_at': datetime.datetime(2026, 6, 20, 7, 33, 28, 438451, tzinfo=zoneinfo.ZoneInfo(key='Africa/Johannesburg')), 'deadline': None, 'notes': None, 'company_id': 43, 'role': 'Developer', 'id': 43, 'location': None, 'job_url': None, 'updated_at': datetime.datetime(2026, 6, 20, 7, 33, 28, 438451, tzinfo=zoneinfo.ZoneInfo(key='Africa/Johannesburg')), 'follow_up_date': None, 'user_id': 16, 'company': <app.models.company.Company object at 0x000001D1133A5790>}
2026-06-20 09:33:28,452 | DEBUG | app.api.applications | Route company: <app.models.company.Company object at 0x000001D1133A5790>
2026-06-20 09:33:28,457 | DEBUG | app.api.applications | Route company_name: Test Company
2026-06-20 09:33:28,472 | DEBUG | app.services.application_service | Company Name: Test Company
2026-06-20 09:33:28,472 | DEBUG | app.services.application_service | Company Found: <app.models.company.Company object at 0x000001D1134C7790>
2026-06-20 09:33:28,472 | DEBUG | app.services.application_service | FINAL APPLICATION DATA: {'role': 'Developer', 'status': <ApplicationStatus.APPLIED: 'applied'>, 'location': None, 'job_url': None, 'notes': None, 'company_id': 43, 'user_id': 16}
2026-06-20 09:33:28,472 | DEBUG | app.repos.application_repository | Repository application before add: <app.models.application.Application object at 0x000001D113420590>
2026-06-20 09:33:28,472 | DEBUG | app.repos.application_repository | has company_name property: False
2026-06-20 09:33:28,472 | DEBUG | app.repos.application_repository | Repository application after refresh: <app.models.application.Application object at 0x000001D113420590>
2026-06-20 09:33:28,472 | DEBUG | app.repos.application_repository | Company relation refresh after refresh: <app.models.company.Company object at 0x000001D1134C7790>
2026-06-20 09:33:28,472 | DEBUG | app.repos.application_repository | company name after refresh: Test Company
2026-06-20 09:33:28,472 | DEBUG | app.services.application_service | Application company ID: 43
2026-06-20 09:33:28,472 | DEBUG | app.services.application_service | Application name attr: Test Company
2026-06-20 09:33:28,472 | DEBUG | app.api.applications | Route result: <app.models.application.Application object at 0x000001D113420590>
2026-06-20 09:33:28,472 | DEBUG | app.api.applications | Route result dictionary: {'_sa_instance_state': <sqlalchemy.orm.state.InstanceState object at 0x000001D1133F2630>, 'status': <ApplicationStatus.APPLIED: 'applied'>, 'created_at': datetime.datetime(2026, 6, 20, 7, 33, 28, 472752, tzinfo=zoneinfo.ZoneInfo(key='Africa/Johannesburg')), 'deadline': None, 'notes': None, 'company_id': 43, 'role': 'Developer', 'id': 44, 'location': None, 'job_url': None, 'updated_at': datetime.datetime(2026, 6, 20, 7, 33, 28, 472752, tzinfo=zoneinfo.ZoneInfo(key='Africa/Johannesburg')), 'follow_up_date': None, 'user_id': 16, 'company': <app.models.company.Company object at 0x000001D1134C7790>}
2026-06-20 09:33:28,472 | DEBUG | app.api.applications | Route company: <app.models.company.Company object at 0x000001D1134C7790>
2026-06-20 09:33:28,472 | DEBUG | app.api.applications | Route company_name: Test Company
2026-06-20 09:33:28,496 | DEBUG | app.services.application_service | Company Name: Test Company
2026-06-20 09:33:28,499 | DEBUG | app.services.application_service | Company Found: <app.models.company.Company object at 0x000001D1134E1350>
2026-06-20 09:33:28,499 | DEBUG | app.services.application_service | FINAL APPLICATION DATA: {'role': 'Developer', 'status': <ApplicationStatus.INTERVIEW: 'interview'>, 'location': None, 'job_url': None, 'notes': None, 'company_id': 43, 'user_id': 16}
2026-06-20 09:33:28,499 | DEBUG | app.repos.application_repository | Repository application before add: <app.models.application.Application object at 0x000001D1134C4F50>
2026-06-20 09:33:28,499 | DEBUG | app.repos.application_repository | has company_name property: False
2026-06-20 09:33:28,499 | DEBUG | app.repos.application_repository | Repository application after refresh: <app.models.application.Application object at 0x000001D1134C4F50>
2026-06-20 09:33:28,499 | DEBUG | app.repos.application_repository | Company relation refresh after refresh: <app.models.company.Company object at 0x000001D1134E1350>
2026-06-20 09:33:28,499 | DEBUG | app.repos.application_repository | company name after refresh: Test Company
2026-06-20 09:33:28,499 | DEBUG | app.services.application_service | Application company ID: 43
2026-06-20 09:33:28,499 | DEBUG | app.services.application_service | Application name attr: Test Company
2026-06-20 09:33:28,499 | DEBUG | app.api.applications | Route result: <app.models.application.Application object at 0x000001D1134C4F50>
2026-06-20 09:33:28,499 | DEBUG | app.api.applications | Route result dictionary: {'_sa_instance_state': <sqlalchemy.orm.state.InstanceState object at 0x000001D1133F2810>, 'status': <ApplicationStatus.INTERVIEW: 'interview'>, 'created_at': datetime.datetime(2026, 6, 20, 7, 33, 28, 499847, tzinfo=zoneinfo.ZoneInfo(key='Africa/Johannesburg')), 'deadline': None, 'notes': None, 'company_id': 43, 'role': 'Developer', 'id': 45, 'location': None, 'job_url': None, 'updated_at': datetime.datetime(2026, 6, 20, 7, 33, 28, 499847, tzinfo=zoneinfo.ZoneInfo(key='Africa/Johannesburg')), 'follow_up_date': None, 'user_id': 16, 'company': <app.models.company.Company object at 0x000001D1134E1350>}
2026-06-20 09:33:28,499 | DEBUG | app.api.applications | Route company: <app.models.company.Company object at 0x000001D1134E1350>
2026-06-20 09:33:28,499 | DEBUG | app.api.applications | Route company_name: Test Company
2026-06-20 09:33:28,520 | DEBUG | app.services.application_service | Company Name: Test Company
2026-06-20 09:33:28,520 | DEBUG | app.services.application_service | Company Found: <app.models.company.Company object at 0x000001D1134E2A90>
2026-06-20 09:33:28,520 | DEBUG | app.services.application_service | FINAL APPLICATION DATA: {'role': 'Developer', 'status': <ApplicationStatus.APPLIED: 'applied'>, 'location': None, 'job_url': None, 'notes': None, 'company_id': 43, 'user_id': 16}
2026-06-20 09:33:28,520 | DEBUG | app.repos.application_repository | Repository application before add: <app.models.application.Application object at 0x000001D113424710>
2026-06-20 09:33:28,528 | DEBUG | app.repos.application_repository | has company_name property: False
2026-06-20 09:33:28,531 | DEBUG | app.repos.application_repository | Repository application after refresh: <app.models.application.Application object at 0x000001D113424710>
2026-06-20 09:33:28,535 | DEBUG | app.repos.application_repository | Company relation refresh after refresh: <app.models.company.Company object at 0x000001D1134E2A90>
2026-06-20 09:33:28,535 | DEBUG | app.repos.application_repository | company name after refresh: Test Company
2026-06-20 09:33:28,535 | DEBUG | app.services.application_service | Application company ID: 43
2026-06-20 09:33:28,535 | DEBUG | app.services.application_service | Application name attr: Test Company
2026-06-20 09:33:28,535 | DEBUG | app.api.applications | Route result: <app.models.application.Application object at 0x000001D113424710>
2026-06-20 09:33:28,535 | DEBUG | app.api.applications | Route result dictionary: {'_sa_instance_state': <sqlalchemy.orm.state.InstanceState object at 0x000001D1133F2990>, 'status': <ApplicationStatus.APPLIED: 'applied'>, 'created_at': datetime.datetime(2026, 6, 20, 7, 33, 28, 528198, tzinfo=zoneinfo.ZoneInfo(key='Africa/Johannesburg')), 'deadline': None, 'notes': None, 'company_id': 43, 'role': 'Developer', 'id': 46, 'location': None, 'job_url': None, 'updated_at': datetime.datetime(2026, 6, 20, 7, 33, 28, 528198, tzinfo=zoneinfo.ZoneInfo(key='Africa/Johannesburg')), 'follow_up_date': None, 'user_id': 16, 'company': <app.models.company.Company object at 0x000001D1134E2A90>}
2026-06-20 09:33:28,535 | DEBUG | app.api.applications | Route company: <app.models.company.Company object at 0x000001D1134E2A90>
2026-06-20 09:33:28,535 | DEBUG | app.api.applications | Route company_name: Test Company
2026-06-20 09:33:28,553 | DEBUG | app.services.application_service | Company Name: Test Company
2026-06-20 09:33:28,555 | DEBUG | app.services.application_service | Company Found: <app.models.company.Company object at 0x000001D1134F0310>
2026-06-20 09:33:28,555 | DEBUG | app.services.application_service | FINAL APPLICATION DATA: {'role': 'Developer', 'status': <ApplicationStatus.OFFER: 'offer'>, 'location': None, 'job_url': None, 'notes': None, 'company_id': 43, 'user_id': 16}
2026-06-20 09:33:28,555 | DEBUG | app.repos.application_repository | Repository application before add: <app.models.application.Application object at 0x000001D1134C7D90>
2026-06-20 09:33:28,555 | DEBUG | app.repos.application_repository | has company_name property: False
2026-06-20 09:33:28,557 | DEBUG | app.repos.application_repository | Repository application after refresh: <app.models.application.Application object at 0x000001D1134C7D90>
2026-06-20 09:33:28,563 | DEBUG | app.repos.application_repository | Company relation refresh after refresh: <app.models.company.Company object at 0x000001D1134F0310>
2026-06-20 09:33:28,563 | DEBUG | app.repos.application_repository | company name after refresh: Test Company
2026-06-20 09:33:28,563 | DEBUG | app.services.application_service | Application company ID: 43
2026-06-20 09:33:28,563 | DEBUG | app.services.application_service | Application name attr: Test Company
2026-06-20 09:33:28,563 | DEBUG | app.api.applications | Route result: <app.models.application.Application object at 0x000001D1134C7D90>
2026-06-20 09:33:28,563 | DEBUG | app.api.applications | Route result dictionary: {'_sa_instance_state': <sqlalchemy.orm.state.InstanceState object at 0x000001D1133F28D0>, 'status': <ApplicationStatus.OFFER: 'offer'>, 'created_at': datetime.datetime(2026, 6, 20, 7, 33, 28, 557893, tzinfo=zoneinfo.ZoneInfo(key='Africa/Johannesburg')), 'deadline': None, 'notes': None, 'company_id': 43, 'role': 'Developer', 'id': 47, 'location': None, 'job_url': None, 'updated_at': datetime.datetime(2026, 6, 20, 7, 33, 28, 557893, tzinfo=zoneinfo.ZoneInfo(key='Africa/Johannesburg')), 'follow_up_date': None, 'user_id': 16, 'company': <app.models.company.Company object at 0x000001D1134F0310>}
2026-06-20 09:33:28,563 | DEBUG | app.api.applications | Route company: <app.models.company.Company object at 0x000001D1134F0310>
2026-06-20 09:33:28,563 | DEBUG | app.api.applications | Route company_name: Test Company
2026-06-20 09:33:28,579 | DEBUG | app.services.application_service | Company Name: Test Company
2026-06-20 09:33:28,579 | DEBUG | app.services.application_service | Company Found: <app.models.company.Company object at 0x000001D1134E1490>
2026-06-20 09:33:28,579 | DEBUG | app.services.application_service | FINAL APPLICATION DATA: {'role': 'Developer', 'status': <ApplicationStatus.REJECTED: 'rejected'>, 'location': None, 'job_url': None, 'notes': None, 'company_id': 43, 'user_id': 16}
2026-06-20 09:33:28,579 | DEBUG | app.repos.application_repository | Repository application before add: <app.models.application.Application object at 0x000001D1134115D0>
2026-06-20 09:33:28,579 | DEBUG | app.repos.application_repository | has company_name property: False
2026-06-20 09:33:28,584 | DEBUG | app.repos.application_repository | Repository application after refresh: <app.models.application.Application object at 0x000001D1134115D0>
2026-06-20 09:33:28,591 | DEBUG | app.repos.application_repository | Company relation refresh after refresh: <app.models.company.Company object at 0x000001D1134E1490>
2026-06-20 09:33:28,591 | DEBUG | app.repos.application_repository | company name after refresh: Test Company
2026-06-20 09:33:28,591 | DEBUG | app.services.application_service | Application company ID: 43
2026-06-20 09:33:28,591 | DEBUG | app.services.application_service | Application name attr: Test Company
2026-06-20 09:33:28,591 | DEBUG | app.api.applications | Route result: <app.models.application.Application object at 0x000001D1134115D0>
2026-06-20 09:33:28,591 | DEBUG | app.api.applications | Route result dictionary: {'_sa_instance_state': <sqlalchemy.orm.state.InstanceState object at 0x000001D11324EC90>, 'status': <ApplicationStatus.REJECTED: 'rejected'>, 'created_at': datetime.datetime(2026, 6, 20, 7, 33, 28, 584866, tzinfo=zoneinfo.ZoneInfo(key='Africa/Johannesburg')), 'deadline': None, 'notes': None, 'company_id': 43, 'role': 'Developer', 'id': 48, 'location': None, 'job_url': None, 'updated_at': datetime.datetime(2026, 6, 20, 7, 33, 28, 584866, tzinfo=zoneinfo.ZoneInfo(key='Africa/Johannesburg')), 'follow_up_date': None, 'user_id': 16, 'company': <app.models.company.Company object at 0x000001D1134E1490>}
2026-06-20 09:33:28,591 | DEBUG | app.api.applications | Route company: <app.models.company.Company object at 0x000001D1134E1490>
2026-06-20 09:33:28,591 | DEBUG | app.api.applications | Route company_name: Test Company
2026-06-20 09:33:49,614 | DEBUG | app.services.application_service | Company Name: Codecademy
2026-06-20 09:33:49,631 | DEBUG | app.services.application_service | Company Found: None
2026-06-20 09:33:49,642 | DEBUG | app.services.application_service | company CREATED: ID is 1, name=Codecademy
2026-06-20 09:33:49,642 | DEBUG | app.services.application_service | FINAL APPLICATION DATA: {'role': 'Full-Stack Engineer', 'status': <ApplicationStatus.APPLIED: 'applied'>, 'location': None, 'job_url': None, 'notes': None, 'company_id': 1, 'user_id': 1}
2026-06-20 09:33:49,645 | DEBUG | app.repos.application_repository | Repository application before add: <app.models.application.Application object at 0x000001B6EC2A6450>
2026-06-20 09:33:49,645 | DEBUG | app.repos.application_repository | has company_name property: False
2026-06-20 09:33:49,658 | DEBUG | app.repos.application_repository | Repository application after refresh: <app.models.application.Application object at 0x000001B6EC2A6450>
2026-06-20 09:33:49,663 | DEBUG | app.repos.application_repository | Company relation refresh after refresh: <app.models.company.Company object at 0x000001B6EBE7BAD0>
2026-06-20 09:33:49,663 | DEBUG | app.repos.application_repository | company name after refresh: Codecademy
2026-06-20 09:33:49,663 | DEBUG | app.services.application_service | Application company ID: 1
2026-06-20 09:33:49,663 | DEBUG | app.services.application_service | Application name attr: Codecademy
2026-06-20 09:33:49,663 | DEBUG | app.api.applications | Route result: <app.models.application.Application object at 0x000001B6EC2A6450>
2026-06-20 09:33:49,663 | DEBUG | app.api.applications | Route result dictionary: {'_sa_instance_state': <sqlalchemy.orm.state.InstanceState object at 0x000001B6EC2E8C50>, 'location': None, 'created_at': datetime.datetime(2026, 6, 20, 7, 33, 49, 649701, tzinfo=zoneinfo.ZoneInfo(key='Africa/Johannesburg')), 'deadline': None, 'notes': None, 'company_id': 1, 'role': 'Full-Stack Engineer', 'id': 1, 'status': <ApplicationStatus.APPLIED: 'applied'>, 'job_url': None, 'updated_at': datetime.datetime(2026, 6, 20, 7, 33, 49, 649701, tzinfo=zoneinfo.ZoneInfo(key='Africa/Johannesburg')), 'follow_up_date': None, 'user_id': 1, 'company': <app.models.company.Company object at 0x000001B6EBE7BAD0>}
2026-06-20 09:33:49,663 | DEBUG | app.api.applications | Route company: <app.models.company.Company object at 0x000001B6EBE7BAD0>
2026-06-20 09:33:49,663 | DEBUG | app.api.applications | Route company_name: Codecademy
2026-06-20 09:33:49,680 | DEBUG | app.api.applications | Route application_id=1, current_user_id: 1
2026-06-20 09:33:49,686 | DEBUG | app.repos.application_repository | Get by user and id result: <app.models.application.Application object at 0x000001B6EC31A250>
2026-06-20 09:33:49,686 | DEBUG | app.services.application_service | Application found for delete: <app.models.application.Application object at 0x000001B6EC31A250>
2026-06-20 09:33:49,696 | DEBUG | app.services.application_service | DELETE SUCCESS
2026-06-20 09:33:49,702 | DEBUG | app.repos.application_repository | Get by user and id result: None
2026-06-20 09:34:26,916 | DEBUG | app.services.application_service | Company Name: Google
2026-06-20 09:34:26,924 | DEBUG | app.services.application_service | Company Found: None
2026-06-20 09:34:26,938 | DEBUG | app.services.application_service | company CREATED: ID is 1, name=Google
2026-06-20 09:34:26,938 | DEBUG | app.services.application_service | FINAL APPLICATION DATA: {'role': 'Software Developer', 'status': <ApplicationStatus.APPLIED: 'applied'>, 'location': 'Remote', 'job_url': 'https://example.com/job', 'notes': 'Dream job', 'company_id': 1, 'user_id': 1}
2026-06-20 09:34:26,938 | DEBUG | app.repos.application_repository | Repository application before add: <app.models.application.Application object at 0x0000019E05E5BBD0>
2026-06-20 09:34:26,938 | DEBUG | app.repos.application_repository | has company_name property: False
2026-06-20 09:34:26,955 | DEBUG | app.repos.application_repository | Repository application after refresh: <app.models.application.Application object at 0x0000019E05E5BBD0>
2026-06-20 09:34:26,959 | DEBUG | app.repos.application_repository | Company relation refresh after refresh: <app.models.company.Company object at 0x0000019E05E1C450>
2026-06-20 09:34:26,959 | DEBUG | app.repos.application_repository | company name after refresh: Google
2026-06-20 09:34:26,959 | DEBUG | app.services.application_service | Application company ID: 1
2026-06-20 09:34:26,959 | DEBUG | app.services.application_service | Application name attr: Google
2026-06-20 09:34:26,959 | DEBUG | app.api.applications | Route result: <app.models.application.Application object at 0x0000019E05E5BBD0>
2026-06-20 09:34:26,959 | DEBUG | app.api.applications | Route result dictionary: {'_sa_instance_state': <sqlalchemy.orm.state.InstanceState object at 0x0000019E06269190>, 'location': 'Remote', 'created_at': datetime.datetime(2026, 6, 20, 7, 34, 26, 942388, tzinfo=zoneinfo.ZoneInfo(key='Africa/Johannesburg')), 'deadline': None, 'notes': 'Dream job', 'company_id': 1, 'role': 'Software Developer', 'id': 1, 'status': <ApplicationStatus.APPLIED: 'applied'>, 'job_url': 'https://example.com/job', 'updated_at': datetime.datetime(2026, 6, 20, 7, 34, 26, 942388, tzinfo=zoneinfo.ZoneInfo(key='Africa/Johannesburg')), 'follow_up_date': None, 'user_id': 1, 'company': <app.models.company.Company object at 0x0000019E05E1C450>}
2026-06-20 09:34:26,961 | DEBUG | app.api.applications | Route company: <app.models.company.Company object at 0x0000019E05E1C450>
2026-06-20 09:34:26,961 | DEBUG | app.api.applications | Route company_name: Google
2026-06-20 09:34:27,703 | DEBUG | app.services.application_service | Company Name: Microsoft
2026-06-20 09:34:27,703 | DEBUG | app.services.application_service | Company Found: None
2026-06-20 09:34:27,713 | DEBUG | app.services.application_service | company CREATED: ID is 2, name=Microsoft
2026-06-20 09:34:27,713 | DEBUG | app.services.application_service | FINAL APPLICATION DATA: {'role': 'Data Scientist', 'status': <ApplicationStatus.OFFER: 'offer'>, 'location': None, 'job_url': None, 'notes': None, 'company_id': 2, 'user_id': 2}
2026-06-20 09:34:27,713 | DEBUG | app.repos.application_repository | Repository application before add: <app.models.application.Application object at 0x0000019E05E1C7D0>
2026-06-20 09:34:27,713 | DEBUG | app.repos.application_repository | has company_name property: False
2026-06-20 09:34:27,722 | DEBUG | app.repos.application_repository | Repository application after refresh: <app.models.application.Application object at 0x0000019E05E1C7D0>
2026-06-20 09:34:27,722 | DEBUG | app.repos.application_repository | Company relation refresh after refresh: <app.models.company.Company object at 0x0000019E05CFF7D0>
2026-06-20 09:34:27,722 | DEBUG | app.repos.application_repository | company name after refresh: Microsoft
2026-06-20 09:34:27,722 | DEBUG | app.services.application_service | Application company ID: 2
2026-06-20 09:34:27,722 | DEBUG | app.services.application_service | Application name attr: Microsoft
2026-06-20 09:34:27,727 | DEBUG | app.api.applications | Route result: <app.models.application.Application object at 0x0000019E05E1C7D0>
2026-06-20 09:34:27,727 | DEBUG | app.api.applications | Route result dictionary: {'_sa_instance_state': <sqlalchemy.orm.state.InstanceState object at 0x0000019E062698B0>, 'location': None, 'created_at': datetime.datetime(2026, 6, 20, 7, 34, 27, 719366, tzinfo=zoneinfo.ZoneInfo(key='Africa/Johannesburg')), 'deadline': None, 'notes': None, 'company_id': 2, 'role': 'Data Scientist', 'id': 2, 'status': <ApplicationStatus.OFFER: 'offer'>, 'job_url': None, 'updated_at': datetime.datetime(2026, 6, 20, 7, 34, 27, 719366, tzinfo=zoneinfo.ZoneInfo(key='Africa/Johannesburg')), 'follow_up_date': None, 'user_id': 2, 'company': <app.models.company.Company object at 0x0000019E05CFF7D0>}
2026-06-20 09:34:27,727 | DEBUG | app.api.applications | Route company: <app.models.company.Company object at 0x0000019E05CFF7D0>
2026-06-20 09:34:27,727 | DEBUG | app.api.applications | Route company_name: Microsoft
2026-06-20 09:34:27,751 | DEBUG | app.repos.application_repository | Base count: 1
2026-06-20 09:34:27,759 | DEBUG | app.repos.application_repository | Final result count: 1
2026-06-20 09:34:27,759 | DEBUG | app.repos.application_repository | Final results: ['Microsoft']
2026-06-20 09:34:28,479 | DEBUG | app.services.application_service | Company Name: Amazon AWS
2026-06-20 09:34:28,481 | DEBUG | app.services.application_service | Company Found: None
2026-06-20 09:34:28,488 | DEBUG | app.services.application_service | company CREATED: ID is 3, name=Amazon AWS
2026-06-20 09:34:28,488 | DEBUG | app.services.application_service | FINAL APPLICATION DATA: {'role': 'Cloud Engineer', 'status': <ApplicationStatus.APPLIED: 'applied'>, 'location': None, 'job_url': None, 'notes': None, 'company_id': 3, 'user_id': 3}
2026-06-20 09:34:28,488 | DEBUG | app.repos.application_repository | Repository application before add: <app.models.application.Application object at 0x0000019E05E1CA90>
2026-06-20 09:34:28,488 | DEBUG | app.repos.application_repository | has company_name property: False
2026-06-20 09:34:28,492 | DEBUG | app.repos.application_repository | Repository application after refresh: <app.models.application.Application object at 0x0000019E05E1CA90>
2026-06-20 09:34:28,498 | DEBUG | app.repos.application_repository | Company relation refresh after refresh: <app.models.company.Company object at 0x0000019E05E1CB50>
2026-06-20 09:34:28,499 | DEBUG | app.repos.application_repository | company name after refresh: Amazon AWS
2026-06-20 09:34:28,499 | DEBUG | app.services.application_service | Application company ID: 3
2026-06-20 09:34:28,500 | DEBUG | app.services.application_service | Application name attr: Amazon AWS
2026-06-20 09:34:28,500 | DEBUG | app.api.applications | Route result: <app.models.application.Application object at 0x0000019E05E1CA90>
2026-06-20 09:34:28,500 | DEBUG | app.api.applications | Route result dictionary: {'_sa_instance_state': <sqlalchemy.orm.state.InstanceState object at 0x0000019E06269C70>, 'location': None, 'created_at': datetime.datetime(2026, 6, 20, 7, 34, 28, 492658, tzinfo=zoneinfo.ZoneInfo(key='Africa/Johannesburg')), 'deadline': None, 'notes': None, 'company_id': 3, 'role': 'Cloud Engineer', 'id': 3, 'status': <ApplicationStatus.APPLIED: 'applied'>, 'job_url': None, 'updated_at': datetime.datetime(2026, 6, 20, 7, 34, 28, 492658, tzinfo=zoneinfo.ZoneInfo(key='Africa/Johannesburg')), 'follow_up_date': None, 'user_id': 3, 'company': <app.models.company.Company object at 0x0000019E05E1CB50>}
2026-06-20 09:34:28,500 | DEBUG | app.api.applications | Route company: <app.models.company.Company object at 0x0000019E05E1CB50>
2026-06-20 09:34:28,500 | DEBUG | app.api.applications | Route company_name: Amazon AWS
2026-06-20 09:34:28,519 | DEBUG | app.repos.application_repository | Get by user and id result: <app.models.application.Application object at 0x0000019E05E1DF90>
2026-06-20 09:34:29,231 | DEBUG | app.services.application_service | Company Name: Oracle
2026-06-20 09:34:29,235 | DEBUG | app.services.application_service | Company Found: None
2026-06-20 09:34:29,252 | DEBUG | app.services.application_service | company CREATED: ID is 4, name=Oracle
2026-06-20 09:34:29,252 | DEBUG | app.services.application_service | FINAL APPLICATION DATA: {'role': 'Database Manager', 'status': <ApplicationStatus.WISHLIST: 'wishlist'>, 'location': None, 'job_url': None, 'notes': None, 'company_id': 4, 'user_id': 4}
2026-06-20 09:34:29,252 | DEBUG | app.repos.application_repository | Repository application before add: <app.models.application.Application object at 0x0000019E062C19D0>
2026-06-20 09:34:29,252 | DEBUG | app.repos.application_repository | has company_name property: False
2026-06-20 09:34:29,252 | DEBUG | app.repos.application_repository | Repository application after refresh: <app.models.application.Application object at 0x0000019E062C19D0>
2026-06-20 09:34:29,262 | DEBUG | app.repos.application_repository | Company relation refresh after refresh: <app.models.company.Company object at 0x0000019E062C1C50>
2026-06-20 09:34:29,262 | DEBUG | app.repos.application_repository | company name after refresh: Oracle
2026-06-20 09:34:29,262 | DEBUG | app.services.application_service | Application company ID: 4
2026-06-20 09:34:29,262 | DEBUG | app.services.application_service | Application name attr: Oracle
2026-06-20 09:34:29,262 | DEBUG | app.api.applications | Route result: <app.models.application.Application object at 0x0000019E062C19D0>
2026-06-20 09:34:29,262 | DEBUG | app.api.applications | Route result dictionary: {'_sa_instance_state': <sqlalchemy.orm.state.InstanceState object at 0x0000019E0626B8F0>, 'location': None, 'created_at': datetime.datetime(2026, 6, 20, 7, 34, 29, 252802, tzinfo=zoneinfo.ZoneInfo(key='Africa/Johannesburg')), 'deadline': None, 'notes': None, 'company_id': 4, 'role': 'Database Manager', 'id': 4, 'status': <ApplicationStatus.WISHLIST: 'wishlist'>, 'job_url': None, 'updated_at': datetime.datetime(2026, 6, 20, 7, 34, 29, 252802, tzinfo=zoneinfo.ZoneInfo(key='Africa/Johannesburg')), 'follow_up_date': None, 'user_id': 4, 'company': <app.models.company.Company object at 0x0000019E062C1C50>}
2026-06-20 09:34:29,262 | DEBUG | app.api.applications | Route company: <app.models.company.Company object at 0x0000019E062C1C50>
2026-06-20 09:34:29,262 | DEBUG | app.api.applications | Route company_name: Oracle
2026-06-20 09:34:29,288 | DEBUG | app.repos.application_repository | Get by user and id result: <app.models.application.Application object at 0x0000019E062D05D0>
2026-06-20 09:34:30,001 | DEBUG | app.services.application_service | Company Name: Codecademy
2026-06-20 09:34:30,012 | DEBUG | app.services.application_service | Company Found: None
2026-06-20 09:34:30,019 | DEBUG | app.services.application_service | company CREATED: ID is 5, name=Codecademy
2026-06-20 09:34:30,019 | DEBUG | app.services.application_service | FINAL APPLICATION DATA: {'role': 'Full-Stack Engineer', 'status': <ApplicationStatus.APPLIED: 'applied'>, 'location': None, 'job_url': None, 'notes': None, 'company_id': 5, 'user_id': 5}
2026-06-20 09:34:30,019 | DEBUG | app.repos.application_repository | Repository application before add: <app.models.application.Application object at 0x0000019E062C3710>
2026-06-20 09:34:30,019 | DEBUG | app.repos.application_repository | has company_name property: False
2026-06-20 09:34:30,031 | DEBUG | app.repos.application_repository | Repository application after refresh: <app.models.application.Application object at 0x0000019E062C3710>
2026-06-20 09:34:30,036 | DEBUG | app.repos.application_repository | Company relation refresh after refresh: <app.models.company.Company object at 0x0000019E062A3B90>
2026-06-20 09:34:30,036 | DEBUG | app.repos.application_repository | company name after refresh: Codecademy
2026-06-20 09:34:30,036 | DEBUG | app.services.application_service | Application company ID: 5
2026-06-20 09:34:30,036 | DEBUG | app.services.application_service | Application name attr: Codecademy
2026-06-20 09:34:30,036 | DEBUG | app.api.applications | Route result: <app.models.application.Application object at 0x0000019E062C3710>
2026-06-20 09:34:30,036 | DEBUG | app.api.applications | Route result dictionary: {'_sa_instance_state': <sqlalchemy.orm.state.InstanceState object at 0x0000019E062CC590>, 'location': None, 'created_at': datetime.datetime(2026, 6, 20, 7, 34, 30, 21178, tzinfo=zoneinfo.ZoneInfo(key='Africa/Johannesburg')), 'deadline': None, 'notes': None, 'company_id': 5, 'role': 'Full-Stack Engineer', 'id': 5, 'status': <ApplicationStatus.APPLIED: 'applied'>, 'job_url': None, 'updated_at': datetime.datetime(2026, 6, 20, 7, 34, 30, 21178, tzinfo=zoneinfo.ZoneInfo(key='Africa/Johannesburg')), 'follow_up_date': None, 'user_id': 5, 'company': <app.models.company.Company object at 0x0000019E062A3B90>}
2026-06-20 09:34:30,036 | DEBUG | app.api.applications | Route company: <app.models.company.Company object at 0x0000019E062A3B90>
2026-06-20 09:34:30,036 | DEBUG | app.api.applications | Route company_name: Codecademy
2026-06-20 09:34:30,058 | DEBUG | app.api.applications | Route application_id=5, current_user_id: 5
2026-06-20 09:34:30,062 | DEBUG | app.repos.application_repository | Get by user and id result: <app.models.application.Application object at 0x0000019E062D1E10>
2026-06-20 09:34:30,064 | DEBUG | app.services.application_service | Application found for delete: <app.models.application.Application object at 0x0000019E062D1E10>
2026-06-20 09:34:30,072 | DEBUG | app.services.application_service | DELETE SUCCESS
2026-06-20 09:34:30,088 | DEBUG | app.repos.application_repository | Get by user and id result: None
2026-06-20 09:38:00,605 | DEBUG | app.services.application_service | Company Name: Google
2026-06-20 09:38:00,613 | DEBUG | app.services.application_service | Company Found: None
2026-06-20 09:38:00,625 | DEBUG | app.services.application_service | company CREATED: ID is 1, name=Google
2026-06-20 09:38:00,625 | DEBUG | app.services.application_service | FINAL APPLICATION DATA: {'role': 'Software Developer', 'status': <ApplicationStatus.APPLIED: 'applied'>, 'location': 'Remote', 'job_url': 'https://example.com/job', 'notes': 'Dream job', 'company_id': 1, 'user_id': 1}
2026-06-20 09:38:00,625 | DEBUG | app.repos.application_repository | Repository application before add: <app.models.application.Application object at 0x000001C33D56CB10>
2026-06-20 09:38:00,629 | DEBUG | app.repos.application_repository | has company_name property: False
2026-06-20 09:38:00,644 | DEBUG | app.repos.application_repository | Repository application after refresh: <app.models.application.Application object at 0x000001C33D56CB10>
2026-06-20 09:38:00,654 | DEBUG | app.repos.application_repository | Company relation refresh after refresh: <app.models.company.Company object at 0x000001C33D57C350>
2026-06-20 09:38:00,654 | DEBUG | app.repos.application_repository | company name after refresh: Google
2026-06-20 09:38:00,654 | DEBUG | app.services.application_service | Application company ID: 1
2026-06-20 09:38:00,654 | DEBUG | app.services.application_service | Application name attr: Google
2026-06-20 09:38:00,654 | DEBUG | app.api.applications | Route result: <app.models.application.Application object at 0x000001C33D56CB10>
2026-06-20 09:38:00,654 | DEBUG | app.api.applications | Route result dictionary: {'_sa_instance_state': <sqlalchemy.orm.state.InstanceState object at 0x000001C33D968CB0>, 'id': 1, 'role': 'Software Developer', 'status': <ApplicationStatus.APPLIED: 'applied'>, 'job_url': 'https://example.com/job', 'updated_at': datetime.datetime(2026, 6, 20, 7, 38, 0, 629079, tzinfo=zoneinfo.ZoneInfo(key='Africa/Johannesburg')), 'follow_up_date': None, 'user_id': 1, 'location': 'Remote', 'created_at': datetime.datetime(2026, 6, 20, 7, 38, 0, 629079, tzinfo=zoneinfo.ZoneInfo(key='Africa/Johannesburg')), 'deadline': None, 'notes': 'Dream job', 'company_id': 1, 'company': <app.models.company.Company object at 0x000001C33D57C350>}
2026-06-20 09:38:00,654 | DEBUG | app.api.applications | Route company: <app.models.company.Company object at 0x000001C33D57C350>
2026-06-20 09:38:00,654 | DEBUG | app.api.applications | Route company_name: Google
2026-06-20 09:38:01,466 | DEBUG | app.services.application_service | Company Name: Microsoft
2026-06-20 09:38:01,466 | DEBUG | app.services.application_service | Company Found: None
2026-06-20 09:38:01,472 | DEBUG | app.services.application_service | company CREATED: ID is 2, name=Microsoft
2026-06-20 09:38:01,472 | DEBUG | app.services.application_service | FINAL APPLICATION DATA: {'role': 'Data Scientist', 'status': <ApplicationStatus.OFFER: 'offer'>, 'location': None, 'job_url': None, 'notes': None, 'company_id': 2, 'user_id': 2}
2026-06-20 09:38:01,472 | DEBUG | app.repos.application_repository | Repository application before add: <app.models.application.Application object at 0x000001C33D476CD0>
2026-06-20 09:38:01,472 | DEBUG | app.repos.application_repository | has company_name property: False
2026-06-20 09:38:01,476 | DEBUG | app.repos.application_repository | Repository application after refresh: <app.models.application.Application object at 0x000001C33D476CD0>
2026-06-20 09:38:01,476 | DEBUG | app.repos.application_repository | Company relation refresh after refresh: <app.models.company.Company object at 0x000001C33D97F9D0>
2026-06-20 09:38:01,476 | DEBUG | app.repos.application_repository | company name after refresh: Microsoft
2026-06-20 09:38:01,476 | DEBUG | app.services.application_service | Application company ID: 2
2026-06-20 09:38:01,476 | DEBUG | app.services.application_service | Application name attr: Microsoft
2026-06-20 09:38:01,476 | DEBUG | app.api.applications | Route result: <app.models.application.Application object at 0x000001C33D476CD0>
2026-06-20 09:38:01,476 | DEBUG | app.api.applications | Route result dictionary: {'_sa_instance_state': <sqlalchemy.orm.state.InstanceState object at 0x000001C33D96B6B0>, 'id': 2, 'role': 'Data Scientist', 'status': <ApplicationStatus.OFFER: 'offer'>, 'job_url': None, 'updated_at': datetime.datetime(2026, 6, 20, 7, 38, 1, 476513, tzinfo=zoneinfo.ZoneInfo(key='Africa/Johannesburg')), 'follow_up_date': None, 'user_id': 2, 'location': None, 'created_at': datetime.datetime(2026, 6, 20, 7, 38, 1, 476513, tzinfo=zoneinfo.ZoneInfo(key='Africa/Johannesburg')), 'deadline': None, 'notes': None, 'company_id': 2, 'company': <app.models.company.Company object at 0x000001C33D97F9D0>}
2026-06-20 09:38:01,486 | DEBUG | app.api.applications | Route company: <app.models.company.Company object at 0x000001C33D97F9D0>
2026-06-20 09:38:01,486 | DEBUG | app.api.applications | Route company_name: Microsoft
2026-06-20 09:38:01,511 | DEBUG | app.repos.application_repository | Base count: 1
2026-06-20 09:38:01,514 | DEBUG | app.repos.application_repository | Final result count: 1
2026-06-20 09:38:01,520 | DEBUG | app.repos.application_repository | Final results: ['Microsoft']
2026-06-20 09:38:02,250 | DEBUG | app.services.application_service | Company Name: Amazon AWS
2026-06-20 09:38:02,252 | DEBUG | app.services.application_service | Company Found: None
2026-06-20 09:38:02,258 | DEBUG | app.services.application_service | company CREATED: ID is 3, name=Amazon AWS
2026-06-20 09:38:02,260 | DEBUG | app.services.application_service | FINAL APPLICATION DATA: {'role': 'Cloud Engineer', 'status': <ApplicationStatus.APPLIED: 'applied'>, 'location': None, 'job_url': None, 'notes': None, 'company_id': 3, 'user_id': 3}
2026-06-20 09:38:02,260 | DEBUG | app.repos.application_repository | Repository application before add: <app.models.application.Application object at 0x000001C33D56D6D0>
2026-06-20 09:38:02,260 | DEBUG | app.repos.application_repository | has company_name property: False
2026-06-20 09:38:02,267 | DEBUG | app.repos.application_repository | Repository application after refresh: <app.models.application.Application object at 0x000001C33D56D6D0>
2026-06-20 09:38:02,269 | DEBUG | app.repos.application_repository | Company relation refresh after refresh: <app.models.company.Company object at 0x000001C33DA1E7D0>
2026-06-20 09:38:02,271 | DEBUG | app.repos.application_repository | company name after refresh: Amazon AWS
2026-06-20 09:38:02,271 | DEBUG | app.services.application_service | Application company ID: 3
2026-06-20 09:38:02,271 | DEBUG | app.services.application_service | Application name attr: Amazon AWS
2026-06-20 09:38:02,271 | DEBUG | app.api.applications | Route result: <app.models.application.Application object at 0x000001C33D56D6D0>
2026-06-20 09:38:02,271 | DEBUG | app.api.applications | Route result dictionary: {'_sa_instance_state': <sqlalchemy.orm.state.InstanceState object at 0x000001C33D9B9670>, 'id': 3, 'role': 'Cloud Engineer', 'status': <ApplicationStatus.APPLIED: 'applied'>, 'job_url': None, 'updated_at': datetime.datetime(2026, 6, 20, 7, 38, 2, 260847, tzinfo=zoneinfo.ZoneInfo(key='Africa/Johannesburg')), 'follow_up_date': None, 'user_id': 3, 'location': None, 'created_at': datetime.datetime(2026, 6, 20, 7, 38, 2, 260847, tzinfo=zoneinfo.ZoneInfo(key='Africa/Johannesburg')), 'deadline': None, 'notes': None, 'company_id': 3, 'company': <app.models.company.Company object at 0x000001C33DA1E7D0>}
2026-06-20 09:38:02,271 | DEBUG | app.api.applications | Route company: <app.models.company.Company object at 0x000001C33DA1E7D0>
2026-06-20 09:38:02,271 | DEBUG | app.api.applications | Route company_name: Amazon AWS
2026-06-20 09:38:02,293 | DEBUG | app.repos.application_repository | Get by user and id result: <app.models.application.Application object at 0x000001C33D9EDE90>
2026-06-20 09:38:03,026 | DEBUG | app.services.application_service | Company Name: Oracle
2026-06-20 09:38:03,026 | DEBUG | app.services.application_service | Company Found: None
2026-06-20 09:38:03,026 | DEBUG | app.services.application_service | company CREATED: ID is 4, name=Oracle
2026-06-20 09:38:03,026 | DEBUG | app.services.application_service | FINAL APPLICATION DATA: {'role': 'Database Manager', 'status': <ApplicationStatus.WISHLIST: 'wishlist'>, 'location': None, 'job_url': None, 'notes': None, 'company_id': 4, 'user_id': 4}
2026-06-20 09:38:03,026 | DEBUG | app.repos.application_repository | Repository application before add: <app.models.application.Application object at 0x000001C33DA1D750>
2026-06-20 09:38:03,026 | DEBUG | app.repos.application_repository | has company_name property: False
2026-06-20 09:38:03,043 | DEBUG | app.repos.application_repository | Repository application after refresh: <app.models.application.Application object at 0x000001C33DA1D750>
2026-06-20 09:38:03,043 | DEBUG | app.repos.application_repository | Company relation refresh after refresh: <app.models.company.Company object at 0x000001C33DA1E310>
2026-06-20 09:38:03,043 | DEBUG | app.repos.application_repository | company name after refresh: Oracle
2026-06-20 09:38:03,043 | DEBUG | app.services.application_service | Application company ID: 4
2026-06-20 09:38:03,043 | DEBUG | app.services.application_service | Application name attr: Oracle
2026-06-20 09:38:03,043 | DEBUG | app.api.applications | Route result: <app.models.application.Application object at 0x000001C33DA1D750>
2026-06-20 09:38:03,043 | DEBUG | app.api.applications | Route result dictionary: {'_sa_instance_state': <sqlalchemy.orm.state.InstanceState object at 0x000001C33D96AD50>, 'id': 4, 'role': 'Database Manager', 'status': <ApplicationStatus.WISHLIST: 'wishlist'>, 'job_url': None, 'updated_at': datetime.datetime(2026, 6, 20, 7, 38, 3, 26908, tzinfo=zoneinfo.ZoneInfo(key='Africa/Johannesburg')), 'follow_up_date': None, 'user_id': 4, 'location': None, 'created_at': datetime.datetime(2026, 6, 20, 7, 38, 3, 26908, tzinfo=zoneinfo.ZoneInfo(key='Africa/Johannesburg')), 'deadline': None, 'notes': None, 'company_id': 4, 'company': <app.models.company.Company object at 0x000001C33DA1E310>}
2026-06-20 09:38:03,043 | DEBUG | app.api.applications | Route company: <app.models.company.Company object at 0x000001C33DA1E310>
2026-06-20 09:38:03,043 | DEBUG | app.api.applications | Route company_name: Oracle
2026-06-20 09:38:03,066 | DEBUG | app.repos.application_repository | Get by user and id result: <app.models.application.Application object at 0x000001C33DA30090>
2026-06-20 09:38:03,814 | DEBUG | app.services.application_service | Company Name: Codecademy
2026-06-20 09:38:03,814 | DEBUG | app.services.application_service | Company Found: None
2026-06-20 09:38:03,818 | DEBUG | app.services.application_service | company CREATED: ID is 5, name=Codecademy
2026-06-20 09:38:03,818 | DEBUG | app.services.application_service | FINAL APPLICATION DATA: {'role': 'Full-Stack Engineer', 'status': <ApplicationStatus.APPLIED: 'applied'>, 'location': None, 'job_url': None, 'notes': None, 'company_id': 5, 'user_id': 5}
2026-06-20 09:38:03,818 | DEBUG | app.repos.application_repository | Repository application before add: <app.models.application.Application object at 0x000001C33DA1E410>
2026-06-20 09:38:03,818 | DEBUG | app.repos.application_repository | has company_name property: False
2026-06-20 09:38:03,830 | DEBUG | app.repos.application_repository | Repository application after refresh: <app.models.application.Application object at 0x000001C33DA1E410>
2026-06-20 09:38:03,836 | DEBUG | app.repos.application_repository | Company relation refresh after refresh: <app.models.company.Company object at 0x000001C33DA23950>
2026-06-20 09:38:03,836 | DEBUG | app.repos.application_repository | company name after refresh: Codecademy
2026-06-20 09:38:03,836 | DEBUG | app.services.application_service | Application company ID: 5
2026-06-20 09:38:03,837 | DEBUG | app.services.application_service | Application name attr: Codecademy
2026-06-20 09:38:03,837 | DEBUG | app.api.applications | Route result: <app.models.application.Application object at 0x000001C33DA1E410>
2026-06-20 09:38:03,837 | DEBUG | app.api.applications | Route result dictionary: {'_sa_instance_state': <sqlalchemy.orm.state.InstanceState object at 0x000001C33DA2C1D0>, 'id': 5, 'role': 'Full-Stack Engineer', 'status': <ApplicationStatus.APPLIED: 'applied'>, 'job_url': None, 'updated_at': datetime.datetime(2026, 6, 20, 7, 38, 3, 818769, tzinfo=zoneinfo.ZoneInfo(key='Africa/Johannesburg')), 'follow_up_date': None, 'user_id': 5, 'location': None, 'created_at': datetime.datetime(2026, 6, 20, 7, 38, 3, 818769, tzinfo=zoneinfo.ZoneInfo(key='Africa/Johannesburg')), 'deadline': None, 'notes': None, 'company_id': 5, 'company': <app.models.company.Company object at 0x000001C33DA23950>}
2026-06-20 09:38:03,837 | DEBUG | app.api.applications | Route company: <app.models.company.Company object at 0x000001C33DA23950>
2026-06-20 09:38:03,837 | DEBUG | app.api.applications | Route company_name: Codecademy
2026-06-20 09:38:03,856 | DEBUG | app.api.applications | Route application_id=5, current_user_id: 5
2026-06-20 09:38:03,866 | DEBUG | app.repos.application_repository | Get by user and id result: <app.models.application.Application object at 0x000001C33DA33810>
2026-06-20 09:38:03,866 | DEBUG | app.services.application_service | Application found for delete: <app.models.application.Application object at 0x000001C33DA33810>
2026-06-20 09:38:03,877 | DEBUG | app.services.application_service | DELETE SUCCESS
2026-06-20 09:38:03,892 | DEBUG | app.repos.application_repository | Get by user and id result: None
2026-06-22 00:32:25,705 | DEBUG | app.services.application_service | Company Name: Google
2026-06-22 00:33:25,560 | DEBUG | app.services.application_service | Company Name: Google
2026-06-22 21:00:30,155 | DEBUG | app.services.application_service | Company Name: Google
2026-06-22 21:17:35,580 | DEBUG | app.repos.application_repository | Base count: 0
2026-06-22 21:17:35,586 | DEBUG | app.repos.application_repository | Final result count: 0
2026-06-22 21:17:35,586 | DEBUG | app.repos.application_repository | Final results: []
2026-06-22 21:17:35,606 | DEBUG | app.repos.application_repository | Base count: 0
2026-06-22 21:17:35,619 | DEBUG | app.repos.application_repository | Final result count: 0
2026-06-22 21:17:35,619 | DEBUG | app.repos.application_repository | Final results: []
2026-06-22 21:18:36,686 | DEBUG | app.services.application_service | Company Name: Google
2026-06-22 21:18:36,700 | DEBUG | app.services.application_service | Company Found: None
2026-06-22 21:18:36,713 | DEBUG | app.services.application_service | company CREATED: ID is 1, name=Google
2026-06-22 21:18:36,713 | DEBUG | app.services.application_service | FINAL APPLICATION DATA: {'role': 'Software Developer', 'status': <ApplicationStatus.APPLIED: 'applied'>, 'location': 'Remote, USA', 'job_url': 'https://linkedin.com', 'notes': 'THIS IS A JOB APPLICATION', 'company_id': 1, 'user_id': 1}
2026-06-22 21:18:36,713 | DEBUG | app.repos.application_repository | Repository application before add: <app.models.application.Application object at 0x000002037DB33FD0>
2026-06-22 21:18:36,715 | DEBUG | app.repos.application_repository | has company_name property: False
2026-06-22 21:18:36,727 | DEBUG | app.repos.application_repository | Repository application after refresh: <app.models.application.Application object at 0x000002037DB33FD0>
2026-06-22 21:18:36,730 | DEBUG | app.repos.application_repository | Company relation refresh after refresh: <app.models.company.Company object at 0x000002037DB0C310>
2026-06-22 21:18:36,730 | DEBUG | app.repos.application_repository | company name after refresh: Google
2026-06-22 21:18:36,730 | DEBUG | app.services.application_service | Application company ID: 1
2026-06-22 21:18:36,730 | DEBUG | app.services.application_service | Application name attr: Google
2026-06-22 21:18:36,730 | DEBUG | app.api.applications | Route result: <app.models.application.Application object at 0x000002037DB33FD0>
2026-06-22 21:18:36,730 | DEBUG | app.api.applications | Route result dictionary: {'_sa_instance_state': <sqlalchemy.orm.state.InstanceState object at 0x000002037DB11E50>, 'status': <ApplicationStatus.APPLIED: 'applied'>, 'location': 'Remote, USA', 'created_at': datetime.datetime(2026, 6, 22, 19, 18, 36, 715290, tzinfo=zoneinfo.ZoneInfo(key='Africa/Johannesburg')), 'deadline': None, 'notes': 'THIS IS A JOB APPLICATION', 'company_id': 1, 'role': 'Software Developer', 'id': 1, 'job_url': 'https://linkedin.com', 'updated_at': datetime.datetime(2026, 6, 22, 19, 18, 36, 715290, tzinfo=zoneinfo.ZoneInfo(key='Africa/Johannesburg')), 'follow_up_date': None, 'user_id': 1, 'company': <app.models.company.Company object at 0x000002037DB0C310>}
2026-06-22 21:18:36,730 | DEBUG | app.api.applications | Route company: <app.models.company.Company object at 0x000002037DB0C310>
2026-06-22 21:18:36,730 | DEBUG | app.api.applications | Route company_name: Google
2026-06-22 21:18:36,778 | DEBUG | app.repos.application_repository | Base count: 1
2026-06-22 21:18:36,778 | DEBUG | app.repos.application_repository | Final result count: 1
2026-06-22 21:18:36,786 | DEBUG | app.repos.application_repository | Final results: ['Google']
2026-06-22 21:39:17,564 | DEBUG | app.repos.application_repository | Base count: 1
2026-06-22 21:39:17,564 | DEBUG | app.repos.application_repository | Final result count: 1
2026-06-22 21:39:17,564 | DEBUG | app.repos.application_repository | Final results: ['Google']
2026-06-22 21:39:17,605 | DEBUG | app.repos.application_repository | Base count: 1
2026-06-22 21:39:17,605 | DEBUG | app.repos.application_repository | Final result count: 1
2026-06-22 21:39:17,614 | DEBUG | app.repos.application_repository | Final results: ['Google']
2026-06-22 21:58:47,754 | DEBUG | app.repos.application_repository | Base count: 0
2026-06-22 21:58:47,761 | DEBUG | app.repos.application_repository | Final result count: 0
2026-06-22 21:58:47,766 | DEBUG | app.repos.application_repository | Final results: []
2026-06-22 21:58:47,826 | DEBUG | app.repos.application_repository | Base count: 0
2026-06-22 21:58:47,828 | DEBUG | app.repos.application_repository | Final result count: 0
2026-06-22 21:58:47,828 | DEBUG | app.repos.application_repository | Final results: []
2026-06-22 21:59:55,542 | DEBUG | app.services.application_service | Company Name: Google
2026-06-22 21:59:55,543 | DEBUG | app.services.application_service | Company Found: <app.models.company.Company object at 0x000002037DB40110>
2026-06-22 21:59:55,543 | DEBUG | app.services.application_service | FINAL APPLICATION DATA: {'role': 'Software Developer', 'status': <ApplicationStatus.APPLIED: 'applied'>, 'location': 'Remote, USA', 'job_url': 'https://linkedin.com', 'notes': 'This is just a job application', 'company_id': 1, 'user_id': 2}
2026-06-22 21:59:55,543 | DEBUG | app.repos.application_repository | Repository application before add: <app.models.application.Application object at 0x000002037DB4FB50>
2026-06-22 21:59:55,543 | DEBUG | app.repos.application_repository | has company_name property: False
2026-06-22 21:59:55,559 | DEBUG | app.repos.application_repository | Repository application after refresh: <app.models.application.Application object at 0x000002037DB4FB50>
2026-06-22 21:59:55,559 | DEBUG | app.repos.application_repository | Company relation refresh after refresh: <app.models.company.Company object at 0x000002037DB40110>
2026-06-22 21:59:55,559 | DEBUG | app.repos.application_repository | company name after refresh: Google
2026-06-22 21:59:55,559 | DEBUG | app.services.application_service | Application company ID: 1
2026-06-22 21:59:55,559 | DEBUG | app.services.application_service | Application name attr: Google
2026-06-22 21:59:55,559 | DEBUG | app.api.applications | Route result: <app.models.application.Application object at 0x000002037DB4FB50>
2026-06-22 21:59:55,559 | DEBUG | app.api.applications | Route result dictionary: {'_sa_instance_state': <sqlalchemy.orm.state.InstanceState object at 0x000002037DB133B0>, 'status': <ApplicationStatus.APPLIED: 'applied'>, 'location': 'Remote, USA', 'created_at': datetime.datetime(2026, 6, 22, 19, 59, 55, 551104, tzinfo=zoneinfo.ZoneInfo(key='Africa/Johannesburg')), 'deadline': None, 'notes': 'This is just a job application', 'company_id': 1, 'role': 'Software Developer', 'id': 2, 'job_url': 'https://linkedin.com', 'updated_at': datetime.datetime(2026, 6, 22, 19, 59, 55, 551104, tzinfo=zoneinfo.ZoneInfo(key='Africa/Johannesburg')), 'follow_up_date': None, 'user_id': 2, 'company': <app.models.company.Company object at 0x000002037DB40110>}
2026-06-22 21:59:55,559 | DEBUG | app.api.applications | Route company: <app.models.company.Company object at 0x000002037DB40110>
2026-06-22 21:59:55,559 | DEBUG | app.api.applications | Route company_name: Google
2026-06-22 21:59:55,611 | DEBUG | app.repos.application_repository | Base count: 1
2026-06-22 21:59:55,619 | DEBUG | app.repos.application_repository | Final result count: 1
2026-06-22 21:59:55,622 | DEBUG | app.repos.application_repository | Final results: ['Google']
2026-06-22 22:06:59,381 | DEBUG | app.repos.application_repository | Base count: 1
2026-06-22 22:06:59,384 | DEBUG | app.repos.application_repository | Final result count: 1
2026-06-22 22:06:59,386 | DEBUG | app.repos.application_repository | Final results: ['Google']
2026-06-22 22:29:39,908 | DEBUG | app.repos.application_repository | Base count: 1
2026-06-22 22:29:39,908 | DEBUG | app.repos.application_repository | Final result count: 1
2026-06-22 22:29:39,908 | DEBUG | app.repos.application_repository | Final results: ['Google']
2026-06-22 22:29:39,936 | DEBUG | app.repos.application_repository | Base count: 1
2026-06-22 22:29:39,943 | DEBUG | app.repos.application_repository | Final result count: 1
2026-06-22 22:29:39,946 | DEBUG | app.repos.application_repository | Final results: ['Google']
2026-06-22 22:37:03,947 | DEBUG | app.repos.application_repository | Base count: 1
2026-06-22 22:37:03,947 | DEBUG | app.repos.application_repository | Final result count: 1
2026-06-22 22:37:03,953 | DEBUG | app.repos.application_repository | Final results: ['Google']
2026-06-22 22:37:03,967 | DEBUG | app.repos.application_repository | Base count: 1
2026-06-22 22:37:03,969 | DEBUG | app.repos.application_repository | Final result count: 1
2026-06-22 22:37:03,973 | DEBUG | app.repos.application_repository | Final results: ['Google']
2026-06-22 22:46:36,047 | DEBUG | app.api.applications | Route application_id=2, current_user_id: 2
2026-06-22 22:46:36,071 | DEBUG | app.repos.application_repository | Get by user and id result: <app.models.application.Application object at 0x000002037DAF88D0>
2026-06-22 22:46:36,071 | DEBUG | app.services.application_service | Application found for delete: <app.models.application.Application object at 0x000002037DAF88D0>
2026-06-22 22:46:36,113 | DEBUG | app.services.application_service | DELETE SUCCESS
2026-06-22 22:46:36,169 | DEBUG | app.repos.application_repository | Base count: 0
2026-06-22 22:46:36,169 | DEBUG | app.repos.application_repository | Final result count: 0
2026-06-22 22:46:36,177 | DEBUG | app.repos.application_repository | Final results: []
2026-06-22 23:56:54,203 | DEBUG | app.repos.application_repository | Base count: 0
2026-06-22 23:56:54,207 | DEBUG | app.repos.application_repository | Final result count: 0
2026-06-22 23:56:54,207 | DEBUG | app.repos.application_repository | Final results: []
2026-06-22 23:56:54,222 | DEBUG | app.repos.application_repository | Base count: 0
2026-06-22 23:56:54,224 | DEBUG | app.repos.application_repository | Final result count: 0
2026-06-22 23:56:54,224 | DEBUG | app.repos.application_repository | Final results: []
2026-06-22 23:57:34,185 | DEBUG | app.services.application_service | Company Name: Google
2026-06-22 23:57:34,193 | DEBUG | app.services.application_service | Company Found: <app.models.company.Company object at 0x000002037DB7B250>
2026-06-22 23:57:34,193 | DEBUG | app.services.application_service | FINAL APPLICATION DATA: {'role': 'Software Developer', 'status': <ApplicationStatus.APPLIED: 'applied'>, 'location': 'Remote, USA', 'job_url': 'https://linkedin.com', 'notes': "Hello there, I'm just a test", 'company_id': 1, 'user_id': 2}
2026-06-22 23:57:34,193 | DEBUG | app.repos.application_repository | Repository application before add: <app.models.application.Application object at 0x000002037DB6D690>
2026-06-22 23:57:34,195 | DEBUG | app.repos.application_repository | has company_name property: False
2026-06-22 23:57:34,210 | DEBUG | app.repos.application_repository | Repository application after refresh: <app.models.application.Application object at 0x000002037DB6D690>
2026-06-22 23:57:34,210 | DEBUG | app.repos.application_repository | Company relation refresh after refresh: <app.models.company.Company object at 0x000002037DB7B250>
2026-06-22 23:57:34,210 | DEBUG | app.repos.application_repository | company name after refresh: Google
2026-06-22 23:57:34,210 | DEBUG | app.services.application_service | Application company ID: 1
2026-06-22 23:57:34,210 | DEBUG | app.services.application_service | Application name attr: Google
2026-06-22 23:57:34,210 | DEBUG | app.api.applications | Route result: <app.models.application.Application object at 0x000002037DB6D690>
2026-06-22 23:57:34,210 | DEBUG | app.api.applications | Route result dictionary: {'_sa_instance_state': <sqlalchemy.orm.state.InstanceState object at 0x000002037DB70530>, 'status': <ApplicationStatus.APPLIED: 'applied'>, 'location': 'Remote, USA', 'created_at': datetime.datetime(2026, 6, 22, 21, 57, 34, 200456, tzinfo=zoneinfo.ZoneInfo(key='Africa/Johannesburg')), 'deadline': None, 'notes': "Hello there, I'm just a test", 'company_id': 1, 'role': 'Software Developer', 'id': 3, 'job_url': 'https://linkedin.com', 'updated_at': datetime.datetime(2026, 6, 22, 21, 57, 34, 200456, tzinfo=zoneinfo.ZoneInfo(key='Africa/Johannesburg')), 'follow_up_date': None, 'user_id': 2, 'company': <app.models.company.Company object at 0x000002037DB7B250>}
2026-06-22 23:57:34,210 | DEBUG | app.api.applications | Route company: <app.models.company.Company object at 0x000002037DB7B250>
2026-06-22 23:57:34,210 | DEBUG | app.api.applications | Route company_name: Google
2026-06-22 23:57:34,245 | DEBUG | app.repos.application_repository | Base count: 1
2026-06-22 23:57:34,254 | DEBUG | app.repos.application_repository | Final result count: 1
2026-06-22 23:57:34,254 | DEBUG | app.repos.application_repository | Final results: ['Google']
2026-06-22 23:57:44,963 | DEBUG | app.api.applications | Route application_id=3, current_user_id: 2
2026-06-22 23:57:44,967 | DEBUG | app.repos.application_repository | Get by user and id result: None
2026-06-22 23:57:44,967 | DEBUG | app.services.application_service | Application found for delete: None
2026-06-22 23:57:44,967 | DEBUG | app.services.application_service | DELETE FAILED: application not found
2026-06-23 10:28:19,577 | DEBUG | app.repos.application_repository | Base count: 1
2026-06-23 10:28:19,585 | DEBUG | app.repos.application_repository | Final result count: 1
2026-06-23 10:28:19,599 | DEBUG | app.repos.application_repository | Final results: ['Google']
2026-06-23 10:28:19,632 | DEBUG | app.repos.application_repository | Base count: 1
2026-06-23 10:28:19,640 | DEBUG | app.repos.application_repository | Final result count: 1
2026-06-23 10:28:19,644 | DEBUG | app.repos.application_repository | Final results: ['Google']
2026-06-23 10:28:35,254 | DEBUG | app.repos.application_repository | Get by user and id result: <app.models.application.Application object at 0x000002205DEAAC50>
2026-06-23 10:29:30,248 | DEBUG | app.repos.application_repository | Get by user and id result: <app.models.application.Application object at 0x000002205DE9B250>
2026-06-23 16:13:41,422 | DEBUG | app.repos.application_repository | Base count: 1
2026-06-23 16:13:41,422 | DEBUG | app.repos.application_repository | Final result count: 1
2026-06-23 16:13:41,440 | DEBUG | app.repos.application_repository | Final results: ['Google']
2026-06-23 16:13:41,463 | DEBUG | app.repos.application_repository | Base count: 1
2026-06-23 16:13:41,465 | DEBUG | app.repos.application_repository | Final result count: 1
2026-06-23 16:13:41,468 | DEBUG | app.repos.application_repository | Final results: ['Google']
2026-06-23 16:14:06,609 | DEBUG | app.repos.application_repository | Get by user and id result: <app.models.application.Application object at 0x000001CF6FEF0910>
2026-06-23 16:14:28,344 | DEBUG | app.repos.application_repository | Get by user and id result: <app.models.application.Application object at 0x000001CF7002F6D0>
2026-06-23 16:19:56,862 | DEBUG | app.repos.application_repository | Base count: 1
2026-06-23 16:19:56,873 | DEBUG | app.repos.application_repository | Final result count: 1
2026-06-23 16:19:56,888 | DEBUG | app.repos.application_repository | Final results: ['Google']
2026-06-23 16:19:56,934 | DEBUG | app.repos.application_repository | Base count: 1
2026-06-23 16:19:56,947 | DEBUG | app.repos.application_repository | Final result count: 1
2026-06-23 16:19:56,951 | DEBUG | app.repos.application_repository | Final results: ['Google']
2026-06-23 16:20:19,854 | DEBUG | app.repos.application_repository | Get by user and id result: <app.models.application.Application object at 0x000002516CF2BD10>
2026-06-23 16:29:17,794 | DEBUG | app.repos.application_repository | Base count: 1
2026-06-23 16:29:17,798 | DEBUG | app.repos.application_repository | Final result count: 1
2026-06-23 16:29:17,810 | DEBUG | app.repos.application_repository | Final results: ['Google']
2026-06-23 16:29:17,835 | DEBUG | app.repos.application_repository | Base count: 1
2026-06-23 16:29:17,843 | DEBUG | app.repos.application_repository | Final result count: 1
2026-06-23 16:29:17,847 | DEBUG | app.repos.application_repository | Final results: ['Google']
2026-06-23 16:30:12,932 | DEBUG | app.repos.application_repository | Get by user and id result: <app.models.application.Application object at 0x00000217EDFAC610>
2026-06-23 16:58:50,339 | DEBUG | app.repos.application_repository | Base count: 1
2026-06-23 16:58:50,339 | DEBUG | app.repos.application_repository | Final result count: 1
2026-06-23 16:58:50,358 | DEBUG | app.repos.application_repository | Final results: ['Google']
2026-06-23 16:58:50,382 | DEBUG | app.repos.application_repository | Base count: 1
2026-06-23 16:58:50,395 | DEBUG | app.repos.application_repository | Final result count: 1
2026-06-23 16:58:50,399 | DEBUG | app.repos.application_repository | Final results: ['Google']
2026-06-23 17:01:28,859 | DEBUG | app.services.application_service | Company Name: Oracle
2026-06-23 17:01:28,869 | DEBUG | app.services.application_service | Company Found: None
2026-06-23 17:01:28,884 | DEBUG | app.services.application_service | company CREATED: ID is 3, name=Oracle
2026-06-23 17:01:28,884 | DEBUG | app.services.application_service | FINAL APPLICATION DATA: {'role': 'Cloud Engineer', 'status': <ApplicationStatus.INTERVIEW: 'interview'>, 'location': '', 'job_url': '', 'notes': 'This job is for a month, a winter job.', 'company_id': 3, 'user_id': 1}
2026-06-23 17:01:28,884 | DEBUG | app.repos.application_repository | Repository application before add: <app.models.application.Application object at 0x00000201F8D81E50>
2026-06-23 17:01:28,884 | DEBUG | app.repos.application_repository | has company_name property: False
2026-06-23 17:01:28,903 | DEBUG | app.repos.application_repository | Repository application after refresh: <app.models.application.Application object at 0x00000201F8D81E50>
2026-06-23 17:01:28,903 | DEBUG | app.repos.application_repository | Company relation refresh after refresh: <app.models.company.Company object at 0x00000201F8B95150>
2026-06-23 17:01:28,903 | DEBUG | app.repos.application_repository | company name after refresh: Oracle
2026-06-23 17:01:28,903 | DEBUG | app.services.application_service | Application company ID: 3
2026-06-23 17:01:28,903 | DEBUG | app.services.application_service | Application name attr: Oracle
2026-06-23 17:01:28,903 | DEBUG | app.api.applications | Route result: <app.models.application.Application object at 0x00000201F8D81E50>
2026-06-23 17:01:28,903 | DEBUG | app.api.applications | Route result dictionary: {'_sa_instance_state': <sqlalchemy.orm.state.InstanceState object at 0x00000201F8DCC3B0>, 'status': <ApplicationStatus.INTERVIEW: 'interview'>, 'location': '', 'created_at': datetime.datetime(2026, 6, 23, 15, 1, 28, 886085, tzinfo=zoneinfo.ZoneInfo(key='Africa/Johannesburg')), 'deadline': None, 'notes': 'This job is for a month, a winter job.', 'company_id': 3, 'role': 'Cloud Engineer', 'id': 4, 'job_url': '', 'updated_at': datetime.datetime(2026, 6, 23, 15, 1, 28, 886085, tzinfo=zoneinfo.ZoneInfo(key='Africa/Johannesburg')), 'follow_up_date': None, 'user_id': 1, 'company': <app.models.company.Company object at 0x00000201F8B95150>}
2026-06-23 17:01:28,903 | DEBUG | app.api.applications | Route company: <app.models.company.Company object at 0x00000201F8B95150>
2026-06-23 17:01:28,903 | DEBUG | app.api.applications | Route company_name: Oracle
2026-06-23 17:01:28,937 | DEBUG | app.repos.application_repository | Base count: 2
2026-06-23 17:01:28,945 | DEBUG | app.repos.application_repository | Final result count: 2
2026-06-23 17:01:28,955 | DEBUG | app.repos.application_repository | Final results: ['Oracle', 'Google']
2026-06-23 17:02:19,704 | DEBUG | app.repos.application_repository | Base count: 2
2026-06-23 17:02:19,709 | DEBUG | app.repos.application_repository | Final result count: 2
2026-06-23 17:02:19,713 | DEBUG | app.repos.application_repository | Final results: ['Oracle', 'Google']
2026-06-23 17:02:19,729 | DEBUG | app.repos.application_repository | Base count: 2
2026-06-23 17:02:19,731 | DEBUG | app.repos.application_repository | Final result count: 2
2026-06-23 17:02:19,737 | DEBUG | app.repos.application_repository | Final results: ['Oracle', 'Google']
2026-06-23 17:03:47,929 | DEBUG | app.services.application_service | Company Name: Sage
2026-06-23 17:03:47,929 | DEBUG | app.services.application_service | Company Found: None
2026-06-23 17:03:47,945 | DEBUG | app.services.application_service | company CREATED: ID is 4, name=Sage
2026-06-23 17:03:47,945 | DEBUG | app.services.application_service | FINAL APPLICATION DATA: {'role': 'Chief AI Officer', 'status': <ApplicationStatus.OFFER: 'offer'>, 'location': 'Gauteng Johannesburg', 'job_url': '', 'notes': 'This application is a temporary full-time job.', 'company_id': 4, 'user_id': 1}
2026-06-23 17:03:47,945 | DEBUG | app.repos.application_repository | Repository application before add: <app.models.application.Application object at 0x00000201F8C39890>
2026-06-23 17:03:47,947 | DEBUG | app.repos.application_repository | has company_name property: False
2026-06-23 17:03:47,956 | DEBUG | app.repos.application_repository | Repository application after refresh: <app.models.application.Application object at 0x00000201F8C39890>
2026-06-23 17:03:47,956 | DEBUG | app.repos.application_repository | Company relation refresh after refresh: <app.models.company.Company object at 0x00000201F8B15450>
2026-06-23 17:03:47,956 | DEBUG | app.repos.application_repository | company name after refresh: Sage
2026-06-23 17:03:47,956 | DEBUG | app.services.application_service | Application company ID: 4
2026-06-23 17:03:47,956 | DEBUG | app.services.application_service | Application name attr: Sage
2026-06-23 17:03:47,956 | DEBUG | app.api.applications | Route result: <app.models.application.Application object at 0x00000201F8C39890>
2026-06-23 17:03:47,956 | DEBUG | app.api.applications | Route result dictionary: {'_sa_instance_state': <sqlalchemy.orm.state.InstanceState object at 0x00000201F8DCE330>, 'status': <ApplicationStatus.OFFER: 'offer'>, 'location': 'Gauteng Johannesburg', 'created_at': datetime.datetime(2026, 6, 23, 15, 3, 47, 949518, tzinfo=zoneinfo.ZoneInfo(key='Africa/Johannesburg')), 'deadline': None, 'notes': 'This application is a temporary full-time job.', 'company_id': 4, 'role': 'Chief AI Officer', 'id': 5, 'job_url': '', 'updated_at': datetime.datetime(2026, 6, 23, 15, 3, 47, 949518, tzinfo=zoneinfo.ZoneInfo(key='Africa/Johannesburg')), 'follow_up_date': None, 'user_id': 1, 'company': <app.models.company.Company object at 0x00000201F8B15450>}
2026-06-23 17:03:47,956 | DEBUG | app.api.applications | Route company: <app.models.company.Company object at 0x00000201F8B15450>
2026-06-23 17:03:47,956 | DEBUG | app.api.applications | Route company_name: Sage
2026-06-23 17:03:47,985 | DEBUG | app.repos.application_repository | Base count: 3
2026-06-23 17:03:47,991 | DEBUG | app.repos.application_repository | Final result count: 3
2026-06-23 17:03:47,999 | DEBUG | app.repos.application_repository | Final results: ['Sage', 'Oracle', 'Google']
2026-06-23 17:05:14,269 | DEBUG | app.repos.application_repository | Get by user and id result: <app.models.application.Application object at 0x00000201F9164D50>
2026-06-23 17:19:52,982 | DEBUG | app.repos.application_repository | Base count: 3
2026-06-23 17:19:52,986 | DEBUG | app.repos.application_repository | Final result count: 3
2026-06-23 17:19:52,994 | DEBUG | app.repos.application_repository | Final results: ['Sage', 'Oracle', 'Google']
2026-06-23 17:19:53,010 | DEBUG | app.repos.application_repository | Base count: 3
2026-06-23 17:19:53,014 | DEBUG | app.repos.application_repository | Final result count: 3
2026-06-23 17:19:53,022 | DEBUG | app.repos.application_repository | Final results: ['Sage', 'Oracle', 'Google']
2026-06-23 17:50:10,845 | DEBUG | app.repos.application_repository | Base count: 3
2026-06-23 17:50:10,855 | DEBUG | app.repos.application_repository | Final result count: 3
2026-06-23 17:50:10,868 | DEBUG | app.repos.application_repository | Final results: ['Sage', 'Oracle', 'Google']
2026-06-23 17:50:10,884 | DEBUG | app.repos.application_repository | Base count: 3
2026-06-23 17:50:10,888 | DEBUG | app.repos.application_repository | Final result count: 3
2026-06-23 17:50:10,894 | DEBUG | app.repos.application_repository | Final results: ['Sage', 'Oracle', 'Google']
2026-06-23 17:50:35,478 | DEBUG | app.repos.application_repository | Get by user and id result: <app.models.application.Application object at 0x0000018AB3DE0990>
2026-06-23 17:52:11,363 | DEBUG | app.repos.application_repository | Base count: 3
2026-06-23 17:52:11,379 | DEBUG | app.repos.application_repository | Final result count: 3
2026-06-23 17:52:11,388 | DEBUG | app.repos.application_repository | Final results: ['Sage', 'Oracle', 'Google']
2026-06-23 17:52:11,406 | DEBUG | app.repos.application_repository | Base count: 3
2026-06-23 17:52:11,410 | DEBUG | app.repos.application_repository | Final result count: 3
2026-06-23 17:52:11,416 | DEBUG | app.repos.application_repository | Final results: ['Sage', 'Oracle', 'Google']
2026-06-23 17:52:23,458 | DEBUG | app.repos.application_repository | Get by user and id result: <app.models.application.Application object at 0x000001B396FBB490>
2026-06-23 17:52:23,552 | DEBUG | app.repos.application_repository | Base count: 3
2026-06-23 17:52:23,554 | DEBUG | app.repos.application_repository | Final result count: 3
2026-06-23 17:52:23,566 | DEBUG | app.repos.application_repository | Final results: ['Sage', 'Oracle', 'Google']
2026-06-23 17:53:50,136 | DEBUG | app.repos.application_repository | Base count: 3
2026-06-23 17:53:50,141 | DEBUG | app.repos.application_repository | Final result count: 3
2026-06-23 17:53:50,156 | DEBUG | app.repos.application_repository | Final results: ['Sage', 'Oracle', 'Google']
2026-06-23 17:53:50,183 | DEBUG | app.repos.application_repository | Base count: 3
2026-06-23 17:53:50,185 | DEBUG | app.repos.application_repository | Final result count: 3
2026-06-23 17:53:50,193 | DEBUG | app.repos.application_repository | Final results: ['Sage', 'Oracle', 'Google']
2026-06-23 17:59:52,867 | DEBUG | app.repos.application_repository | Base count: 3
2026-06-23 17:59:52,868 | DEBUG | app.repos.application_repository | Final result count: 3
2026-06-23 17:59:52,876 | DEBUG | app.repos.application_repository | Final results: ['Sage', 'Oracle', 'Google']
2026-06-23 17:59:53,033 | DEBUG | app.repos.application_repository | Base count: 3
2026-06-23 17:59:53,040 | DEBUG | app.repos.application_repository | Final result count: 3
2026-06-23 17:59:53,051 | DEBUG | app.repos.application_repository | Final results: ['Sage', 'Oracle', 'Google']
2026-06-24 23:16:57,496 | DEBUG | app.repos.application_repository | Base count: 0
2026-06-24 23:16:57,510 | DEBUG | app.repos.application_repository | Final result count: 0
2026-06-24 23:16:57,510 | DEBUG | app.repos.application_repository | Final results: []
2026-06-24 23:16:57,554 | DEBUG | app.repos.application_repository | Base count: 0
2026-06-24 23:16:57,556 | DEBUG | app.repos.application_repository | Final result count: 0
2026-06-24 23:16:57,556 | DEBUG | app.repos.application_repository | Final results: []
2026-06-25 21:21:39,534 | DEBUG | app.repos.application_repository | Base count: 0
2026-06-25 21:21:39,546 | DEBUG | app.repos.application_repository | Final result count: 0
2026-06-25 21:21:39,550 | DEBUG | app.repos.application_repository | Final results: []
2026-06-25 21:21:39,707 | DEBUG | app.repos.application_repository | Base count: 0
2026-06-25 21:21:39,710 | DEBUG | app.repos.application_repository | Final result count: 0
2026-06-25 21:21:39,710 | DEBUG | app.repos.application_repository | Final results: []
2026-06-25 21:22:13,825 | DEBUG | app.repos.application_repository | Base count: 0
2026-06-25 21:22:13,828 | DEBUG | app.repos.application_repository | Final result count: 0
2026-06-25 21:22:13,830 | DEBUG | app.repos.application_repository | Final results: []
2026-06-25 21:22:13,871 | DEBUG | app.repos.application_repository | Base count: 0
2026-06-25 21:22:13,873 | DEBUG | app.repos.application_repository | Final result count: 0
2026-06-25 21:22:13,873 | DEBUG | app.repos.application_repository | Final results: []
2026-06-25 21:22:18,595 | DEBUG | app.repos.application_repository | Base count: 0
2026-06-25 21:22:18,600 | DEBUG | app.repos.application_repository | Final result count: 0
2026-06-25 21:22:18,600 | DEBUG | app.repos.application_repository | Final results: []
2026-06-25 21:22:18,618 | DEBUG | app.repos.application_repository | Base count: 0
2026-06-25 21:22:18,624 | DEBUG | app.repos.application_repository | Final result count: 0
2026-06-25 21:22:18,624 | DEBUG | app.repos.application_repository | Final results: []
2026-06-25 23:20:57,794 | DEBUG | app.repos.application_repository | Base count: 0
2026-06-25 23:20:57,803 | DEBUG | app.repos.application_repository | Final result count: 0
2026-06-25 23:20:57,803 | DEBUG | app.repos.application_repository | Final results: []
2026-06-25 23:20:57,823 | DEBUG | app.repos.application_repository | Base count: 0
2026-06-25 23:20:57,824 | DEBUG | app.repos.application_repository | Final result count: 0
2026-06-25 23:20:57,826 | DEBUG | app.repos.application_repository | Final results: []
2026-06-25 23:21:05,146 | DEBUG | app.repos.application_repository | Base count: 0
2026-06-25 23:21:05,148 | DEBUG | app.repos.application_repository | Final result count: 0
2026-06-25 23:21:05,150 | DEBUG | app.repos.application_repository | Final results: []
2026-06-25 23:21:05,172 | DEBUG | app.repos.application_repository | Base count: 0
2026-06-25 23:21:05,175 | DEBUG | app.repos.application_repository | Final result count: 0
2026-06-25 23:21:05,177 | DEBUG | app.repos.application_repository | Final results: []
2026-06-25 23:22:30,930 | DEBUG | app.services.application_service | Company Name: Ubisoft
2026-06-25 23:22:30,945 | DEBUG | app.services.application_service | Company Found: None
2026-06-25 23:22:30,977 | DEBUG | app.services.application_service | company CREATED: ID is 1, name=Ubisoft
2026-06-25 23:22:30,977 | DEBUG | app.services.application_service | FINAL APPLICATION DATA: {'role': 'Lead Game Designer', 'status': <ApplicationStatus.INTERVIEW: 'interview'>, 'location': 'Sweden', 'job_url': '', 'notes': 'This is a lead game designer role for an entry level director.', 'company_id': 1, 'user_id': 2}
2026-06-25 23:22:30,977 | DEBUG | app.repos.application_repository | Repository application before add: <app.models.application.Application object at 0x00000149C064DCD0>
2026-06-25 23:22:30,977 | DEBUG | app.repos.application_repository | has company_name property: False
2026-06-25 23:22:31,011 | DEBUG | app.repos.application_repository | Repository application after refresh: <app.models.application.Application object at 0x00000149C064DCD0>
2026-06-25 23:22:31,016 | DEBUG | app.repos.application_repository | Company relation refresh after refresh: <app.models.company.Company object at 0x00000149C08C7850>
2026-06-25 23:22:31,016 | DEBUG | app.repos.application_repository | company name after refresh: Ubisoft
2026-06-25 23:22:31,016 | DEBUG | app.services.application_service | Application company ID: 1
2026-06-25 23:22:31,016 | DEBUG | app.services.application_service | Application name attr: Ubisoft
2026-06-25 23:22:31,016 | DEBUG | app.api.applications | Route result: <app.models.application.Application object at 0x00000149C064DCD0>
2026-06-25 23:22:31,016 | DEBUG | app.api.applications | Route result dictionary: {'_sa_instance_state': <sqlalchemy.orm.state.InstanceState object at 0x00000149C0F447D0>, 'id': 1, 'role': 'Lead Game Designer', 'status': <ApplicationStatus.INTERVIEW: 'interview'>, 'created_at': datetime.datetime(2026, 6, 25, 21, 22, 30, 977078, tzinfo=zoneinfo.ZoneInfo(key='Africa/Johannesburg')), 'follow_up_date': None, 'user_id': 2, 'location': 'Sweden', 'job_url': '', 'updated_at': datetime.datetime(2026, 6, 25, 21, 22, 30, 977078, tzinfo=zoneinfo.ZoneInfo(key='Africa/Johannesburg')), 'deadline': None, 'notes': 'This is a lead game designer role for an entry level director.', 'company_id': 1, 'company': <app.models.company.Company object at 0x00000149C08C7850>}
2026-06-25 23:22:31,016 | DEBUG | app.api.applications | Route company: <app.models.company.Company object at 0x00000149C08C7850>
2026-06-25 23:22:31,016 | DEBUG | app.api.applications | Route company_name: Ubisoft
2026-06-25 23:22:31,074 | DEBUG | app.repos.application_repository | Base count: 1
2026-06-25 23:22:31,078 | DEBUG | app.repos.application_repository | Final result count: 1
2026-06-25 23:22:31,081 | DEBUG | app.repos.application_repository | Final results: ['Ubisoft']
2026-06-25 23:22:37,143 | DEBUG | app.repos.application_repository | Base count: 1
2026-06-25 23:22:37,147 | DEBUG | app.repos.application_repository | Final result count: 1
2026-06-25 23:22:37,149 | DEBUG | app.repos.application_repository | Final results: ['Ubisoft']
2026-06-25 23:22:37,170 | DEBUG | app.repos.application_repository | Base count: 1
2026-06-25 23:22:37,172 | DEBUG | app.repos.application_repository | Final result count: 1
2026-06-25 23:22:37,175 | DEBUG | app.repos.application_repository | Final results: ['Ubisoft']
2026-06-25 23:24:16,983 | DEBUG | app.repos.application_repository | Get by user and id result: <app.models.application.Application object at 0x00000149C0F776D0>
2026-06-25 23:32:42,917 | DEBUG | app.repos.application_repository | Get by user and id result: <app.models.application.Application object at 0x00000227889CA750>
2026-06-25 23:59:22,765 | DEBUG | app.repos.application_repository | Base count: 1
2026-06-25 23:59:22,771 | DEBUG | app.repos.application_repository | Final result count: 1
2026-06-25 23:59:22,797 | DEBUG | app.repos.application_repository | Final results: ['Ubisoft']
2026-06-25 23:59:22,839 | DEBUG | app.repos.application_repository | Base count: 1
2026-06-25 23:59:22,843 | DEBUG | app.repos.application_repository | Final result count: 1
2026-06-25 23:59:22,845 | DEBUG | app.repos.application_repository | Final results: ['Ubisoft']
2026-06-26 00:01:18,676 | DEBUG | app.repos.application_repository | Get by user and id result: <app.models.application.Application object at 0x0000025106E42190>
2026-06-26 00:53:06,650 | DEBUG | app.repos.application_repository | Base count: 1
2026-06-26 00:53:06,658 | DEBUG | app.repos.application_repository | Final result count: 1
2026-06-26 00:53:06,672 | DEBUG | app.repos.application_repository | Final results: ['Ubisoft']
2026-06-26 00:53:06,894 | DEBUG | app.repos.application_repository | Base count: 1
2026-06-26 00:53:06,897 | DEBUG | app.repos.application_repository | Final result count: 1
2026-06-26 00:53:06,899 | DEBUG | app.repos.application_repository | Final results: ['Ubisoft']
2026-06-26 00:53:57,660 | DEBUG | app.repos.application_repository | Get by user and id result: <app.models.application.Application object at 0x000001957C4C1610>
2026-06-26 01:05:08,506 | DEBUG | app.repos.application_repository | Base count: 1
2026-06-26 01:05:08,512 | DEBUG | app.repos.application_repository | Final result count: 1
2026-06-26 01:05:08,524 | DEBUG | app.repos.application_repository | Final results: ['Ubisoft']
2026-06-26 01:05:08,639 | DEBUG | app.repos.application_repository | Base count: 1
2026-06-26 01:05:08,642 | DEBUG | app.repos.application_repository | Final result count: 1
2026-06-26 01:05:08,647 | DEBUG | app.repos.application_repository | Final results: ['Ubisoft']
2026-06-26 01:05:14,605 | DEBUG | app.repos.application_repository | Base count: 1
2026-06-26 01:05:14,610 | DEBUG | app.repos.application_repository | Final result count: 1
2026-06-26 01:05:14,618 | DEBUG | app.repos.application_repository | Final results: ['Ubisoft']
2026-06-26 01:05:14,634 | DEBUG | app.repos.application_repository | Base count: 1
2026-06-26 01:05:14,641 | DEBUG | app.repos.application_repository | Final result count: 1
2026-06-26 01:05:14,643 | DEBUG | app.repos.application_repository | Final results: ['Ubisoft']
2026-06-26 01:05:58,939 | DEBUG | app.repos.application_repository | Get by user and id result: <app.models.application.Application object at 0x000001CEDFBD3E10>
2026-06-26 09:43:06,707 | DEBUG | app.repos.application_repository | Base count: 1
2026-06-26 09:43:06,707 | DEBUG | app.repos.application_repository | Final result count: 1
2026-06-26 09:43:06,725 | DEBUG | app.repos.application_repository | Final results: ['Ubisoft']
2026-06-26 09:43:06,746 | DEBUG | app.repos.application_repository | Base count: 1
2026-06-26 09:43:06,749 | DEBUG | app.repos.application_repository | Final result count: 1
2026-06-26 09:43:06,759 | DEBUG | app.repos.application_repository | Final results: ['Ubisoft']
2026-06-26 09:44:11,456 | DEBUG | app.repos.application_repository | Get by user and id result: <app.models.application.Application object at 0x000001AECCC5C6D0>
2026-06-26 20:20:41,298 | DEBUG | app.repos.application_repository | Base count: 0
2026-06-26 20:20:41,307 | DEBUG | app.repos.application_repository | Final result count: 0
2026-06-26 20:20:41,307 | DEBUG | app.repos.application_repository | Final results: []
2026-06-26 20:20:41,340 | DEBUG | app.repos.application_repository | Base count: 0
2026-06-26 20:20:41,350 | DEBUG | app.repos.application_repository | Final result count: 0
2026-06-26 20:20:41,352 | DEBUG | app.repos.application_repository | Final results: []
2026-06-26 20:21:35,975 | DEBUG | app.services.application_service | Company Name: Google
2026-06-26 20:21:36,000 | DEBUG | app.services.application_service | Company Found: None
2026-06-26 20:21:36,020 | DEBUG | app.services.application_service | company CREATED: ID is 2, name=Google
2026-06-26 20:21:36,020 | DEBUG | app.services.application_service | FINAL APPLICATION DATA: {'role': 'Entry level Software Engineer', 'status': <ApplicationStatus.WISHLIST: 'wishlist'>, 'location': 'Remote, UK', 'job_url': 'https://linkedin.com', 'notes': 'This is a temporary job position', 'company_id': 2, 'user_id': 3}
2026-06-26 20:21:36,020 | DEBUG | app.repos.application_repository | Repository application before add: <app.models.application.Application object at 0x0000017E7063F310>
2026-06-26 20:21:36,020 | DEBUG | app.repos.application_repository | has company_name property: False
2026-06-26 20:21:36,044 | DEBUG | app.repos.application_repository | Repository application after refresh: <app.models.application.Application object at 0x0000017E7063F310>
2026-06-26 20:21:36,049 | DEBUG | app.repos.application_repository | Company relation refresh after refresh: <app.models.company.Company object at 0x0000017E7063D490>
2026-06-26 20:21:36,051 | DEBUG | app.repos.application_repository | company name after refresh: Google
2026-06-26 20:21:36,051 | DEBUG | app.services.application_service | Application company ID: 2
2026-06-26 20:21:36,051 | DEBUG | app.services.application_service | Application name attr: Google
2026-06-26 20:21:36,051 | DEBUG | app.api.applications | Route result: <app.models.application.Application object at 0x0000017E7063F310>
2026-06-26 20:21:36,051 | DEBUG | app.api.applications | Route result dictionary: {'_sa_instance_state': <sqlalchemy.orm.state.InstanceState object at 0x0000017E70649070>, 'id': 2, 'status': <ApplicationStatus.WISHLIST: 'wishlist'>, 'job_url': 'https://linkedin.com', 'updated_at': datetime.datetime(2026, 6, 26, 18, 21, 36, 26046, tzinfo=zoneinfo.ZoneInfo(key='Africa/Johannesburg')), 'follow_up_date': None, 'user_id': 3, 'role': 'Entry level Software Engineer', 'location': 'Remote, UK', 'created_at': datetime.datetime(2026, 6, 26, 18, 21, 36, 26046, tzinfo=zoneinfo.ZoneInfo(key='Africa/Johannesburg')), 'deadline': None, 'notes': 'This is a temporary job position', 'company_id': 2, 'company': <app.models.company.Company object at 0x0000017E7063D490>}
2026-06-26 20:21:36,051 | DEBUG | app.api.applications | Route company: <app.models.company.Company object at 0x0000017E7063D490>
2026-06-26 20:21:36,051 | DEBUG | app.api.applications | Route company_name: Google
2026-06-26 20:21:36,159 | DEBUG | app.repos.application_repository | Base count: 1
2026-06-26 20:21:36,161 | DEBUG | app.repos.application_repository | Final result count: 1
2026-06-26 20:21:36,190 | DEBUG | app.repos.application_repository | Final results: ['Google']
2026-06-26 20:21:51,338 | DEBUG | app.repos.application_repository | Get by user and id result: <app.models.application.Application object at 0x0000017E7068CD10>
2026-06-26 20:21:51,518 | DEBUG | app.repos.application_repository | Base count: 1
2026-06-26 20:21:51,521 | DEBUG | app.repos.application_repository | Final result count: 1
2026-06-26 20:21:51,525 | DEBUG | app.repos.application_repository | Final results: ['Google']
2026-06-26 20:21:54,861 | DEBUG | app.repos.application_repository | Base count: 1
2026-06-26 20:21:54,866 | DEBUG | app.repos.application_repository | Final result count: 1
2026-06-26 20:21:54,868 | DEBUG | app.repos.application_repository | Final results: ['Google']
2026-06-26 20:21:55,002 | DEBUG | app.repos.application_repository | Base count: 1
2026-06-26 20:21:55,031 | DEBUG | app.repos.application_repository | Final result count: 1
2026-06-26 20:21:55,031 | DEBUG | app.repos.application_repository | Final results: ['Google']
2026-06-26 20:22:38,290 | DEBUG | app.repos.application_repository | Get by user and id result: <app.models.application.Application object at 0x0000017E70695D10>
2026-06-28 15:42:55,892 | DEBUG | app.repos.application_repository | Base count: 1
2026-06-28 15:42:55,898 | DEBUG | app.repos.application_repository | Final result count: 1
2026-06-28 15:42:55,915 | DEBUG | app.repos.application_repository | Final results: ['Google']
2026-06-28 15:42:55,950 | DEBUG | app.repos.application_repository | Base count: 1
2026-06-28 15:42:55,950 | DEBUG | app.repos.application_repository | Final result count: 1
2026-06-28 15:42:55,956 | DEBUG | app.repos.application_repository | Final results: ['Google']
2026-06-28 15:45:55,938 | DEBUG | app.repos.application_repository | Base count: 1
2026-06-28 15:45:55,944 | DEBUG | app.repos.application_repository | Final result count: 1
2026-06-28 15:45:55,948 | DEBUG | app.repos.application_repository | Final results: ['Google']
2026-06-28 15:45:56,032 | DEBUG | app.repos.application_repository | Base count: 1
2026-06-28 15:45:56,034 | DEBUG | app.repos.application_repository | Final result count: 1
2026-06-28 15:45:56,038 | DEBUG | app.repos.application_repository | Final results: ['Google']
2026-06-28 15:49:20,986 | DEBUG | app.repos.application_repository | Base count: 1
2026-06-28 15:49:20,988 | DEBUG | app.repos.application_repository | Final result count: 1
2026-06-28 15:49:20,990 | DEBUG | app.repos.application_repository | Final results: ['Google']
2026-06-28 15:49:21,123 | DEBUG | app.repos.application_repository | Base count: 1
2026-06-28 15:49:21,125 | DEBUG | app.repos.application_repository | Final result count: 1
2026-06-28 15:49:21,129 | DEBUG | app.repos.application_repository | Final results: ['Google']
2026-06-28 15:49:23,889 | DEBUG | app.repos.application_repository | Base count: 1
2026-06-28 15:49:23,891 | DEBUG | app.repos.application_repository | Final result count: 1
2026-06-28 15:49:23,895 | DEBUG | app.repos.application_repository | Final results: ['Google']
2026-06-28 15:49:23,973 | DEBUG | app.repos.application_repository | Base count: 1
2026-06-28 15:49:23,979 | DEBUG | app.repos.application_repository | Final result count: 1
2026-06-28 15:49:23,985 | DEBUG | app.repos.application_repository | Final results: ['Google']
2026-06-28 15:49:25,684 | DEBUG | app.repos.application_repository | Base count: 1
2026-06-28 15:49:25,687 | DEBUG | app.repos.application_repository | Final result count: 1
2026-06-28 15:49:25,692 | DEBUG | app.repos.application_repository | Final results: ['Google']
2026-06-28 15:49:25,740 | DEBUG | app.repos.application_repository | Base count: 1
2026-06-28 15:49:25,745 | DEBUG | app.repos.application_repository | Final result count: 1
2026-06-28 15:49:25,746 | DEBUG | app.repos.application_repository | Final results: ['Google']
2026-06-28 15:49:33,667 | DEBUG | app.repos.application_repository | Base count: 1
2026-06-28 15:49:33,674 | DEBUG | app.repos.application_repository | Final result count: 1
2026-06-28 15:49:33,677 | DEBUG | app.repos.application_repository | Final results: ['Google']
2026-06-28 15:49:33,725 | DEBUG | app.repos.application_repository | Base count: 1
2026-06-28 15:49:33,727 | DEBUG | app.repos.application_repository | Final result count: 1
2026-06-28 15:49:33,729 | DEBUG | app.repos.application_repository | Final results: ['Google']
2026-06-28 15:50:05,816 | DEBUG | app.repos.application_repository | Base count: 1
2026-06-28 15:50:05,820 | DEBUG | app.repos.application_repository | Final result count: 1
2026-06-28 15:50:05,822 | DEBUG | app.repos.application_repository | Final results: ['Google']
2026-06-28 15:50:05,912 | DEBUG | app.repos.application_repository | Base count: 1
2026-06-28 15:50:05,918 | DEBUG | app.repos.application_repository | Final result count: 1
2026-06-28 15:50:05,920 | DEBUG | app.repos.application_repository | Final results: ['Google']
2026-06-28 15:51:02,010 | DEBUG | app.repos.application_repository | Base count: 1
2026-06-28 15:51:02,012 | DEBUG | app.repos.application_repository | Final result count: 1
2026-06-28 15:51:02,018 | DEBUG | app.repos.application_repository | Final results: ['Google']
2026-06-28 15:51:02,198 | DEBUG | app.repos.application_repository | Base count: 1
2026-06-28 15:51:02,200 | DEBUG | app.repos.application_repository | Final result count: 1
2026-06-28 15:51:02,202 | DEBUG | app.repos.application_repository | Final results: ['Google']
2026-06-28 16:44:40,283 | DEBUG | app.repos.application_repository | Base count: 1
2026-06-28 16:44:40,285 | DEBUG | app.repos.application_repository | Final result count: 1
2026-06-28 16:44:40,290 | DEBUG | app.repos.application_repository | Final results: ['Google']
2026-06-28 16:44:40,370 | DEBUG | app.repos.application_repository | Base count: 1
2026-06-28 16:44:40,374 | DEBUG | app.repos.application_repository | Final result count: 1
2026-06-28 16:44:40,383 | DEBUG | app.repos.application_repository | Final results: ['Google']
2026-06-28 16:49:39,783 | DEBUG | app.repos.application_repository | Base count: 1
2026-06-28 16:49:39,789 | DEBUG | app.repos.application_repository | Final result count: 1
2026-06-28 16:49:39,794 | DEBUG | app.repos.application_repository | Final results: ['Google']
2026-06-28 16:49:39,815 | DEBUG | app.repos.application_repository | Base count: 1
2026-06-28 16:49:39,817 | DEBUG | app.repos.application_repository | Final result count: 1
2026-06-28 16:49:39,818 | DEBUG | app.repos.application_repository | Final results: ['Google']
2026-06-28 16:49:42,706 | DEBUG | app.repos.application_repository | Base count: 1
2026-06-28 16:49:42,710 | DEBUG | app.repos.application_repository | Final result count: 1
2026-06-28 16:49:42,712 | DEBUG | app.repos.application_repository | Final results: ['Google']
2026-06-28 16:49:42,765 | DEBUG | app.repos.application_repository | Base count: 1
2026-06-28 16:49:42,769 | DEBUG | app.repos.application_repository | Final result count: 1
2026-06-28 16:49:42,774 | DEBUG | app.repos.application_repository | Final results: ['Google']
2026-06-28 16:49:48,655 | DEBUG | app.repos.application_repository | Base count: 1
2026-06-28 16:49:48,657 | DEBUG | app.repos.application_repository | Final result count: 1
2026-06-28 16:49:48,659 | DEBUG | app.repos.application_repository | Final results: ['Google']
2026-06-28 16:49:48,720 | DEBUG | app.repos.application_repository | Base count: 1
2026-06-28 16:49:48,723 | DEBUG | app.repos.application_repository | Final result count: 1
2026-06-28 16:49:48,726 | DEBUG | app.repos.application_repository | Final results: ['Google']
2026-06-28 16:49:53,660 | DEBUG | app.repos.application_repository | Base count: 1
2026-06-28 16:49:53,664 | DEBUG | app.repos.application_repository | Final result count: 1
2026-06-28 16:49:53,666 | DEBUG | app.repos.application_repository | Final results: ['Google']
2026-06-28 16:49:53,703 | DEBUG | app.repos.application_repository | Base count: 1
2026-06-28 16:49:53,707 | DEBUG | app.repos.application_repository | Final result count: 1
2026-06-28 16:49:53,709 | DEBUG | app.repos.application_repository | Final results: ['Google']
2026-06-28 16:50:14,246 | DEBUG | app.repos.application_repository | Base count: 1
2026-06-28 16:50:14,251 | DEBUG | app.repos.application_repository | Final result count: 1
2026-06-28 16:50:14,253 | DEBUG | app.repos.application_repository | Final results: ['Google']
2026-06-28 16:50:14,323 | DEBUG | app.repos.application_repository | Base count: 1
2026-06-28 16:50:14,327 | DEBUG | app.repos.application_repository | Final result count: 1
2026-06-28 16:50:14,329 | DEBUG | app.repos.application_repository | Final results: ['Google']
2026-06-28 16:50:29,672 | DEBUG | app.repos.application_repository | Base count: 1
2026-06-28 16:50:29,675 | DEBUG | app.repos.application_repository | Final result count: 1
2026-06-28 16:50:29,677 | DEBUG | app.repos.application_repository | Final results: ['Google']
2026-06-28 16:50:29,724 | DEBUG | app.repos.application_repository | Base count: 1
2026-06-28 16:50:29,728 | DEBUG | app.repos.application_repository | Final result count: 1
2026-06-28 16:50:29,730 | DEBUG | app.repos.application_repository | Final results: ['Google']
2026-06-28 16:52:34,480 | DEBUG | app.repos.application_repository | Base count: 1
2026-06-28 16:52:34,482 | DEBUG | app.repos.application_repository | Final result count: 1
2026-06-28 16:52:34,486 | DEBUG | app.repos.application_repository | Final results: ['Google']
2026-06-28 16:52:34,549 | DEBUG | app.repos.application_repository | Base count: 1
2026-06-28 16:52:34,556 | DEBUG | app.repos.application_repository | Final result count: 1
2026-06-28 16:52:34,559 | DEBUG | app.repos.application_repository | Final results: ['Google']
2026-07-12 22:43:49,648 | DEBUG | app.repos.application_repository | Base count: 1
2026-07-12 22:43:49,667 | DEBUG | app.repos.application_repository | Final result count: 1
2026-07-12 22:43:49,674 | DEBUG | app.repos.application_repository | Final results: ['Google']
2026-07-12 22:43:49,734 | DEBUG | app.repos.application_repository | Base count: 1
2026-07-12 22:43:49,746 | DEBUG | app.repos.application_repository | Final result count: 1
2026-07-12 22:43:49,756 | DEBUG | app.repos.application_repository | Final results: ['Google']
2026-07-12 23:25:34,775 | DEBUG | app.repos.application_repository | Base count: 1
2026-07-12 23:25:34,779 | DEBUG | app.repos.application_repository | Final result count: 1
2026-07-12 23:25:34,786 | DEBUG | app.repos.application_repository | Final results: ['Google']
2026-07-12 23:25:34,919 | DEBUG | app.repos.application_repository | Base count: 1
2026-07-12 23:25:34,932 | DEBUG | app.repos.application_repository | Final result count: 1
2026-07-12 23:25:34,944 | DEBUG | app.repos.application_repository | Final results: ['Google']
2026-07-12 23:25:56,327 | DEBUG | app.repos.application_repository | Base count: 1
2026-07-12 23:25:56,327 | DEBUG | app.repos.application_repository | Final result count: 1
2026-07-12 23:25:56,327 | DEBUG | app.repos.application_repository | Final results: ['Google']
2026-07-12 23:25:56,346 | DEBUG | app.repos.application_repository | Base count: 1
2026-07-12 23:25:56,351 | DEBUG | app.repos.application_repository | Final result count: 1
2026-07-12 23:25:56,351 | DEBUG | app.repos.application_repository | Final results: ['Google']
